"title"	"description"	"keywords"	"reward"	"creationtime"	"assignments"	"numavailable"	"numpending"	"numcomplete"	"hitstatus"	"reviewstatus"	"annotation"	"assignmentduration"	"autoapprovaldelay"	"hitlifetime"	"workerid"	"assignmentstatus"	"deadline"	"Answer.item"	"Answer.target_property"	"Answer.target_position"	"Answer.target_frequency"	"Answer.familiarization_cond"	"Answer.participant_response_type_condition"	"Answer.participant_feature_count_condition"	"Answer.linguistic_framing_condition"	"Answer.target_filler_sequence_condition"	"Answer.question_type_condition"	"Answer.manip_check_target"	"Answer.manip_check_dist"	"Answer.manip_check_foil"	"Answer.name_check_correct"	"Answer.choice"	"Answer.choice_correct"	"Answer.money_allocated_to_foil"	"Answer.money_allocated_to_target"	"Answer.money_allocated_to_logical"	"Answer.Likert_value_foil"	"Answer.Likert_value_target"	"Answer.Likert_value_logical"	"Answer.about"	"Answer.comment"	"Answer.age"	"Answer.gender"	"Answer.scale_and_levels_condition"	"Answer.familiarization_present_in_study"	"Answer.top_question_order"	"Answer.middle_question_order"	"Answer.bottom_question_order"	"Answer.image_version"	"Answer.hand_position"
"What is he talking about? (1-2 mins)"	"Short and fun! A 1-2 minute word game about what someone is talking about."	"experiment, psychology, game"	"$0.20"	"Wed Jan 14 14:14:59 PST 2015"	"100"	"0"	"0"	"100"	"Reviewable"	"NotReviewed"	"1 scales"	"600"	"60000"	"Wed Jan 21 14:14:59 PST 2015"	"S91809"	"Approved"	""	"""pizza"""	"""olives"""	"""middle"""	"0"	"-1"	"0"	"1"	"13"	"0"	"0"	"""2"""	"""1"""	"-1"	"""TRUE"""	"""target"""	"""TRUE"""	"-1"	"-1"	"-1"	"-1"	"-1"	"-1"	"""pizza"""	"""great hit"""	"""23"""	"""male"""	"1"	"0"	"0"	"2"	"1"	"""3"""	"-1"
"What is he talking about? (1-2 mins)"	"Short and fun! A 1-2 minute word game about what someone is talking about."	"experiment, psychology, game"	"$0.20"	"Wed Jan 14 14:14:59 PST 2015"	"100"	"0"	"0"	"100"	"Reviewable"	"NotReviewed"	"1 scales"	"600"	"60000"	"Wed Jan 21 14:14:59 PST 2015"	"S24716"	"Approved"	""	"""sundae"""	"""chocolate"""	"""middle"""	"0"	"-1"	"0"	"1"	"13"	"0"	"0"	"""2"""	"""1"""	"-1"	"""TRUE"""	"""logical"""	"""FALSE"""	"-1"	"-1"	"-1"	"-1"	"-1"	"-1"	"""no idea"""	"""no"""	"""40"""	"""m"""	"1"	"0"	"1"	"2"	"0"	"""3"""	"-1"
"What is he talking about? (1-2 mins)"	"Short and fun! A 1-2 minute word game about what someone is talking about."	"experiment, psychology, game"	"$0.20"	"Wed Jan 14 14:14:59 PST 2015"	"100"	"0"	"0"	"100"	"Reviewable"	"NotReviewed"	"1 scales"	"600"	"60000"	"Wed Jan 21 14:14:59 PST 2015"	"S81602"	"Approved"	""	"""pizza"""	"""olives"""	"""left"""	"0"	"-1"	"0"	"1"	"1"	"0"	"0"	"""2"""	"""1"""	"-1"	"""TRUE"""	"""target"""	"""TRUE"""	"-1"	"-1"	"-1"	"-1"	"-1"	"-1"	"""pizza"""	""""""	"""26"""	"""m"""	"1"	"0"	"1"	"2"	"0"	"""3"""	"-1"
"What is he talking about? (1-2 mins)"	"Short and fun! A 1-2 minute word game about what someone is talking about."	"experiment, psychology, game"	"$0.20"	"Wed Jan 14 14:14:59 PST 2015"	"100"	"0"	"0"	"100"	"Reviewable"	"NotReviewed"	"1 scales"	"600"	"60000"	"Wed Jan 21 14:14:59 PST 2015"	"S88850"	"Approved"	""	"""pizza"""	"""olives"""	"""middle"""	"0"	"-1"	"0"	"1"	"1"	"0"	"0"	"""2"""	"""1"""	"-1"	"""TRUE"""	"""target"""	"""TRUE"""	"-1"	"-1"	"-1"	"-1"	"-1"	"-1"	"""Trying to determine which pizza Bob is talking about with a single word he says."""	"""Everything went well, thank you."""	"""28"""	"""m"""	"1"	"0"	"1"	"2"	"0"	"""3"""	"-1"
"What is he talking about? (1-2 mins)"	"Short and fun! A 1-2 minute word game about what someone is talking about."	"experiment, psychology, game"	"$0.20"	"Wed Jan 14 14:14:59 PST 2015"	"100"	"0"	"0"	"100"	"Reviewable"	"NotReviewed"	"1 scales"	"600"	"60000"	"Wed Jan 21 14:14:59 PST 2015"	"S90827"	"Approved"	""	"""snowman"""	"""scarf"""	"""middle"""	"0"	"-1"	"0"	"1"	"13"	"0"	"0"	"""2"""	"""1"""	"-1"	"""TRUE"""	"""target"""	"""TRUE"""	"-1"	"-1"	"-1"	"-1"	"-1"	"-1"	"""Interpretation of people's sentences."""	"""Thank you very much!"""	"""21"""	"""f"""	"1"	"0"	"2"	"1"	"0"	"""3"""	"-1"
"What is he talking about? (1-2 mins)"	"Short and fun! A 1-2 minute word game about what someone is talking about."	"experiment, psychology, game"	"$0.20"	"Wed Jan 14 14:14:59 PST 2015"	"100"	"0"	"0"	"100"	"Reviewable"	"NotReviewed"	"1 scales"	"600"	"60000"	"Wed Jan 21 14:14:59 PST 2015"	"S08331"	"Approved"	""	"""boat"""	"""motor"""	"""right"""	"0"	"-1"	"0"	"1"	"13"	"0"	"0"	"""2"""	"""1"""	"-1"	"""TRUE"""	"""target"""	"""TRUE"""	"-1"	"-1"	"-1"	"-1"	"-1"	"-1"	"""no idea!"""	"""no"""	""""""	"""m"""	"1"	"0"	"0"	"1"	"2"	"""3"""	"-1"
"What is he talking about? (1-2 mins)"	"Short and fun! A 1-2 minute word game about what someone is talking about."	"experiment, psychology, game"	"$0.20"	"Wed Jan 14 14:14:59 PST 2015"	"100"	"0"	"0"	"100"	"Reviewable"	"NotReviewed"	"1 scales"	"600"	"60000"	"Wed Jan 21 14:14:59 PST 2015"	"S29127"	"Approved"	""	"""boat"""	"""sail"""	"""middle"""	"0"	"-1"	"0"	"1"	"1"	"0"	"0"	"""2"""	"""3"""	"-1"	"""TRUE"""	"""target"""	"""TRUE"""	"-1"	"-1"	"-1"	"-1"	"-1"	"-1"	"""sailboats"""	"""no"""	"""34"""	"""f"""	"1"	"0"	"2"	"0"	"1"	"""3"""	"-1"
"What is he talking about? (1-2 mins)"	"Short and fun! A 1-2 minute word game about what someone is talking about."	"experiment, psychology, game"	"$0.20"	"Wed Jan 14 14:14:59 PST 2015"	"100"	"0"	"0"	"100"	"Reviewable"	"NotReviewed"	"1 scales"	"600"	"60000"	"Wed Jan 21 14:14:59 PST 2015"	"S01311"	"Approved"	""	"""friend"""	"""mustache"""	"""left"""	"0"	"-1"	"0"	"1"	"1"	"0"	"0"	"""2"""	"""1"""	"-1"	"""TRUE"""	"""target"""	"""TRUE"""	"-1"	"-1"	"-1"	"-1"	"-1"	"-1"	"""communication"""	"""no"""	"""25"""	"""m"""	"1"	"0"	"1"	"0"	"2"	"""3"""	"-1"
"What is he talking about? (1-2 mins)"	"Short and fun! A 1-2 minute word game about what someone is talking about."	"experiment, psychology, game"	"$0.20"	"Wed Jan 14 14:14:59 PST 2015"	"100"	"0"	"0"	"100"	"Reviewable"	"NotReviewed"	"1 scales"	"600"	"60000"	"Wed Jan 21 14:14:59 PST 2015"	"S06235"	"Approved"	""	"""friend"""	"""mustache"""	"""middle"""	"0"	"-1"	"0"	"1"	"13"	"0"	"0"	"""2"""	"""1"""	"-1"	"""FALSE"""	"""target"""	"""TRUE"""	"-1"	"-1"	"-1"	"-1"	"-1"	"-1"	"""Friends"""	"""No. Thanks."""	"""35"""	"""m"""	"1"	"0"	"0"	"1"	"2"	"""3"""	"-1"
"What is he talking about? (1-2 mins)"	"Short and fun! A 1-2 minute word game about what someone is talking about."	"experiment, psychology, game"	"$0.20"	"Wed Jan 14 14:14:59 PST 2015"	"100"	"0"	"0"	"100"	"Reviewable"	"NotReviewed"	"1 scales"	"600"	"60000"	"Wed Jan 21 14:14:59 PST 2015"	"S45126"	"Approved"	""	"""boat"""	"""motor"""	"""middle"""	"0"	"-1"	"0"	"1"	"13"	"0"	"0"	"""2"""	"""1"""	"-1"	"""TRUE"""	"""target"""	"""TRUE"""	"-1"	"-1"	"-1"	"-1"	"-1"	"-1"	"""BOB  AND HIS BOAT"""	""""""	"""52"""	"""f"""	"1"	"0"	"0"	"1"	"2"	"""3"""	"-1"
"What is he talking about? (1-2 mins)"	"Short and fun! A 1-2 minute word game about what someone is talking about."	"experiment, psychology, game"	"$0.20"	"Wed Jan 14 14:14:59 PST 2015"	"100"	"0"	"0"	"100"	"Reviewable"	"NotReviewed"	"1 scales"	"600"	"60000"	"Wed Jan 21 14:14:59 PST 2015"	"S17046"	"Approved"	""	"""boat"""	"""motor"""	"""left"""	"0"	"-1"	"0"	"1"	"1"	"0"	"0"	"""2"""	"""1"""	"-1"	"""TRUE"""	"""target"""	"""TRUE"""	"-1"	"-1"	"-1"	"-1"	"-1"	"-1"	"""identifing individuals"""	"""thank  you"""	"""21"""	"""m"""	"1"	"0"	"1"	"0"	"2"	"""3"""	"-1"
"What is he talking about? (1-2 mins)"	"Short and fun! A 1-2 minute word game about what someone is talking about."	"experiment, psychology, game"	"$0.20"	"Wed Jan 14 14:14:59 PST 2015"	"100"	"0"	"0"	"100"	"Reviewable"	"NotReviewed"	"1 scales"	"600"	"60000"	"Wed Jan 21 14:14:59 PST 2015"	"S54769"	"Approved"	""	"""Christmas tree"""	"""ornaments"""	"""left"""	"0"	"-1"	"0"	"1"	"1"	"0"	"0"	"""2"""	"""1"""	"-1"	"""FALSE"""	"""target"""	"""TRUE"""	"-1"	"-1"	"-1"	"-1"	"-1"	"-1"	"""Interpreting messages from very little information."""	"""nope."""	"""28"""	"""m"""	"1"	"0"	"1"	"0"	"2"	"""3"""	"-1"
"What is he talking about? (1-2 mins)"	"Short and fun! A 1-2 minute word game about what someone is talking about."	"experiment, psychology, game"	"$0.20"	"Wed Jan 14 14:14:59 PST 2015"	"100"	"0"	"0"	"100"	"Reviewable"	"NotReviewed"	"1 scales"	"600"	"60000"	"Wed Jan 21 14:14:59 PST 2015"	"S94586"	"Approved"	""	"""sundae"""	"""chocolate"""	"""left"""	"0"	"-1"	"0"	"1"	"1"	"0"	"0"	"""2"""	"""1"""	"-1"	"""TRUE"""	"""target"""	"""TRUE"""	"-1"	"-1"	"-1"	"-1"	"-1"	"-1"	"""sundaes"""	""""""	"""31"""	"""m"""	"1"	"0"	"1"	"2"	"0"	"""3"""	"-1"
"What is he talking about? (1-2 mins)"	"Short and fun! A 1-2 minute word game about what someone is talking about."	"experiment, psychology, game"	"$0.20"	"Wed Jan 14 14:14:59 PST 2015"	"100"	"0"	"0"	"100"	"Reviewable"	"NotReviewed"	"1 scales"	"600"	"60000"	"Wed Jan 21 14:14:59 PST 2015"	"S42197"	"Approved"	""	"""sundae"""	"""whipped cream"""	"""right"""	"0"	"-1"	"0"	"1"	"13"	"0"	"0"	"""2"""	"""1"""	"-1"	"""TRUE"""	"""target"""	"""TRUE"""	"-1"	"-1"	"-1"	"-1"	"-1"	"-1"	"""Picking out which icecream he was talking about"""	"""thanks!"""	"""24"""	"""female"""	"1"	"0"	"0"	"2"	"1"	"""3"""	"-1"
"What is he talking about? (1-2 mins)"	"Short and fun! A 1-2 minute word game about what someone is talking about."	"experiment, psychology, game"	"$0.20"	"Wed Jan 14 14:14:59 PST 2015"	"100"	"0"	"0"	"100"	"Reviewable"	"NotReviewed"	"1 scales"	"600"	"60000"	"Wed Jan 21 14:14:59 PST 2015"	"S70547"	"Approved"	""	"""pizza"""	"""peppers"""	"""left"""	"0"	"-1"	"0"	"1"	"1"	"0"	"0"	"""2"""	"""1"""	"-1"	"""TRUE"""	"""target"""	"""TRUE"""	"-1"	"-1"	"-1"	"-1"	"-1"	"-1"	"""Bob's Pizza preference"""	""""""	"""28"""	"""m"""	"1"	"0"	"0"	"2"	"1"	"""3"""	"-1"
"What is he talking about? (1-2 mins)"	"Short and fun! A 1-2 minute word game about what someone is talking about."	"experiment, psychology, game"	"$0.20"	"Wed Jan 14 14:14:59 PST 2015"	"100"	"0"	"0"	"100"	"Reviewable"	"NotReviewed"	"1 scales"	"600"	"60000"	"Wed Jan 21 14:14:59 PST 2015"	"S43299"	"Approved"	""	"""friend"""	"""mustache"""	"""left"""	"0"	"-1"	"0"	"1"	"13"	"0"	"0"	"""2"""	"""1"""	"-1"	"""TRUE"""	"""target"""	"""TRUE"""	"-1"	"-1"	"-1"	"-1"	"-1"	"-1"	"""Bob's friends. other than that, I am sorry, I don't know."""	""""""	""""""	"""female"""	"1"	"0"	"0"	"2"	"1"	"""3"""	"-1"
"What is he talking about? (1-2 mins)"	"Short and fun! A 1-2 minute word game about what someone is talking about."	"experiment, psychology, game"	"$0.20"	"Wed Jan 14 14:14:59 PST 2015"	"100"	"0"	"0"	"100"	"Reviewable"	"NotReviewed"	"1 scales"	"600"	"60000"	"Wed Jan 21 14:14:59 PST 2015"	"S13973"	"Approved"	""	"""pizza"""	"""olives"""	"""right"""	"0"	"-1"	"0"	"1"	"13"	"0"	"0"	"""2"""	"""1"""	"-1"	"""TRUE"""	"""target"""	"""TRUE"""	"-1"	"-1"	"-1"	"-1"	"-1"	"-1"	"""Bob's pizza topping preferences. And what I interpret them to mean."""	""""""	"""21"""	"""m"""	"1"	"0"	"1"	"2"	"0"	"""3"""	"-1"
"What is he talking about? (1-2 mins)"	"Short and fun! A 1-2 minute word game about what someone is talking about."	"experiment, psychology, game"	"$0.20"	"Wed Jan 14 14:14:59 PST 2015"	"100"	"0"	"0"	"100"	"Reviewable"	"NotReviewed"	"1 scales"	"600"	"60000"	"Wed Jan 21 14:14:59 PST 2015"	"S71692"	"Approved"	""	"""Christmas tree"""	"""star"""	"""right"""	"0"	"-1"	"0"	"1"	"1"	"0"	"0"	"""2"""	"""1"""	"-1"	"""TRUE"""	"""logical"""	"""FALSE"""	"-1"	"-1"	"-1"	"-1"	"-1"	"-1"	"""Bob likes to trim Christmas trees but can only say one word \""star\"""""	"""No"""	"""62"""	"""f"""	"1"	"0"	"0"	"2"	"1"	"""3"""	"-1"
"What is he talking about? (1-2 mins)"	"Short and fun! A 1-2 minute word game about what someone is talking about."	"experiment, psychology, game"	"$0.20"	"Wed Jan 14 14:14:59 PST 2015"	"100"	"0"	"0"	"100"	"Reviewable"	"NotReviewed"	"1 scales"	"600"	"60000"	"Wed Jan 21 14:14:59 PST 2015"	"S38976"	"Approved"	""	"""Christmas tree"""	"""lights"""	"""right"""	"0"	"-1"	"0"	"1"	"13"	"0"	"0"	"""2"""	"""1"""	"-1"	"""TRUE"""	"""target"""	"""TRUE"""	"-1"	"-1"	"-1"	"-1"	"-1"	"-1"	"""Bob liking christmas trees and trimming them."""	""""""	"""24"""	"""f"""	"1"	"0"	"1"	"2"	"0"	"""3"""	"-1"
"What is he talking about? (1-2 mins)"	"Short and fun! A 1-2 minute word game about what someone is talking about."	"experiment, psychology, game"	"$0.20"	"Wed Jan 14 14:14:59 PST 2015"	"100"	"0"	"0"	"100"	"Reviewable"	"NotReviewed"	"1 scales"	"600"	"60000"	"Wed Jan 21 14:14:59 PST 2015"	"S77473"	"Approved"	""	"""boat"""	"""motor"""	"""right"""	"0"	"-1"	"0"	"1"	"1"	"0"	"0"	"""2"""	"""1"""	"-1"	"""TRUE"""	"""target"""	"""TRUE"""	"-1"	"-1"	"-1"	"-1"	"-1"	"-1"	"""What Bob was talking about"""	""""""	"""24"""	"""f"""	"1"	"0"	"0"	"2"	"1"	"""3"""	"-1"
"What is he talking about? (1-2 mins)"	"Short and fun! A 1-2 minute word game about what someone is talking about."	"experiment, psychology, game"	"$0.20"	"Wed Jan 14 14:14:59 PST 2015"	"100"	"0"	"0"	"100"	"Reviewable"	"NotReviewed"	"1 scales"	"600"	"60000"	"Wed Jan 21 14:14:59 PST 2015"	"S51245"	"Approved"	""	"""friend"""	"""glasses"""	"""right"""	"0"	"-1"	"0"	"1"	"13"	"0"	"0"	"""2"""	"""1"""	"-1"	"""TRUE"""	"""target"""	"""TRUE"""	"-1"	"-1"	"-1"	"-1"	"-1"	"-1"	"""Which friend Bob is talking about."""	""""""	"""23"""	"""f"""	"1"	"0"	"0"	"1"	"2"	"""3"""	"-1"
"What is he talking about? (1-2 mins)"	"Short and fun! A 1-2 minute word game about what someone is talking about."	"experiment, psychology, game"	"$0.20"	"Wed Jan 14 14:14:59 PST 2015"	"100"	"0"	"0"	"100"	"Reviewable"	"NotReviewed"	"1 scales"	"600"	"60000"	"Wed Jan 21 14:14:59 PST 2015"	"S62493"	"Approved"	""	"""Christmas tree"""	"""ornaments"""	"""left"""	"0"	"-1"	"0"	"1"	"13"	"0"	"0"	"""2"""	"""1"""	"-1"	"""TRUE"""	"""target"""	"""TRUE"""	"-1"	"-1"	"-1"	"-1"	"-1"	"-1"	"""Bob and his Christmas tree."""	"""n/a"""	"""40"""	"""f"""	"1"	"0"	"0"	"1"	"2"	"""3"""	"-1"
"What is he talking about? (1-2 mins)"	"Short and fun! A 1-2 minute word game about what someone is talking about."	"experiment, psychology, game"	"$0.20"	"Wed Jan 14 14:14:59 PST 2015"	"100"	"0"	"0"	"100"	"Reviewable"	"NotReviewed"	"1 scales"	"600"	"60000"	"Wed Jan 21 14:14:59 PST 2015"	"S57282"	"Approved"	""	"""friend"""	"""glasses"""	"""left"""	"0"	"-1"	"0"	"1"	"1"	"0"	"0"	"""2"""	"""1"""	"-1"	"""TRUE"""	"""target"""	"""TRUE"""	"-1"	"-1"	"-1"	"-1"	"-1"	"-1"	"""test to make sure the software works."""	""""""	"""27"""	"""f"""	"1"	"0"	"0"	"1"	"2"	"""3"""	"-1"
"What is he talking about? (1-2 mins)"	"Short and fun! A 1-2 minute word game about what someone is talking about."	"experiment, psychology, game"	"$0.20"	"Wed Jan 14 14:14:59 PST 2015"	"100"	"0"	"0"	"100"	"Reviewable"	"NotReviewed"	"1 scales"	"600"	"60000"	"Wed Jan 21 14:14:59 PST 2015"	"S93566"	"Approved"	""	"""Christmas tree"""	"""ornaments"""	"""left"""	"0"	"-1"	"0"	"1"	"1"	"0"	"0"	"""2"""	"""1"""	"-1"	"""TRUE"""	"""target"""	"""TRUE"""	"-1"	"-1"	"-1"	"-1"	"-1"	"-1"	"""Trees Bob has trimmed (one with ornaments, one plain, one with ornaments & lights)"""	"""No"""	"""20"""	"""f"""	"1"	"0"	"1"	"2"	"0"	"""3"""	"-1"
"What is he talking about? (1-2 mins)"	"Short and fun! A 1-2 minute word game about what someone is talking about."	"experiment, psychology, game"	"$0.20"	"Wed Jan 14 14:14:59 PST 2015"	"100"	"0"	"0"	"100"	"Reviewable"	"NotReviewed"	"1 scales"	"600"	"60000"	"Wed Jan 21 14:14:59 PST 2015"	"S98121"	"Approved"	""	"""boat"""	"""cabin"""	"""right"""	"0"	"-1"	"0"	"1"	"1"	"0"	"0"	"""2"""	"""1"""	"-1"	"""TRUE"""	"""target"""	"""TRUE"""	"-1"	"-1"	"-1"	"-1"	"-1"	"-1"	"""Learning what boat Bob was talking about."""	""""""	""""""	""""""	"1"	"0"	"1"	"0"	"2"	"""3"""	"-1"
"What is he talking about? (1-2 mins)"	"Short and fun! A 1-2 minute word game about what someone is talking about."	"experiment, psychology, game"	"$0.20"	"Wed Jan 14 14:14:59 PST 2015"	"100"	"0"	"0"	"100"	"Reviewable"	"NotReviewed"	"1 scales"	"600"	"60000"	"Wed Jan 21 14:14:59 PST 2015"	"S20589"	"Approved"	""	"""boat"""	"""motor"""	"""middle"""	"0"	"-1"	"0"	"1"	"13"	"0"	"0"	"""2"""	"""1"""	"-1"	"""TRUE"""	"""target"""	"""TRUE"""	"-1"	"-1"	"-1"	"-1"	"-1"	"-1"	"""Bob likes to boat and he is renting one with a motor on it"""	"""Interesting survey"""	"""27"""	"""f"""	"1"	"0"	"0"	"1"	"2"	"""3"""	"-1"
"What is he talking about? (1-2 mins)"	"Short and fun! A 1-2 minute word game about what someone is talking about."	"experiment, psychology, game"	"$0.20"	"Wed Jan 14 14:14:59 PST 2015"	"100"	"0"	"0"	"100"	"Reviewable"	"NotReviewed"	"1 scales"	"600"	"60000"	"Wed Jan 21 14:14:59 PST 2015"	"S79327"	"Approved"	""	"""boat"""	"""sail"""	"""right"""	"0"	"-1"	"0"	"1"	"13"	"0"	"0"	"""2"""	"""1"""	"-1"	"""TRUE"""	"""target"""	"""TRUE"""	"-1"	"-1"	"-1"	"-1"	"-1"	"-1"	"""The choices that Bob made & whether they were comprehensible or not."""	""""""	"""42"""	"""f"""	"1"	"0"	"0"	"2"	"1"	"""3"""	"-1"
"What is he talking about? (1-2 mins)"	"Short and fun! A 1-2 minute word game about what someone is talking about."	"experiment, psychology, game"	"$0.20"	"Wed Jan 14 14:14:59 PST 2015"	"100"	"0"	"0"	"100"	"Reviewable"	"NotReviewed"	"1 scales"	"600"	"60000"	"Wed Jan 21 14:14:59 PST 2015"	"S11291"	"Approved"	""	"""snowman"""	"""hat"""	"""middle"""	"0"	"-1"	"0"	"1"	"1"	"0"	"0"	"""2"""	"""1"""	"-1"	"""TRUE"""	"""target"""	"""TRUE"""	"-1"	"-1"	"-1"	"-1"	"-1"	"-1"	"""word association """	""""""	"""23"""	"""M"""	"1"	"0"	"1"	"0"	"2"	"""3"""	"-1"
"What is he talking about? (1-2 mins)"	"Short and fun! A 1-2 minute word game about what someone is talking about."	"experiment, psychology, game"	"$0.20"	"Wed Jan 14 14:14:59 PST 2015"	"100"	"0"	"0"	"100"	"Reviewable"	"NotReviewed"	"1 scales"	"600"	"60000"	"Wed Jan 21 14:14:59 PST 2015"	"S52833"	"Approved"	""	"""Christmas tree"""	"""star"""	"""middle"""	"0"	"-1"	"0"	"1"	"1"	"0"	"0"	"""2"""	"""1"""	"-1"	"""TRUE"""	"""target"""	"""TRUE"""	"-1"	"-1"	"-1"	"-1"	"-1"	"-1"	"""Bob was trying to point out a tree only using one word."""	""""""	"""37"""	"""m"""	"1"	"0"	"2"	"1"	"0"	"""3"""	"-1"
"What is he talking about? (1-2 mins)"	"Short and fun! A 1-2 minute word game about what someone is talking about."	"experiment, psychology, game"	"$0.20"	"Wed Jan 14 14:14:59 PST 2015"	"100"	"0"	"0"	"100"	"Reviewable"	"NotReviewed"	"1 scales"	"600"	"60000"	"Wed Jan 21 14:14:59 PST 2015"	"S99705"	"Approved"	""	"""Christmas tree"""	"""ornaments"""	"""left"""	"0"	"-1"	"0"	"1"	"1"	"0"	"0"	"""2"""	"""1"""	"-1"	"""TRUE"""	"""foil"""	"""FALSE"""	"-1"	"-1"	"-1"	"-1"	"-1"	"-1"	"""Figuring out what Bob was saying based on limited information"""	"""When Bob said Ornaments I think he was asking for some for the empty tree"""	"""47"""	"""m"""	"1"	"0"	"2"	"0"	"1"	"""3"""	"-1"
"What is he talking about? (1-2 mins)"	"Short and fun! A 1-2 minute word game about what someone is talking about."	"experiment, psychology, game"	"$0.20"	"Wed Jan 14 14:14:59 PST 2015"	"100"	"0"	"0"	"100"	"Reviewable"	"NotReviewed"	"1 scales"	"600"	"60000"	"Wed Jan 21 14:14:59 PST 2015"	"S41848"	"Approved"	""	"""boat"""	"""sail"""	"""left"""	"0"	"-1"	"0"	"1"	"1"	"0"	"0"	"""2"""	"""1"""	"-1"	"""TRUE"""	"""target"""	"""TRUE"""	"-1"	"-1"	"-1"	"-1"	"-1"	"-1"	"""Bob renting sail boats"""	"""none"""	"""27"""	"""m"""	"1"	"0"	"0"	"2"	"1"	"""3"""	"-1"
"What is he talking about? (1-2 mins)"	"Short and fun! A 1-2 minute word game about what someone is talking about."	"experiment, psychology, game"	"$0.20"	"Wed Jan 14 14:14:59 PST 2015"	"100"	"0"	"0"	"100"	"Reviewable"	"NotReviewed"	"1 scales"	"600"	"60000"	"Wed Jan 21 14:14:59 PST 2015"	"S48686"	"Approved"	""	"""boat"""	"""cabin"""	"""left"""	"0"	"-1"	"0"	"1"	"13"	"0"	"0"	"""2"""	"""1"""	"-1"	"""TRUE"""	"""target"""	"""TRUE"""	"-1"	"-1"	"-1"	"-1"	"-1"	"-1"	"""cabin on a boat"""	""""""	"""34"""	"""f"""	"1"	"0"	"2"	"0"	"1"	"""3"""	"-1"
"What is he talking about? (1-2 mins)"	"Short and fun! A 1-2 minute word game about what someone is talking about."	"experiment, psychology, game"	"$0.20"	"Wed Jan 14 14:14:59 PST 2015"	"100"	"0"	"0"	"100"	"Reviewable"	"NotReviewed"	"1 scales"	"600"	"60000"	"Wed Jan 21 14:14:59 PST 2015"	"S59387"	"Approved"	""	"""snowman"""	"""hat"""	"""right"""	"0"	"-1"	"0"	"1"	"13"	"0"	"0"	"""2"""	"""1"""	"-1"	"""FALSE"""	"""logical"""	"""FALSE"""	"-1"	"-1"	"-1"	"-1"	"-1"	"-1"	"""snowmen"""	"""none"""	"""23"""	"""m"""	"1"	"0"	"0"	"1"	"2"	"""3"""	"-1"
"What is he talking about? (1-2 mins)"	"Short and fun! A 1-2 minute word game about what someone is talking about."	"experiment, psychology, game"	"$0.20"	"Wed Jan 14 14:14:59 PST 2015"	"100"	"0"	"0"	"100"	"Reviewable"	"NotReviewed"	"1 scales"	"600"	"60000"	"Wed Jan 21 14:14:59 PST 2015"	"S42887"	"Approved"	""	"""friend"""	"""glasses"""	"""middle"""	"0"	"-1"	"0"	"1"	"1"	"0"	"0"	"""2"""	"""1"""	"-1"	"""TRUE"""	"""target"""	"""TRUE"""	"-1"	"-1"	"-1"	"-1"	"-1"	"-1"	"""how people use words """	""""""	"""24"""	"""f"""	"1"	"0"	"1"	"0"	"2"	"""3"""	"-1"
"What is he talking about? (1-2 mins)"	"Short and fun! A 1-2 minute word game about what someone is talking about."	"experiment, psychology, game"	"$0.20"	"Wed Jan 14 14:14:59 PST 2015"	"100"	"0"	"0"	"100"	"Reviewable"	"NotReviewed"	"1 scales"	"600"	"60000"	"Wed Jan 21 14:14:59 PST 2015"	"S67179"	"Approved"	""	"""friend"""	"""mustache"""	"""middle"""	"0"	"-1"	"0"	"1"	"1"	"0"	"0"	"""2"""	"""1"""	"-1"	"""TRUE"""	"""target"""	"""TRUE"""	"-1"	"-1"	"-1"	"-1"	"-1"	"-1"	"""communication"""	""""""	"""25"""	"""f"""	"1"	"0"	"2"	"0"	"1"	"""3"""	"-1"
"What is he talking about? (1-2 mins)"	"Short and fun! A 1-2 minute word game about what someone is talking about."	"experiment, psychology, game"	"$0.20"	"Wed Jan 14 14:14:59 PST 2015"	"100"	"0"	"0"	"100"	"Reviewable"	"NotReviewed"	"1 scales"	"600"	"60000"	"Wed Jan 21 14:14:59 PST 2015"	"S89853"	"Approved"	""	"""boat"""	"""motor"""	"""middle"""	"0"	"-1"	"0"	"1"	"13"	"0"	"0"	"""2"""	"""1"""	"-1"	"""TRUE"""	"""logical"""	"""FALSE"""	"-1"	"-1"	"-1"	"-1"	"-1"	"-1"	"""Bob and his love for sail boats. Picking the boat that I believe bob is referencing. """	""""""	"""25"""	"""f"""	"1"	"0"	"1"	"2"	"0"	"""3"""	"-1"
"What is he talking about? (1-2 mins)"	"Short and fun! A 1-2 minute word game about what someone is talking about."	"experiment, psychology, game"	"$0.20"	"Wed Jan 14 14:14:59 PST 2015"	"100"	"0"	"0"	"100"	"Reviewable"	"NotReviewed"	"1 scales"	"600"	"60000"	"Wed Jan 21 14:14:59 PST 2015"	"S71258"	"Approved"	""	"""pizza"""	"""peppers"""	"""left"""	"0"	"-1"	"0"	"1"	"1"	"0"	"0"	"""2"""	"""1"""	"-1"	"""TRUE"""	"""target"""	"""TRUE"""	"-1"	"-1"	"-1"	"-1"	"-1"	"-1"	"""How people communicate"""	"""Easy instructions, simple to follow."""	"""27"""	"""f"""	"1"	"0"	"1"	"0"	"2"	"""3"""	"-1"
"What is he talking about? (1-2 mins)"	"Short and fun! A 1-2 minute word game about what someone is talking about."	"experiment, psychology, game"	"$0.20"	"Wed Jan 14 14:14:59 PST 2015"	"100"	"0"	"0"	"100"	"Reviewable"	"NotReviewed"	"1 scales"	"600"	"60000"	"Wed Jan 21 14:14:59 PST 2015"	"S51667"	"Approved"	""	"""Christmas tree"""	"""star"""	"""left"""	"0"	"-1"	"0"	"1"	"1"	"0"	"0"	"""2"""	"""1"""	"-1"	"""TRUE"""	"""logical"""	"""FALSE"""	"-1"	"-1"	"-1"	"-1"	"-1"	"-1"	"""I don't know. """	"""That was fun."""	"""52"""	"""f"""	"1"	"0"	"2"	"1"	"0"	"""3"""	"-1"
"What is he talking about? (1-2 mins)"	"Short and fun! A 1-2 minute word game about what someone is talking about."	"experiment, psychology, game"	"$0.20"	"Wed Jan 14 14:14:59 PST 2015"	"100"	"0"	"0"	"100"	"Reviewable"	"NotReviewed"	"1 scales"	"600"	"60000"	"Wed Jan 21 14:14:59 PST 2015"	"S36921"	"Approved"	""	"""boat"""	"""cabin"""	"""middle"""	"0"	"-1"	"0"	"1"	"13"	"0"	"0"	"""2"""	"""1"""	"-1"	"""FALSE"""	"""logical"""	"""FALSE"""	"-1"	"-1"	"-1"	"-1"	"-1"	"-1"	"""Joe's button having a cabin."""	""""""	"""35"""	"""f"""	"1"	"0"	"1"	"0"	"2"	"""3"""	"-1"
"What is he talking about? (1-2 mins)"	"Short and fun! A 1-2 minute word game about what someone is talking about."	"experiment, psychology, game"	"$0.20"	"Wed Jan 14 14:14:59 PST 2015"	"100"	"0"	"0"	"100"	"Reviewable"	"NotReviewed"	"1 scales"	"600"	"60000"	"Wed Jan 21 14:14:59 PST 2015"	"S19118"	"Approved"	""	"""friend"""	"""glasses"""	"""middle"""	"0"	"-1"	"0"	"1"	"1"	"0"	"0"	"""2"""	"""1"""	"-1"	"""TRUE"""	"""target"""	"""TRUE"""	"-1"	"-1"	"-1"	"-1"	"-1"	"-1"	"""Deducing with limited information. """	""""""	"""52"""	"""f"""	"1"	"0"	"1"	"2"	"0"	"""3"""	"-1"
"What is he talking about? (1-2 mins)"	"Short and fun! A 1-2 minute word game about what someone is talking about."	"experiment, psychology, game"	"$0.20"	"Wed Jan 14 14:14:59 PST 2015"	"100"	"0"	"0"	"100"	"Reviewable"	"NotReviewed"	"1 scales"	"600"	"60000"	"Wed Jan 21 14:14:59 PST 2015"	"S16903"	"Approved"	""	"""boat"""	"""motor"""	"""left"""	"0"	"-1"	"0"	"1"	"1"	"0"	"0"	"""2"""	"""1"""	"-1"	"""TRUE"""	"""target"""	"""TRUE"""	"-1"	"-1"	"-1"	"-1"	"-1"	"-1"	"""This survey was about how well people know what other people are talking about"""	"""no"""	"""22"""	"""m"""	"1"	"0"	"2"	"1"	"0"	"""3"""	"-1"
"What is he talking about? (1-2 mins)"	"Short and fun! A 1-2 minute word game about what someone is talking about."	"experiment, psychology, game"	"$0.20"	"Wed Jan 14 14:14:59 PST 2015"	"100"	"0"	"0"	"100"	"Reviewable"	"NotReviewed"	"1 scales"	"600"	"60000"	"Wed Jan 21 14:14:59 PST 2015"	"S53613"	"Approved"	""	"""snowman"""	"""mittens"""	"""left"""	"0"	"-1"	"0"	"1"	"13"	"0"	"0"	"""2"""	"""1"""	"-1"	"""TRUE"""	"""target"""	"""TRUE"""	"-1"	"-1"	"-1"	"-1"	"-1"	"-1"	"""To determine how we interpert things."""	""""""	"""28"""	"""m"""	"1"	"0"	"2"	"0"	"1"	"""3"""	"-1"
"What is he talking about? (1-2 mins)"	"Short and fun! A 1-2 minute word game about what someone is talking about."	"experiment, psychology, game"	"$0.20"	"Wed Jan 14 14:14:59 PST 2015"	"100"	"0"	"0"	"100"	"Reviewable"	"NotReviewed"	"1 scales"	"600"	"60000"	"Wed Jan 21 14:14:59 PST 2015"	"S64674"	"Approved"	""	"""pizza"""	"""peppers"""	"""left"""	"0"	"-1"	"0"	"1"	"13"	"0"	"0"	"""2"""	"""1"""	"-1"	"""TRUE"""	"""target"""	"""TRUE"""	"-1"	"-1"	"-1"	"-1"	"-1"	"-1"	"""Language identification"""	"""fun"""	"""22"""	"""m"""	"1"	"0"	"0"	"2"	"1"	"""3"""	"-1"
"What is he talking about? (1-2 mins)"	"Short and fun! A 1-2 minute word game about what someone is talking about."	"experiment, psychology, game"	"$0.20"	"Wed Jan 14 14:14:59 PST 2015"	"100"	"0"	"0"	"100"	"Reviewable"	"NotReviewed"	"1 scales"	"600"	"60000"	"Wed Jan 21 14:14:59 PST 2015"	"S67419"	"Approved"	""	"""sundae"""	"""cherry"""	"""right"""	"0"	"-1"	"0"	"1"	"1"	"0"	"0"	"""1"""	"""1"""	"-1"	"""TRUE"""	"""target"""	"""TRUE"""	"-1"	"-1"	"-1"	"-1"	"-1"	"-1"	"""decisions"""	""""""	"""25"""	"""m"""	"1"	"0"	"2"	"0"	"1"	"""3"""	"-1"
"What is he talking about? (1-2 mins)"	"Short and fun! A 1-2 minute word game about what someone is talking about."	"experiment, psychology, game"	"$0.20"	"Wed Jan 14 14:14:59 PST 2015"	"100"	"0"	"0"	"100"	"Reviewable"	"NotReviewed"	"1 scales"	"600"	"60000"	"Wed Jan 21 14:14:59 PST 2015"	"S17748"	"Approved"	""	"""friend"""	"""mustache"""	"""middle"""	"0"	"-1"	"0"	"1"	"13"	"0"	"0"	"""2"""	"""1"""	"-1"	"""FALSE"""	"""target"""	"""TRUE"""	"-1"	"-1"	"-1"	"-1"	"-1"	"-1"	"""I don't know."""	"""None"""	"""38"""	"""f"""	"1"	"0"	"2"	"0"	"1"	"""3"""	"-1"
"What is he talking about? (1-2 mins)"	"Short and fun! A 1-2 minute word game about what someone is talking about."	"experiment, psychology, game"	"$0.20"	"Wed Jan 14 14:14:59 PST 2015"	"100"	"0"	"0"	"100"	"Reviewable"	"NotReviewed"	"1 scales"	"600"	"60000"	"Wed Jan 21 14:14:59 PST 2015"	"S23435"	"Approved"	""	"""friend"""	"""mustache"""	"""left"""	"0"	"-1"	"0"	"1"	"1"	"0"	"0"	"""2"""	"""1"""	"-1"	"""TRUE"""	"""target"""	"""TRUE"""	"-1"	"-1"	"-1"	"-1"	"-1"	"-1"	"""memory"""	""""""	"""28"""	"""f"""	"1"	"0"	"1"	"2"	"0"	"""3"""	"-1"
"What is he talking about? (1-2 mins)"	"Short and fun! A 1-2 minute word game about what someone is talking about."	"experiment, psychology, game"	"$0.20"	"Wed Jan 14 14:14:59 PST 2015"	"100"	"0"	"0"	"100"	"Reviewable"	"NotReviewed"	"1 scales"	"600"	"60000"	"Wed Jan 21 14:14:59 PST 2015"	"S52994"	"Approved"	""	"""pizza"""	"""mushrooms"""	"""middle"""	"0"	"-1"	"0"	"1"	"1"	"0"	"0"	"""2"""	"""1"""	"-1"	"""TRUE"""	"""target"""	"""TRUE"""	"-1"	"-1"	"-1"	"-1"	"-1"	"-1"	"""How people interpret vague answers about pizza"""	"""I'm sorry if his name wasn't Bob"""	"""25"""	"""f"""	"1"	"0"	"1"	"0"	"2"	"""3"""	"-1"
"What is he talking about? (1-2 mins)"	"Short and fun! A 1-2 minute word game about what someone is talking about."	"experiment, psychology, game"	"$0.20"	"Wed Jan 14 14:14:59 PST 2015"	"100"	"0"	"0"	"100"	"Reviewable"	"NotReviewed"	"1 scales"	"600"	"60000"	"Wed Jan 21 14:14:59 PST 2015"	"S01495"	"Approved"	""	"""sundae"""	"""chocolate"""	"""right"""	"0"	"-1"	"0"	"1"	"1"	"0"	"0"	"""2"""	"""1"""	"-1"	"""TRUE"""	"""target"""	"""TRUE"""	"-1"	"-1"	"-1"	"-1"	"-1"	"-1"	"""One word descriptions"""	"""Interesting study.  Thanks"""	"""37"""	"""m"""	"1"	"0"	"2"	"1"	"0"	"""3"""	"-1"
"What is he talking about? (1-2 mins)"	"Short and fun! A 1-2 minute word game about what someone is talking about."	"experiment, psychology, game"	"$0.20"	"Wed Jan 14 14:14:59 PST 2015"	"100"	"0"	"0"	"100"	"Reviewable"	"NotReviewed"	"1 scales"	"600"	"60000"	"Wed Jan 21 14:14:59 PST 2015"	"S30804"	"Approved"	""	"""snowman"""	"""mittens"""	"""middle"""	"0"	"-1"	"0"	"1"	"13"	"0"	"0"	"""2"""	"""1"""	"-1"	"""FALSE"""	"""logical"""	"""FALSE"""	"-1"	"-1"	"-1"	"-1"	"-1"	"-1"	"""i have no idea"""	"""i think i forgot that guys name because the snowmen were distracting"""	"""32"""	"""m"""	"1"	"0"	"2"	"0"	"1"	"""3"""	"-1"
"What is he talking about? (1-2 mins)"	"Short and fun! A 1-2 minute word game about what someone is talking about."	"experiment, psychology, game"	"$0.20"	"Wed Jan 14 14:14:59 PST 2015"	"100"	"0"	"0"	"100"	"Reviewable"	"NotReviewed"	"1 scales"	"600"	"60000"	"Wed Jan 21 14:14:59 PST 2015"	"S95716"	"Approved"	""	"""sundae"""	"""whipped cream"""	"""right"""	"0"	"-1"	"0"	"1"	"13"	"0"	"0"	"""2"""	"""1"""	"-1"	"""TRUE"""	"""target"""	"""TRUE"""	"-1"	"-1"	"-1"	"-1"	"-1"	"-1"	"""Inference?"""	"""No, thank you for asking."""	"""24"""	"""f"""	"1"	"0"	"0"	"2"	"1"	"""3"""	"-1"
"What is he talking about? (1-2 mins)"	"Short and fun! A 1-2 minute word game about what someone is talking about."	"experiment, psychology, game"	"$0.20"	"Wed Jan 14 14:14:59 PST 2015"	"100"	"0"	"0"	"100"	"Reviewable"	"NotReviewed"	"1 scales"	"600"	"60000"	"Wed Jan 21 14:14:59 PST 2015"	"S02337"	"Approved"	""	"""friend"""	"""glasses"""	"""right"""	"0"	"-1"	"0"	"1"	"1"	"0"	"0"	"""2"""	"""1"""	"-1"	"""TRUE"""	"""target"""	"""TRUE"""	"-1"	"-1"	"-1"	"-1"	"-1"	"-1"	"""Bob and his friends."""	""""""	"""22"""	"""m"""	"1"	"0"	"0"	"2"	"1"	"""3"""	"-1"
"What is he talking about? (1-2 mins)"	"Short and fun! A 1-2 minute word game about what someone is talking about."	"experiment, psychology, game"	"$0.20"	"Wed Jan 14 14:14:59 PST 2015"	"100"	"0"	"0"	"100"	"Reviewable"	"NotReviewed"	"1 scales"	"600"	"60000"	"Wed Jan 21 14:14:59 PST 2015"	"S43021"	"Approved"	""	"""snowman"""	"""hat"""	"""left"""	"0"	"-1"	"0"	"1"	"13"	"0"	"0"	"""2"""	"""1"""	"-1"	"""TRUE"""	"""target"""	"""TRUE"""	"-1"	"-1"	"-1"	"-1"	"-1"	"-1"	"""snowmen"""	""""""	""""""	"""m"""	"1"	"0"	"1"	"2"	"0"	"""3"""	"-1"
"What is he talking about? (1-2 mins)"	"Short and fun! A 1-2 minute word game about what someone is talking about."	"experiment, psychology, game"	"$0.20"	"Wed Jan 14 14:14:59 PST 2015"	"100"	"0"	"0"	"100"	"Reviewable"	"NotReviewed"	"1 scales"	"600"	"60000"	"Wed Jan 21 14:14:59 PST 2015"	"S17709"	"Approved"	""	"""sundae"""	"""chocolate"""	"""middle"""	"0"	"-1"	"0"	"1"	"1"	"0"	"0"	"""2"""	"""1"""	"-1"	"""TRUE"""	"""target"""	"""TRUE"""	"-1"	"-1"	"-1"	"-1"	"-1"	"-1"	"""selecting ice cream"""	"""great survey"""	"""25"""	"""m"""	"1"	"0"	"2"	"0"	"1"	"""3"""	"-1"
"What is he talking about? (1-2 mins)"	"Short and fun! A 1-2 minute word game about what someone is talking about."	"experiment, psychology, game"	"$0.20"	"Wed Jan 14 14:14:59 PST 2015"	"100"	"0"	"0"	"100"	"Reviewable"	"NotReviewed"	"1 scales"	"600"	"60000"	"Wed Jan 21 14:14:59 PST 2015"	"S29280"	"Approved"	""	"""Christmas tree"""	"""star"""	"""left"""	"0"	"-1"	"0"	"1"	"1"	"0"	"0"	"""2"""	"""1"""	"-1"	"""TRUE"""	"""logical"""	"""FALSE"""	"-1"	"-1"	"-1"	"-1"	"-1"	"-1"	"""Bobs affinity for christmas trees"""	"""Nice Survey!"""	"""24"""	"""m"""	"1"	"0"	"0"	"2"	"1"	"""3"""	"-1"
"What is he talking about? (1-2 mins)"	"Short and fun! A 1-2 minute word game about what someone is talking about."	"experiment, psychology, game"	"$0.20"	"Wed Jan 14 14:14:59 PST 2015"	"100"	"0"	"0"	"100"	"Reviewable"	"NotReviewed"	"1 scales"	"600"	"60000"	"Wed Jan 21 14:14:59 PST 2015"	"S22726"	"Approved"	""	"""boat"""	"""sail"""	"""left"""	"0"	"-1"	"0"	"1"	"1"	"0"	"0"	"""2"""	"""1"""	"-1"	"""TRUE"""	"""target"""	"""TRUE"""	"-1"	"-1"	"-1"	"-1"	"-1"	"-1"	"""perceptions of language maybe?"""	"""nope, thank you!"""	"""26"""	"""f"""	"1"	"0"	"2"	"0"	"1"	"""3"""	"-1"
"What is he talking about? (1-2 mins)"	"Short and fun! A 1-2 minute word game about what someone is talking about."	"experiment, psychology, game"	"$0.20"	"Wed Jan 14 14:14:59 PST 2015"	"100"	"0"	"0"	"100"	"Reviewable"	"NotReviewed"	"1 scales"	"600"	"60000"	"Wed Jan 21 14:14:59 PST 2015"	"S78533"	"Approved"	""	"""boat"""	"""sail"""	"""right"""	"0"	"-1"	"0"	"1"	"1"	"0"	"0"	"""2"""	"""1"""	"-1"	"""TRUE"""	"""target"""	"""TRUE"""	"-1"	"-1"	"-1"	"-1"	"-1"	"-1"	"""interpretation of language"""	"""no"""	"""24"""	"""f"""	"1"	"0"	"2"	"0"	"1"	"""3"""	"-1"
"What is he talking about? (1-2 mins)"	"Short and fun! A 1-2 minute word game about what someone is talking about."	"experiment, psychology, game"	"$0.20"	"Wed Jan 14 14:14:59 PST 2015"	"100"	"0"	"0"	"100"	"Reviewable"	"NotReviewed"	"1 scales"	"600"	"60000"	"Wed Jan 21 14:14:59 PST 2015"	"S61908"	"Approved"	""	"""Christmas tree"""	"""lights"""	"""right"""	"0"	"-1"	"0"	"1"	"13"	"0"	"0"	"""2"""	"""1"""	"-1"	"""TRUE"""	"""target"""	"""TRUE"""	"-1"	"-1"	"-1"	"-1"	"-1"	"-1"	"""I don't know"""	""""""	"""53"""	"""f"""	"1"	"0"	"2"	"1"	"0"	"""3"""	"-1"
"What is he talking about? (1-2 mins)"	"Short and fun! A 1-2 minute word game about what someone is talking about."	"experiment, psychology, game"	"$0.20"	"Wed Jan 14 14:14:59 PST 2015"	"100"	"0"	"0"	"100"	"Reviewable"	"NotReviewed"	"1 scales"	"600"	"60000"	"Wed Jan 21 14:14:59 PST 2015"	"S86751"	"Approved"	""	"""snowman"""	"""hat"""	"""middle"""	"0"	"-1"	"0"	"1"	"13"	"0"	"0"	"""2"""	"""1"""	"-1"	"""TRUE"""	"""logical"""	"""FALSE"""	"-1"	"-1"	"-1"	"-1"	"-1"	"-1"	"""I don't know; reading things?"""	"""No comments"""	"""22"""	"""f"""	"1"	"0"	"1"	"2"	"0"	"""3"""	"-1"
"What is he talking about? (1-2 mins)"	"Short and fun! A 1-2 minute word game about what someone is talking about."	"experiment, psychology, game"	"$0.20"	"Wed Jan 14 14:14:59 PST 2015"	"100"	"0"	"0"	"100"	"Reviewable"	"NotReviewed"	"1 scales"	"600"	"60000"	"Wed Jan 21 14:14:59 PST 2015"	"S75161"	"Approved"	""	"""Christmas tree"""	"""ornaments"""	"""left"""	"0"	"-1"	"0"	"1"	"13"	"0"	"0"	"""2"""	"""1"""	"-1"	"""TRUE"""	"""target"""	"""TRUE"""	"-1"	"-1"	"-1"	"-1"	"-1"	"-1"	"""Language"""	"""Cute cartoons :)"""	"""25"""	"""f"""	"1"	"0"	"0"	"1"	"2"	"""3"""	"-1"
"What is he talking about? (1-2 mins)"	"Short and fun! A 1-2 minute word game about what someone is talking about."	"experiment, psychology, game"	"$0.20"	"Wed Jan 14 14:14:59 PST 2015"	"100"	"0"	"0"	"100"	"Reviewable"	"NotReviewed"	"1 scales"	"600"	"60000"	"Wed Jan 21 14:14:59 PST 2015"	"S90894"	"Approved"	""	"""friend"""	"""hat"""	"""middle"""	"0"	"-1"	"0"	"1"	"1"	"0"	"0"	"""2"""	"""1"""	"-1"	"""TRUE"""	"""target"""	"""TRUE"""	"-1"	"-1"	"-1"	"-1"	"-1"	"-1"	"""who he was talking about when he said \""hat\"""""	""""""	"""24"""	"""f"""	"1"	"0"	"2"	"0"	"1"	"""3"""	"-1"
"What is he talking about? (1-2 mins)"	"Short and fun! A 1-2 minute word game about what someone is talking about."	"experiment, psychology, game"	"$0.20"	"Wed Jan 14 14:14:59 PST 2015"	"100"	"0"	"0"	"100"	"Reviewable"	"NotReviewed"	"1 scales"	"600"	"60000"	"Wed Jan 21 14:14:59 PST 2015"	"S69158"	"Approved"	""	"""pizza"""	"""peppers"""	"""middle"""	"0"	"-1"	"0"	"1"	"13"	"0"	"0"	"""2"""	"""1"""	"-1"	"""TRUE"""	"""target"""	"""TRUE"""	"-1"	"-1"	"-1"	"-1"	"-1"	"-1"	"""What pizza Bob will choose"""	"""Fun survey, thanks"""	"""28"""	"""f"""	"1"	"0"	"0"	"1"	"2"	"""3"""	"-1"
"What is he talking about? (1-2 mins)"	"Short and fun! A 1-2 minute word game about what someone is talking about."	"experiment, psychology, game"	"$0.20"	"Wed Jan 14 14:14:59 PST 2015"	"100"	"0"	"0"	"100"	"Reviewable"	"NotReviewed"	"1 scales"	"600"	"60000"	"Wed Jan 21 14:14:59 PST 2015"	"S50076"	"Approved"	""	"""Christmas tree"""	"""star"""	"""right"""	"0"	"-1"	"0"	"1"	"1"	"0"	"0"	"""2"""	"""1"""	"-1"	"""TRUE"""	"""target"""	"""TRUE"""	"-1"	"-1"	"-1"	"-1"	"-1"	"-1"	"""Talking to people"""	""""""	"""29"""	"""m"""	"1"	"0"	"0"	"1"	"2"	"""3"""	"-1"
"What is he talking about? (1-2 mins)"	"Short and fun! A 1-2 minute word game about what someone is talking about."	"experiment, psychology, game"	"$0.20"	"Wed Jan 14 14:14:59 PST 2015"	"100"	"0"	"0"	"100"	"Reviewable"	"NotReviewed"	"1 scales"	"600"	"60000"	"Wed Jan 21 14:14:59 PST 2015"	"S02480"	"Approved"	""	"""friend"""	"""mustache"""	"""right"""	"0"	"-1"	"0"	"1"	"13"	"0"	"0"	"""2"""	"""1"""	"-1"	"""TRUE"""	"""target"""	"""TRUE"""	"-1"	"-1"	"-1"	"-1"	"-1"	"-1"	"""What you think the person is talking about"""	""""""	"""23"""	"""f"""	"1"	"0"	"0"	"1"	"2"	"""3"""	"-1"
"What is he talking about? (1-2 mins)"	"Short and fun! A 1-2 minute word game about what someone is talking about."	"experiment, psychology, game"	"$0.20"	"Wed Jan 14 14:14:59 PST 2015"	"100"	"0"	"0"	"100"	"Reviewable"	"NotReviewed"	"1 scales"	"600"	"60000"	"Wed Jan 21 14:14:59 PST 2015"	"S25994"	"Approved"	""	"""Christmas tree"""	"""lights"""	"""middle"""	"0"	"-1"	"0"	"1"	"1"	"0"	"0"	"""2"""	"""1"""	"-1"	"""FALSE"""	"""target"""	"""TRUE"""	"-1"	"-1"	"-1"	"-1"	"-1"	"-1"	"""CHRISTMAS TREES"""	"""NONE """	"""24"""	"""m"""	"1"	"0"	"0"	"2"	"1"	"""3"""	"-1"
"What is he talking about? (1-2 mins)"	"Short and fun! A 1-2 minute word game about what someone is talking about."	"experiment, psychology, game"	"$0.20"	"Wed Jan 14 14:14:59 PST 2015"	"100"	"0"	"0"	"100"	"Reviewable"	"NotReviewed"	"1 scales"	"600"	"60000"	"Wed Jan 21 14:14:59 PST 2015"	"S92253"	"Approved"	""	"""Christmas tree"""	"""star"""	"""middle"""	"0"	"-1"	"0"	"1"	"1"	"0"	"0"	"""2"""	"""1"""	"-1"	"""TRUE"""	"""logical"""	"""FALSE"""	"-1"	"-1"	"-1"	"-1"	"-1"	"-1"	"""Christmas trees """	"""none"""	"""32"""	"""m"""	"1"	"0"	"2"	"0"	"1"	"""3"""	"-1"
"What is he talking about? (1-2 mins)"	"Short and fun! A 1-2 minute word game about what someone is talking about."	"experiment, psychology, game"	"$0.20"	"Wed Jan 14 14:14:59 PST 2015"	"100"	"0"	"0"	"100"	"Reviewable"	"NotReviewed"	"1 scales"	"600"	"60000"	"Wed Jan 21 14:14:59 PST 2015"	"S13624"	"Approved"	""	"""boat"""	"""motor"""	"""right"""	"0"	"-1"	"0"	"1"	"1"	"0"	"0"	"""2"""	"""1"""	"-1"	"""TRUE"""	"""target"""	"""TRUE"""	"-1"	"-1"	"-1"	"-1"	"-1"	"-1"	"""Which boat he was talking about"""	""""""	"""24"""	"""f"""	"1"	"0"	"0"	"1"	"2"	"""3"""	"-1"
"What is he talking about? (1-2 mins)"	"Short and fun! A 1-2 minute word game about what someone is talking about."	"experiment, psychology, game"	"$0.20"	"Wed Jan 14 14:14:59 PST 2015"	"100"	"0"	"0"	"100"	"Reviewable"	"NotReviewed"	"1 scales"	"600"	"60000"	"Wed Jan 21 14:14:59 PST 2015"	"S13960"	"Approved"	""	"""sundae"""	"""cherry"""	"""middle"""	"0"	"-1"	"0"	"1"	"1"	"0"	"0"	"""2"""	"""1"""	"-1"	"""TRUE"""	"""target"""	"""TRUE"""	"-1"	"-1"	"-1"	"-1"	"-1"	"-1"	"""bob and his sundays"""	""""""	"""49"""	"""f"""	"1"	"0"	"2"	"1"	"0"	"""3"""	"-1"
"What is he talking about? (1-2 mins)"	"Short and fun! A 1-2 minute word game about what someone is talking about."	"experiment, psychology, game"	"$0.20"	"Wed Jan 14 14:14:59 PST 2015"	"100"	"0"	"0"	"100"	"Reviewable"	"NotReviewed"	"1 scales"	"600"	"60000"	"Wed Jan 21 14:14:59 PST 2015"	"S43676"	"Approved"	""	"""boat"""	"""cabin"""	"""middle"""	"0"	"-1"	"0"	"1"	"13"	"0"	"0"	"""2"""	"""1"""	"-1"	"""TRUE"""	"""logical"""	"""FALSE"""	"-1"	"-1"	"-1"	"-1"	"-1"	"-1"	"""Boats"""	""""""	"""44"""	"""m"""	"1"	"0"	"2"	"1"	"0"	"""3"""	"-1"
"What is he talking about? (1-2 mins)"	"Short and fun! A 1-2 minute word game about what someone is talking about."	"experiment, psychology, game"	"$0.20"	"Wed Jan 14 14:14:59 PST 2015"	"100"	"0"	"0"	"100"	"Reviewable"	"NotReviewed"	"1 scales"	"600"	"60000"	"Wed Jan 21 14:14:59 PST 2015"	"S49792"	"Approved"	""	"""sundae"""	"""cherry"""	"""middle"""	"0"	"-1"	"0"	"1"	"13"	"0"	"0"	"""2"""	"""1"""	"-1"	"""TRUE"""	"""target"""	"""TRUE"""	"-1"	"-1"	"-1"	"-1"	"-1"	"-1"	"""sundaes"""	"""no"""	"""47"""	"""f"""	"1"	"0"	"1"	"0"	"2"	"""3"""	"-1"
"What is he talking about? (1-2 mins)"	"Short and fun! A 1-2 minute word game about what someone is talking about."	"experiment, psychology, game"	"$0.20"	"Wed Jan 14 14:14:59 PST 2015"	"100"	"0"	"0"	"100"	"Reviewable"	"NotReviewed"	"1 scales"	"600"	"60000"	"Wed Jan 21 14:14:59 PST 2015"	"S09093"	"Approved"	""	"""sundae"""	"""chocolate"""	"""middle"""	"0"	"-1"	"0"	"1"	"1"	"0"	"0"	"""2"""	"""1"""	"-1"	"""TRUE"""	"""target"""	"""TRUE"""	"-1"	"-1"	"-1"	"-1"	"-1"	"-1"	"""Guessing what someone is talking about based on one word"""	"""Everything was clear, thanks"""	"""28"""	"""M"""	"1"	"0"	"0"	"2"	"1"	"""3"""	"-1"
"What is he talking about? (1-2 mins)"	"Short and fun! A 1-2 minute word game about what someone is talking about."	"experiment, psychology, game"	"$0.20"	"Wed Jan 14 14:14:59 PST 2015"	"100"	"0"	"0"	"100"	"Reviewable"	"NotReviewed"	"1 scales"	"600"	"60000"	"Wed Jan 21 14:14:59 PST 2015"	"S73725"	"Approved"	""	"""snowman"""	"""hat"""	"""right"""	"0"	"-1"	"0"	"1"	"1"	"0"	"0"	"""2"""	"""1"""	"-1"	"""TRUE"""	"""target"""	"""TRUE"""	"-1"	"-1"	"-1"	"-1"	"-1"	"-1"	"""Snowmen"""	"""no"""	"""44"""	"""male"""	"1"	"0"	"2"	"1"	"0"	"""3"""	"-1"
"What is he talking about? (1-2 mins)"	"Short and fun! A 1-2 minute word game about what someone is talking about."	"experiment, psychology, game"	"$0.20"	"Wed Jan 14 14:14:59 PST 2015"	"100"	"0"	"0"	"100"	"Reviewable"	"NotReviewed"	"1 scales"	"600"	"60000"	"Wed Jan 21 14:14:59 PST 2015"	"S21090"	"Approved"	""	"""pizza"""	"""mushrooms"""	"""middle"""	"0"	"-1"	"0"	"1"	"1"	"0"	"0"	"""2"""	"""1"""	"-1"	"""TRUE"""	"""target"""	"""TRUE"""	"-1"	"-1"	"-1"	"-1"	"-1"	"-1"	"""Bob's pizzas and toppings"""	""""""	"""20"""	"""f"""	"1"	"0"	"1"	"0"	"2"	"""3"""	"-1"
"What is he talking about? (1-2 mins)"	"Short and fun! A 1-2 minute word game about what someone is talking about."	"experiment, psychology, game"	"$0.20"	"Wed Jan 14 14:14:59 PST 2015"	"100"	"0"	"0"	"100"	"Reviewable"	"NotReviewed"	"1 scales"	"600"	"60000"	"Wed Jan 21 14:14:59 PST 2015"	"S57301"	"Approved"	""	"""Christmas tree"""	"""lights"""	"""left"""	"0"	"-1"	"0"	"1"	"1"	"0"	"0"	"""2"""	"""2"""	"-1"	"""TRUE"""	"""target"""	"""TRUE"""	"-1"	"-1"	"-1"	"-1"	"-1"	"-1"	"""Bob and the Christmas trees"""	"""cute survey"""	"""40"""	"""f"""	"1"	"0"	"2"	"0"	"1"	"""3"""	"-1"
"What is he talking about? (1-2 mins)"	"Short and fun! A 1-2 minute word game about what someone is talking about."	"experiment, psychology, game"	"$0.20"	"Wed Jan 14 14:14:59 PST 2015"	"100"	"0"	"0"	"100"	"Reviewable"	"NotReviewed"	"1 scales"	"600"	"60000"	"Wed Jan 21 14:14:59 PST 2015"	"S29841"	"Approved"	""	"""Christmas tree"""	"""star"""	"""middle"""	"0"	"-1"	"0"	"1"	"1"	"0"	"0"	"""2"""	"""2"""	"-1"	"""TRUE"""	"""target"""	"""TRUE"""	"-1"	"-1"	"-1"	"-1"	"-1"	"-1"	"""Bob loving on his xmas trees."""	"""It was a strange HIT."""	"""29"""	"""f"""	"1"	"0"	"2"	"1"	"0"	"""3"""	"-1"
"What is he talking about? (1-2 mins)"	"Short and fun! A 1-2 minute word game about what someone is talking about."	"experiment, psychology, game"	"$0.20"	"Wed Jan 14 14:14:59 PST 2015"	"100"	"0"	"0"	"100"	"Reviewable"	"NotReviewed"	"1 scales"	"600"	"60000"	"Wed Jan 21 14:14:59 PST 2015"	"S00515"	"Approved"	""	"""sundae"""	"""cherry"""	"""left"""	"0"	"-1"	"0"	"1"	"13"	"0"	"0"	"""2"""	"""1"""	"-1"	"""TRUE"""	"""logical"""	"""FALSE"""	"-1"	"-1"	"-1"	"-1"	"-1"	"-1"	"""Ice cream"""	"""No"""	"""55"""	"""M"""	"1"	"0"	"1"	"0"	"2"	"""3"""	"-1"
"What is he talking about? (1-2 mins)"	"Short and fun! A 1-2 minute word game about what someone is talking about."	"experiment, psychology, game"	"$0.20"	"Wed Jan 14 14:14:59 PST 2015"	"100"	"0"	"0"	"100"	"Reviewable"	"NotReviewed"	"1 scales"	"600"	"60000"	"Wed Jan 21 14:14:59 PST 2015"	"S35973"	"Approved"	""	"""Christmas tree"""	"""ornaments"""	"""middle"""	"0"	"-1"	"0"	"1"	"1"	"0"	"0"	"""2"""	"""1"""	"-1"	"""TRUE"""	"""logical"""	"""FALSE"""	"-1"	"-1"	"-1"	"-1"	"-1"	"-1"	"""How to interpret what Bob said, though it was brief."""	"""Fun study."""	"""25"""	"""m"""	"1"	"0"	"1"	"2"	"0"	"""3"""	"-1"
"What is he talking about? (1-2 mins)"	"Short and fun! A 1-2 minute word game about what someone is talking about."	"experiment, psychology, game"	"$0.20"	"Wed Jan 14 14:14:59 PST 2015"	"100"	"0"	"0"	"100"	"Reviewable"	"NotReviewed"	"1 scales"	"600"	"60000"	"Wed Jan 21 14:14:59 PST 2015"	"S38235"	"Approved"	""	"""boat"""	"""motor"""	"""middle"""	"0"	"-1"	"0"	"1"	"1"	"0"	"0"	"""2"""	"""1"""	"-1"	"""TRUE"""	"""foil"""	"""FALSE"""	"-1"	"-1"	"-1"	"-1"	"-1"	"-1"	"""Trying to figure out what someone is sayin based on information given."""	""""""	"""21"""	"""m"""	"1"	"0"	"2"	"1"	"0"	"""3"""	"-1"
"What is he talking about? (1-2 mins)"	"Short and fun! A 1-2 minute word game about what someone is talking about."	"experiment, psychology, game"	"$0.20"	"Wed Jan 14 14:14:59 PST 2015"	"100"	"0"	"0"	"100"	"Reviewable"	"NotReviewed"	"1 scales"	"600"	"60000"	"Wed Jan 21 14:14:59 PST 2015"	"S11933"	"Approved"	""	"""Christmas tree"""	"""ornaments"""	"""middle"""	"0"	"-1"	"0"	"1"	"13"	"0"	"0"	"""2"""	"""1"""	"-1"	"""TRUE"""	"""target"""	"""TRUE"""	"-1"	"-1"	"-1"	"-1"	"-1"	"-1"	"""What people are talking about."""	""""""	""""""	"""m"""	"1"	"0"	"0"	"2"	"1"	"""3"""	"-1"
"What is he talking about? (1-2 mins)"	"Short and fun! A 1-2 minute word game about what someone is talking about."	"experiment, psychology, game"	"$0.20"	"Wed Jan 14 14:14:59 PST 2015"	"100"	"0"	"0"	"100"	"Reviewable"	"NotReviewed"	"1 scales"	"600"	"60000"	"Wed Jan 21 14:14:59 PST 2015"	"S00861"	"Approved"	""	"""boat"""	"""cabin"""	"""left"""	"0"	"-1"	"0"	"1"	"13"	"0"	"0"	"""2"""	"""1"""	"-1"	"""TRUE"""	"""logical"""	"""FALSE"""	"-1"	"-1"	"-1"	"-1"	"-1"	"-1"	"""Which boat Bob was talking about."""	"""none"""	"""41"""	"""m"""	"1"	"0"	"0"	"2"	"1"	"""3"""	"-1"
"What is he talking about? (1-2 mins)"	"Short and fun! A 1-2 minute word game about what someone is talking about."	"experiment, psychology, game"	"$0.20"	"Wed Jan 14 14:14:59 PST 2015"	"100"	"0"	"0"	"100"	"Reviewable"	"NotReviewed"	"1 scales"	"600"	"60000"	"Wed Jan 21 14:14:59 PST 2015"	"S69472"	"Approved"	""	"""pizza"""	"""olives"""	"""middle"""	"0"	"-1"	"0"	"1"	"1"	"0"	"0"	"""2"""	"""1"""	"-1"	"""TRUE"""	"""target"""	"""TRUE"""	"-1"	"-1"	"-1"	"-1"	"-1"	"-1"	"""Pizza"""	""""""	"""44"""	"""m"""	"1"	"0"	"2"	"1"	"0"	"""3"""	"-1"
"What is he talking about? (1-2 mins)"	"Short and fun! A 1-2 minute word game about what someone is talking about."	"experiment, psychology, game"	"$0.20"	"Wed Jan 14 14:14:59 PST 2015"	"100"	"0"	"0"	"100"	"Reviewable"	"NotReviewed"	"1 scales"	"600"	"60000"	"Wed Jan 21 14:14:59 PST 2015"	"S73619"	"Approved"	""	"""snowman"""	"""scarf"""	"""left"""	"0"	"-1"	"0"	"1"	"13"	"0"	"0"	"""2"""	"""1"""	"-1"	"""TRUE"""	"""target"""	"""TRUE"""	"-1"	"-1"	"-1"	"-1"	"-1"	"-1"	"""That bob likes to build snowmen"""	""""""	"""29"""	"""f"""	"1"	"0"	"1"	"2"	"0"	"""3"""	"-1"
"What is he talking about? (1-2 mins)"	"Short and fun! A 1-2 minute word game about what someone is talking about."	"experiment, psychology, game"	"$0.20"	"Wed Jan 14 14:14:59 PST 2015"	"100"	"0"	"0"	"100"	"Reviewable"	"NotReviewed"	"1 scales"	"600"	"60000"	"Wed Jan 21 14:14:59 PST 2015"	"S59038"	"Approved"	""	"""friend"""	"""hat"""	"""right"""	"0"	"-1"	"0"	"1"	"1"	"0"	"0"	"""2"""	"""1"""	"-1"	"""TRUE"""	"""foil"""	"""FALSE"""	"-1"	"-1"	"-1"	"-1"	"-1"	"-1"	"""How Bob identified one person out of three."""	""""""	"""47"""	"""f"""	"1"	"0"	"0"	"2"	"1"	"""3"""	"-1"
"What is he talking about? (1-2 mins)"	"Short and fun! A 1-2 minute word game about what someone is talking about."	"experiment, psychology, game"	"$0.20"	"Wed Jan 14 14:14:59 PST 2015"	"100"	"0"	"0"	"100"	"Reviewable"	"NotReviewed"	"1 scales"	"600"	"60000"	"Wed Jan 21 14:14:59 PST 2015"	"S15273"	"Approved"	""	"""sundae"""	"""cherry"""	"""right"""	"0"	"-1"	"0"	"1"	"13"	"0"	"0"	"""2"""	"""1"""	"-1"	"""TRUE"""	"""target"""	"""TRUE"""	"-1"	"-1"	"-1"	"-1"	"-1"	"-1"	"""Which sundae bob likes"""	""""""	"""41"""	"""f"""	"1"	"0"	"1"	"2"	"0"	"""3"""	"-1"
"What is he talking about? (1-2 mins)"	"Short and fun! A 1-2 minute word game about what someone is talking about."	"experiment, psychology, game"	"$0.20"	"Wed Jan 14 14:14:59 PST 2015"	"100"	"0"	"0"	"100"	"Reviewable"	"NotReviewed"	"1 scales"	"600"	"60000"	"Wed Jan 21 14:14:59 PST 2015"	"S54615"	"Approved"	""	"""snowman"""	"""scarf"""	"""left"""	"0"	"-1"	"0"	"1"	"1"	"0"	"0"	"""2"""	"""1"""	"-1"	"""TRUE"""	"""logical"""	"""FALSE"""	"-1"	"-1"	"-1"	"-1"	"-1"	"-1"	"""what bob was talking about"""	"""no"""	"""55"""	"""f"""	"1"	"0"	"1"	"2"	"0"	"""3"""	"-1"
"What is he talking about? (1-2 mins)"	"Short and fun! A 1-2 minute word game about what someone is talking about."	"experiment, psychology, game"	"$0.20"	"Wed Jan 14 14:14:59 PST 2015"	"100"	"0"	"0"	"100"	"Reviewable"	"NotReviewed"	"1 scales"	"600"	"60000"	"Wed Jan 21 14:14:59 PST 2015"	"S76532"	"Approved"	""	"""pizza"""	"""mushrooms"""	"""right"""	"0"	"-1"	"0"	"1"	"1"	"0"	"0"	"""2"""	"""1"""	"-1"	"""TRUE"""	"""target"""	"""TRUE"""	"-1"	"-1"	"-1"	"-1"	"-1"	"-1"	"""to see which pizza bob wants"""	"""thx"""	"""35"""	"""m"""	"1"	"0"	"1"	"2"	"0"	"""3"""	"-1"
"What is he talking about? (1-2 mins)"	"Short and fun! A 1-2 minute word game about what someone is talking about."	"experiment, psychology, game"	"$0.20"	"Wed Jan 14 14:14:59 PST 2015"	"100"	"0"	"0"	"100"	"Reviewable"	"NotReviewed"	"1 scales"	"600"	"60000"	"Wed Jan 21 14:14:59 PST 2015"	"S97364"	"Approved"	""	"""pizza"""	"""mushrooms"""	"""left"""	"0"	"-1"	"0"	"1"	"13"	"0"	"0"	"""2"""	"""1"""	"-1"	"""TRUE"""	"""target"""	"""TRUE"""	"-1"	"-1"	"-1"	"-1"	"-1"	"-1"	"""A guy named Bob who ate pizza"""	"""no"""	"""32"""	"""f"""	"1"	"0"	"1"	"2"	"0"	"""3"""	"-1"
"What is he talking about? (1-2 mins)"	"Short and fun! A 1-2 minute word game about what someone is talking about."	"experiment, psychology, game"	"$0.20"	"Wed Jan 14 14:14:59 PST 2015"	"100"	"0"	"0"	"100"	"Reviewable"	"NotReviewed"	"1 scales"	"600"	"60000"	"Wed Jan 21 14:14:59 PST 2015"	"S37424"	"Approved"	""	"""sundae"""	"""whipped cream"""	"""left"""	"0"	"-1"	"0"	"1"	"1"	"0"	"0"	"""2"""	"""1"""	"-1"	"""TRUE"""	"""target"""	"""TRUE"""	"-1"	"-1"	"-1"	"-1"	"-1"	"-1"	"""Understanding what someone means"""	"""none"""	"""67"""	"""f"""	"1"	"0"	"2"	"1"	"0"	"""3"""	"-1"
"What is he talking about? (1-2 mins)"	"Short and fun! A 1-2 minute word game about what someone is talking about."	"experiment, psychology, game"	"$0.20"	"Wed Jan 14 14:14:59 PST 2015"	"100"	"0"	"0"	"100"	"Reviewable"	"NotReviewed"	"1 scales"	"600"	"60000"	"Wed Jan 21 14:14:59 PST 2015"	"S92165"	"Approved"	""	"""sundae"""	"""chocolate"""	"""left"""	"0"	"-1"	"0"	"1"	"13"	"0"	"0"	"""2"""	"""1"""	"-1"	"""TRUE"""	"""target"""	"""TRUE"""	"-1"	"-1"	"-1"	"-1"	"-1"	"-1"	"""Attention misdirection """	""""""	""""""	"""f"""	"1"	"0"	"2"	"0"	"1"	"""3"""	"-1"
"What is he talking about? (1-2 mins)"	"Short and fun! A 1-2 minute word game about what someone is talking about."	"experiment, psychology, game"	"$0.20"	"Wed Jan 14 14:14:59 PST 2015"	"100"	"0"	"0"	"100"	"Reviewable"	"NotReviewed"	"1 scales"	"600"	"60000"	"Wed Jan 21 14:14:59 PST 2015"	"S79187"	"Approved"	""	"""pizza"""	"""olives"""	"""right"""	"0"	"-1"	"0"	"1"	"1"	"0"	"0"	"""2"""	"""1"""	"-1"	"""TRUE"""	"""target"""	"""TRUE"""	"-1"	"-1"	"-1"	"-1"	"-1"	"-1"	"""ordering pizza with olives"""	""""""	"""63"""	"""female"""	"1"	"0"	"0"	"1"	"2"	"""3"""	"-1"
"What is he talking about? (1-2 mins)"	"Short and fun! A 1-2 minute word game about what someone is talking about."	"experiment, psychology, game"	"$0.20"	"Wed Jan 14 14:14:59 PST 2015"	"100"	"0"	"0"	"100"	"Reviewable"	"NotReviewed"	"1 scales"	"600"	"60000"	"Wed Jan 21 14:14:59 PST 2015"	"S95528"	"Approved"	""	"""Christmas tree"""	"""ornaments"""	"""left"""	"0"	"-1"	"0"	"1"	"13"	"0"	"0"	"""2"""	"""1"""	"-1"	"""TRUE"""	"""logical"""	"""FALSE"""	"-1"	"-1"	"-1"	"-1"	"-1"	"-1"	"""trimmed christmas trees"""	""""""	"""33"""	"""m"""	"1"	"0"	"2"	"0"	"1"	"""3"""	"-1"
"What is he talking about? (1-2 mins)"	"Short and fun! A 1-2 minute word game about what someone is talking about."	"experiment, psychology, game"	"$0.20"	"Wed Jan 14 14:14:59 PST 2015"	"100"	"0"	"0"	"100"	"Reviewable"	"NotReviewed"	"1 scales"	"600"	"60000"	"Wed Jan 21 14:14:59 PST 2015"	"S75925"	"Approved"	""	"""pizza"""	"""mushrooms"""	"""right"""	"0"	"-1"	"0"	"1"	"13"	"0"	"0"	"""2"""	"""1"""	"-1"	"""TRUE"""	"""target"""	"""TRUE"""	"-1"	"-1"	"-1"	"-1"	"-1"	"-1"	"""Pizza"""	""""""	"""32"""	"""f"""	"1"	"0"	"1"	"0"	"2"	"""3"""	"-1"
"What is he talking about? (1-2 mins)"	"Short and fun! A 1-2 minute word game about what someone is talking about."	"experiment, psychology, game"	"$0.20"	"Wed Jan 14 14:14:59 PST 2015"	"100"	"0"	"0"	"100"	"Reviewable"	"NotReviewed"	"1 scales"	"600"	"60000"	"Wed Jan 21 14:14:59 PST 2015"	"S29201"	"Approved"	""	"""Christmas tree"""	"""lights"""	"""middle"""	"0"	"-1"	"0"	"1"	"13"	"0"	"0"	"""2"""	"""1"""	"-1"	"""TRUE"""	"""target"""	"""TRUE"""	"-1"	"-1"	"-1"	"-1"	"-1"	"-1"	"""Supposedly impressions of people"""	"""Clearly Bob could be talking about either B or C in this survey. Being forced into selecting one is a bit constraining."""	"""32"""	"""m"""	"1"	"0"	"2"	"1"	"0"	"""3"""	"-1"
"What is he talking about? (1-2 mins)"	"Short and fun! A 1-2 minute word game about what someone is talking about."	"experiment, psychology, game"	"$0.20"	"Wed Jan 14 14:14:59 PST 2015"	"100"	"0"	"0"	"100"	"Reviewable"	"NotReviewed"	"1 scales"	"600"	"60000"	"Wed Jan 21 14:14:59 PST 2015"	"S78551"	"Approved"	""	"""snowman"""	"""hat"""	"""middle"""	"0"	"-1"	"0"	"1"	"1"	"0"	"0"	"""2"""	"""1"""	"-1"	"""TRUE"""	"""target"""	"""TRUE"""	"-1"	"-1"	"-1"	"-1"	"-1"	"-1"	"""What snowman Bob was telling me"""	"""No"""	"""36"""	"""female"""	"1"	"0"	"2"	"0"	"1"	"""3"""	"-1"
"What is he talking about? (1-2 mins)"	"Short and fun! A 1-2 minute word game about what someone is talking about."	"experiment, psychology, game"	"$0.20"	"Wed Jan 14 14:14:59 PST 2015"	"100"	"0"	"0"	"100"	"Reviewable"	"NotReviewed"	"1 scales"	"600"	"60000"	"Wed Jan 21 14:14:59 PST 2015"	"S79217"	"Approved"	""	"""snowman"""	"""mittens"""	"""right"""	"0"	"-1"	"0"	"1"	"1"	"0"	"0"	"""2"""	"""1"""	"-1"	"""TRUE"""	"""target"""	"""TRUE"""	"-1"	"-1"	"-1"	"-1"	"-1"	"-1"	"""Determining what someone means"""	""""""	""""""	"""f"""	"1"	"0"	"1"	"0"	"2"	"""3"""	"-1"
"What is he talking about? (1-2 mins)"	"Short and fun! A 1-2 minute word game about what someone is talking about."	"experiment, psychology, game"	"$0.20"	"Wed Jan 14 14:14:59 PST 2015"	"100"	"0"	"0"	"100"	"Reviewable"	"NotReviewed"	"1 scales"	"600"	"60000"	"Wed Jan 21 14:14:59 PST 2015"	"S39592"	"Approved"	""	"""boat"""	"""cabin"""	"""right"""	"0"	"-1"	"0"	"1"	"1"	"0"	"0"	"""2"""	"""1"""	"-1"	"""TRUE"""	"""logical"""	"""FALSE"""	"-1"	"-1"	"-1"	"-1"	"-1"	"-1"	"""boats"""	"""no"""	"""26"""	"""m"""	"1"	"0"	"1"	"2"	"0"	"""3"""	"-1"
"What is he talking about? (1-2 mins)"	"Short and fun! A 1-2 minute word game about what someone is talking about."	"experiment, psychology, game"	"$0.20"	"Wed Jan 14 14:14:59 PST 2015"	"100"	"0"	"0"	"100"	"Reviewable"	"NotReviewed"	"1 scales"	"600"	"60000"	"Wed Jan 21 14:14:59 PST 2015"	"S15633"	"Approved"	""	"""snowman"""	"""scarf"""	"""middle"""	"0"	"-1"	"0"	"1"	"13"	"0"	"0"	"""2"""	"""1"""	"-1"	"""TRUE"""	"""target"""	"""TRUE"""	"-1"	"-1"	"-1"	"-1"	"-1"	"-1"	"""To see how people use limited information."""	"""I do not."""	"""27"""	"""m"""	"1"	"0"	"2"	"1"	"0"	"""3"""	"-1"
"What is he talking about? (1-2 mins)"	"Short and fun! A 1-2 minute word game about what someone is talking about."	"experiment, psychology, game"	"$0.20"	"Wed Jan 14 14:14:59 PST 2015"	"100"	"0"	"0"	"100"	"Reviewable"	"NotReviewed"	"1 scales"	"600"	"60000"	"Wed Jan 21 14:14:59 PST 2015"	"S62101"	"Approved"	""	"""Christmas tree"""	"""lights"""	"""right"""	"0"	"-1"	"0"	"1"	"1"	"0"	"0"	"""2"""	"""1"""	"-1"	"""TRUE"""	"""target"""	"""TRUE"""	"-1"	"-1"	"-1"	"-1"	"-1"	"-1"	"""which tree was bob talking about"""	"""no"""	"""31"""	"""m"""	"1"	"0"	"0"	"1"	"2"	"""3"""	"-1"
"What is he talking about? (1-2 mins)"	"Short and fun! A 1-2 minute word game about what someone is talking about."	"experiment, psychology, game"	"$0.20"	"Wed Jan 14 14:14:59 PST 2015"	"100"	"0"	"0"	"100"	"Reviewable"	"NotReviewed"	"1 scales"	"600"	"60000"	"Wed Jan 21 14:14:59 PST 2015"	"S08252"	"Approved"	""	"""friend"""	"""mustache"""	"""right"""	"0"	"-1"	"0"	"1"	"1"	"0"	"0"	"""2"""	"""1"""	"-1"	"""TRUE"""	"""target"""	"""TRUE"""	"-1"	"-1"	"-1"	"-1"	"-1"	"-1"	"""recgonition"""	"""none"""	""""""	"""m"""	"1"	"0"	"2"	"1"	"0"	"""3"""	"-1"
"What is he talking about? (1-2 mins)"	"Short and fun! A 1-2 minute word game about what someone is talking about."	"experiment, psychology, game"	"$0.20"	"Wed Jan 14 14:14:59 PST 2015"	"100"	"0"	"0"	"100"	"Reviewable"	"NotReviewed"	"1 scales"	"600"	"60000"	"Wed Jan 21 14:14:59 PST 2015"	"S63401"	"Approved"	""	"""boat"""	"""sail"""	"""left"""	"0"	"-1"	"0"	"1"	"1"	"0"	"0"	"""2"""	"""1"""	"-1"	"""TRUE"""	"""target"""	"""TRUE"""	"-1"	"-1"	"-1"	"-1"	"-1"	"-1"	"""what is he talking about"""	""""""	""""""	""""""	"1"	"0"	"2"	"0"	"1"	"""3"""	"-1"
"What is he talking about? (1-2 mins)"	"Short and fun! A 1-2 minute word game about what someone is talking about."	"experiment, psychology, game"	"$0.20"	"Wed Jan 14 14:14:59 PST 2015"	"100"	"0"	"0"	"100"	"Reviewable"	"NotReviewed"	"1 scales"	"600"	"60000"	"Wed Jan 21 14:14:59 PST 2015"	"S97970"	"Approved"	""	"""friend"""	"""glasses"""	"""right"""	"0"	"-1"	"0"	"1"	"13"	"0"	"0"	"""2"""	"""1"""	"-1"	"""TRUE"""	"""target"""	"""TRUE"""	"-1"	"-1"	"-1"	"-1"	"-1"	"-1"	"""It was about who Bob visited."""	"""no"""	"""36"""	"""f"""	"1"	"0"	"0"	"1"	"2"	"""3"""	"-1"
