"title"	"description"	"keywords"	"reward"	"creationtime"	"assignments"	"numavailable"	"numpending"	"numcomplete"	"hitstatus"	"reviewstatus"	"annotation"	"assignmentduration"	"autoapprovaldelay"	"hitlifetime"	"workerid"	"assignmentstatus"	"deadline"	"Answer.item"	"Answer.target_property"	"Answer.target_position"	"Answer.left_items"	"Answer.middle_items"	"Answer.right_items"	"Answer.position_chosen"	"Answer.items_chosen"	"Answer.target_frequency"	"Answer.familiarization_cond"	"Answer.participant_response_type_condition"	"Answer.participant_feature_count_condition"	"Answer.linguistic_framing_condition"	"Answer.target_filler_sequence_condition"	"Answer.question_type_condition"	"Answer.manip_check_target"	"Answer.manip_check_dist"	"Answer.manip_check_foil"	"Answer.name_check_correct"	"Answer.choice"	"Answer.choice_correct"	"Answer.money_allocated_to_foil"	"Answer.money_allocated_to_target"	"Answer.money_allocated_to_logical"	"Answer.Likert_value_foil"	"Answer.Likert_value_target"	"Answer.Likert_value_logical"	"Answer.about"	"Answer.comment"	"Answer.age"	"Answer.gender"	"Answer.scale_and_levels_condition"	"Answer.familiarization_present_in_study"	"Answer.top_question_order"	"Answer.middle_question_order"	"Answer.bottom_question_order"	"Answer.image_version"	"Answer.hand_position"
"What is he talking about? (1-2 mins)"	"Short and fun! A 1-2 minute word game about what someone is talking about."	"experiment, psychology, game"	"$0.20"	"Wed Feb 11 19:02:02 PST 2015"	"100"	"0"	"0"	"100"	"Reviewable"	"NotReviewed"	"1 scales"	"600"	"60000"	"Wed Feb 18 19:02:02 PST 2015"	"S82745"	"Approved"	""	"""boat"""	"""motor"""	"""right"""	"""sail,motor,"""	"""cabin,motor,"""	"""cabin,sail,"""	"""left"""	"""sail,motor,"""	"0"	"-1"	"0"	"2"	"1"	"0"	"3"	"""2"""	"""2"""	"""2"""	"""TRUE"""	"""twin_2"""	"""FALSE"""	"-1"	"-1"	"-1"	"-1"	"-1"	"-1"	"""Deciding which boat Bob wants to use"""	"""no"""	"""50"""	"""f"""	"8"	"0"	"2"	"0"	"1"	"""3"""	"-1"
"What is he talking about? (1-2 mins)"	"Short and fun! A 1-2 minute word game about what someone is talking about."	"experiment, psychology, game"	"$0.20"	"Wed Feb 11 19:02:02 PST 2015"	"100"	"0"	"0"	"100"	"Reviewable"	"NotReviewed"	"1 scales"	"600"	"60000"	"Wed Feb 18 19:02:02 PST 2015"	"S72642"	"Approved"	""	"""snowman"""	"""mittens"""	"""left"""	"""hat,scarf,"""	"""scarf,mittens,"""	"""hat,mittens,"""	"""middle"""	"""scarf,mittens,"""	"0"	"-1"	"0"	"2"	"1"	"0"	"3"	"""2"""	"""2"""	"""2"""	"""TRUE"""	"""twin_1"""	"""FALSE"""	"-1"	"-1"	"-1"	"-1"	"-1"	"-1"	"""Guessing what snowman Bob would make next"""	"""no"""	"""27"""	"""m"""	"8"	"0"	"1"	"2"	"0"	"""3"""	"-1"
"What is he talking about? (1-2 mins)"	"Short and fun! A 1-2 minute word game about what someone is talking about."	"experiment, psychology, game"	"$0.20"	"Wed Feb 11 19:02:02 PST 2015"	"100"	"0"	"0"	"100"	"Reviewable"	"NotReviewed"	"1 scales"	"600"	"60000"	"Wed Feb 18 19:02:02 PST 2015"	"S33494"	"Approved"	""	"""boat"""	"""cabin"""	"""middle"""	"""cabin,sail,"""	"""sail,motor,"""	"""cabin,motor,"""	"""left"""	"""cabin,sail,"""	"0"	"-1"	"0"	"2"	"1"	"0"	"3"	"""2"""	"""2"""	"""2"""	"""TRUE"""	"""twin_2"""	"""FALSE"""	"-1"	"-1"	"-1"	"-1"	"-1"	"-1"	"""Bob and his love of boats."""	""""""	"""34"""	"""f"""	"8"	"0"	"1"	"2"	"0"	"""3"""	"-1"
"What is he talking about? (1-2 mins)"	"Short and fun! A 1-2 minute word game about what someone is talking about."	"experiment, psychology, game"	"$0.20"	"Wed Feb 11 19:02:02 PST 2015"	"100"	"0"	"0"	"100"	"Reviewable"	"NotReviewed"	"1 scales"	"600"	"60000"	"Wed Feb 18 19:02:02 PST 2015"	"S47309"	"Approved"	""	"""pizza"""	"""mushrooms"""	"""right"""	"""mushrooms,olives,"""	"""mushrooms,peppers,"""	"""olives,peppers,"""	"""right"""	"""olives,peppers,"""	"0"	"-1"	"0"	"2"	"1"	"0"	"3"	"""2"""	"""2"""	"""2"""	"""TRUE"""	"""odd_one"""	"""FALSE"""	"-1"	"-1"	"-1"	"-1"	"-1"	"-1"	"""Bob and his love for Pizzas, and what did Bob say about said pizzas"""	"""I love PIZZA!!!!!!"""	"""22"""	"""m"""	"8"	"0"	"2"	"0"	"1"	"""3"""	"-1"
"What is he talking about? (1-2 mins)"	"Short and fun! A 1-2 minute word game about what someone is talking about."	"experiment, psychology, game"	"$0.20"	"Wed Feb 11 19:02:02 PST 2015"	"100"	"0"	"0"	"100"	"Reviewable"	"NotReviewed"	"1 scales"	"600"	"60000"	"Wed Feb 18 19:02:02 PST 2015"	"S56637"	"Approved"	""	"""snowman"""	"""hat"""	"""right"""	"""hat,mittens,"""	"""hat,scarf,"""	"""scarf,mittens,"""	"""right"""	"""scarf,mittens,"""	"0"	"-1"	"0"	"2"	"1"	"0"	"3"	"""2"""	"""2"""	"""2"""	"""TRUE"""	"""odd_one"""	"""FALSE"""	"-1"	"-1"	"-1"	"-1"	"-1"	"-1"	"""building snowmen"""	"""This was fun. Nice and short."""	"""39"""	"""m"""	"8"	"0"	"1"	"2"	"0"	"""3"""	"-1"
"What is he talking about? (1-2 mins)"	"Short and fun! A 1-2 minute word game about what someone is talking about."	"experiment, psychology, game"	"$0.20"	"Wed Feb 11 19:02:02 PST 2015"	"100"	"0"	"0"	"100"	"Reviewable"	"NotReviewed"	"1 scales"	"600"	"60000"	"Wed Feb 18 19:02:02 PST 2015"	"S98348"	"Approved"	""	"""sundae"""	"""chocolate"""	"""right"""	"""whipped cream,chocolate,"""	"""cherry,chocolate,"""	"""cherry,whipped cream,"""	"""middle"""	"""cherry,chocolate,"""	"0"	"-1"	"0"	"2"	"1"	"0"	"3"	"""2"""	"""2"""	"""2"""	"""TRUE"""	"""twin_2"""	"""FALSE"""	"-1"	"-1"	"-1"	"-1"	"-1"	"-1"	"""Icecream"""	"""odd survey"""	"""19"""	"""m"""	"8"	"0"	"2"	"1"	"0"	"""3"""	"-1"
"What is he talking about? (1-2 mins)"	"Short and fun! A 1-2 minute word game about what someone is talking about."	"experiment, psychology, game"	"$0.20"	"Wed Feb 11 19:02:02 PST 2015"	"100"	"0"	"0"	"100"	"Reviewable"	"NotReviewed"	"1 scales"	"600"	"60000"	"Wed Feb 18 19:02:02 PST 2015"	"S61462"	"Approved"	""	"""friend"""	"""hat"""	"""left"""	"""glasses,mustache,"""	"""hat,mustache,"""	"""hat,glasses,"""	"""left"""	"""glasses,mustache,"""	"0"	"-1"	"0"	"2"	"1"	"0"	"3"	"""2"""	"""2"""	"""2"""	"""TRUE"""	"""odd_one"""	"""FALSE"""	"-1"	"-1"	"-1"	"-1"	"-1"	"-1"	"""Bob goes to meet a friend every Sunday.  Which friend do you think is the one he describes as \""mumblemumble\""?"""	""""""	"""27"""	"""f"""	"8"	"0"	"1"	"2"	"0"	"""3"""	"-1"
"What is he talking about? (1-2 mins)"	"Short and fun! A 1-2 minute word game about what someone is talking about."	"experiment, psychology, game"	"$0.20"	"Wed Feb 11 19:02:02 PST 2015"	"100"	"0"	"0"	"100"	"Reviewable"	"NotReviewed"	"1 scales"	"600"	"60000"	"Wed Feb 18 19:02:02 PST 2015"	"S33344"	"Approved"	""	"""friend"""	"""hat"""	"""middle"""	"""hat,mustache,"""	"""glasses,mustache,"""	"""hat,glasses,"""	"""right"""	"""hat,glasses,"""	"0"	"-1"	"0"	"2"	"1"	"0"	"3"	"""2"""	"""2"""	"""2"""	"""TRUE"""	"""twin_2"""	"""FALSE"""	"-1"	"-1"	"-1"	"-1"	"-1"	"-1"	"""Bob going to meet up with a friend"""	"""no"""	"""49"""	"""f"""	"8"	"0"	"1"	"0"	"2"	"""3"""	"-1"
"What is he talking about? (1-2 mins)"	"Short and fun! A 1-2 minute word game about what someone is talking about."	"experiment, psychology, game"	"$0.20"	"Wed Feb 11 19:02:02 PST 2015"	"100"	"0"	"0"	"100"	"Reviewable"	"NotReviewed"	"1 scales"	"600"	"60000"	"Wed Feb 18 19:02:02 PST 2015"	"S33050"	"Approved"	""	"""friend"""	"""mustache"""	"""middle"""	"""glasses,mustache,"""	"""hat,glasses,"""	"""hat,mustache,"""	"""middle"""	"""hat,glasses,"""	"0"	"-1"	"0"	"2"	"1"	"0"	"3"	"""2"""	"""2"""	"""2"""	"""TRUE"""	"""odd_one"""	"""FALSE"""	"-1"	"-1"	"-1"	"-1"	"-1"	"-1"	"""meanings of words"""	""""""	"""62"""	"""m"""	"8"	"0"	"2"	"1"	"0"	"""3"""	"-1"
"What is he talking about? (1-2 mins)"	"Short and fun! A 1-2 minute word game about what someone is talking about."	"experiment, psychology, game"	"$0.20"	"Wed Feb 11 19:02:02 PST 2015"	"100"	"0"	"0"	"100"	"Reviewable"	"NotReviewed"	"1 scales"	"600"	"60000"	"Wed Feb 18 19:02:02 PST 2015"	"S84009"	"Approved"	""	"""sundae"""	"""chocolate"""	"""middle"""	"""whipped cream,chocolate,"""	"""cherry,whipped cream,"""	"""cherry,chocolate,"""	"""middle"""	"""cherry,whipped cream,"""	"0"	"-1"	"0"	"2"	"1"	"0"	"3"	"""2"""	"""2"""	"""2"""	"""TRUE"""	"""odd_one"""	"""FALSE"""	"-1"	"-1"	"-1"	"-1"	"-1"	"-1"	"""Bob and his sundaes"""	"""Bizarre :)"""	"""35"""	"""m"""	"8"	"0"	"2"	"0"	"1"	"""3"""	"-1"
"What is he talking about? (1-2 mins)"	"Short and fun! A 1-2 minute word game about what someone is talking about."	"experiment, psychology, game"	"$0.20"	"Wed Feb 11 19:02:02 PST 2015"	"100"	"0"	"0"	"100"	"Reviewable"	"NotReviewed"	"1 scales"	"600"	"60000"	"Wed Feb 18 19:02:02 PST 2015"	"S29947"	"Approved"	""	"""friend"""	"""glasses"""	"""middle"""	"""glasses,mustache,"""	"""hat,mustache,"""	"""hat,glasses,"""	"""left"""	"""glasses,mustache,"""	"0"	"-1"	"0"	"2"	"1"	"0"	"3"	"""2"""	"""2"""	"""2"""	"""TRUE"""	"""twin_1"""	"""FALSE"""	"-1"	"-1"	"-1"	"-1"	"-1"	"-1"	"""visiting friends"""	""""""	""""""	"""m"""	"8"	"0"	"2"	"0"	"1"	"""3"""	"-1"
"What is he talking about? (1-2 mins)"	"Short and fun! A 1-2 minute word game about what someone is talking about."	"experiment, psychology, game"	"$0.20"	"Wed Feb 11 19:02:02 PST 2015"	"100"	"0"	"0"	"100"	"Reviewable"	"NotReviewed"	"1 scales"	"600"	"60000"	"Wed Feb 18 19:02:02 PST 2015"	"S15882"	"Approved"	""	"""boat"""	"""motor"""	"""right"""	"""sail,motor,"""	"""cabin,motor,"""	"""cabin,sail,"""	"""left"""	"""sail,motor,"""	"0"	"-1"	"0"	"2"	"1"	"0"	"3"	"""2"""	"""2"""	"""2"""	"""TRUE"""	"""twin_2"""	"""FALSE"""	"-1"	"-1"	"-1"	"-1"	"-1"	"-1"	"""Communication of a word"""	""""""	"""28"""	"""m"""	"8"	"0"	"2"	"1"	"0"	"""3"""	"-1"
"What is he talking about? (1-2 mins)"	"Short and fun! A 1-2 minute word game about what someone is talking about."	"experiment, psychology, game"	"$0.20"	"Wed Feb 11 19:02:02 PST 2015"	"100"	"0"	"0"	"100"	"Reviewable"	"NotReviewed"	"1 scales"	"600"	"60000"	"Wed Feb 18 19:02:02 PST 2015"	"S91023"	"Approved"	""	"""boat"""	"""motor"""	"""left"""	"""cabin,sail,"""	"""cabin,motor,"""	"""sail,motor,"""	"""left"""	"""cabin,sail,"""	"0"	"-1"	"0"	"2"	"1"	"0"	"3"	"""2"""	"""2"""	"""2"""	"""TRUE"""	"""odd_one"""	"""FALSE"""	"-1"	"-1"	"-1"	"-1"	"-1"	"-1"	"""bob and the boats he rents on the weekends"""	"""no, I do not."""	"""27"""	"""f"""	"8"	"0"	"0"	"1"	"2"	"""3"""	"-1"
"What is he talking about? (1-2 mins)"	"Short and fun! A 1-2 minute word game about what someone is talking about."	"experiment, psychology, game"	"$0.20"	"Wed Feb 11 19:02:02 PST 2015"	"100"	"0"	"0"	"100"	"Reviewable"	"NotReviewed"	"1 scales"	"600"	"60000"	"Wed Feb 18 19:02:02 PST 2015"	"S51176"	"Approved"	""	"""pizza"""	"""mushrooms"""	"""right"""	"""mushrooms,olives,"""	"""mushrooms,peppers,"""	"""olives,peppers,"""	"""middle"""	"""mushrooms,peppers,"""	"0"	"-1"	"0"	"2"	"1"	"0"	"3"	"""2"""	"""2"""	"""2"""	"""TRUE"""	"""twin_2"""	"""FALSE"""	"-1"	"-1"	"-1"	"-1"	"-1"	"-1"	"""dont know"""	"""none"""	""""""	""""""	"8"	"0"	"0"	"2"	"1"	"""3"""	"-1"
"What is he talking about? (1-2 mins)"	"Short and fun! A 1-2 minute word game about what someone is talking about."	"experiment, psychology, game"	"$0.20"	"Wed Feb 11 19:02:02 PST 2015"	"100"	"0"	"0"	"100"	"Reviewable"	"NotReviewed"	"1 scales"	"600"	"60000"	"Wed Feb 18 19:02:02 PST 2015"	"S10366"	"Approved"	""	"""boat"""	"""cabin"""	"""right"""	"""cabin,motor,"""	"""cabin,sail,"""	"""sail,motor,"""	"""middle"""	"""cabin,sail,"""	"0"	"-1"	"0"	"2"	"1"	"0"	"3"	"""2"""	"""2"""	"""2"""	"""TRUE"""	"""twin_1"""	"""FALSE"""	"-1"	"-1"	"-1"	"-1"	"-1"	"-1"	"""Bob's choice in boats"""	"""Kinda hard to figure out. I just went off of \""Which boat will he SAIL next\"" and picked one with a cabin because it seemed like a nice thing to have."""	"""21"""	"""f"""	"8"	"0"	"0"	"1"	"2"	"""3"""	"-1"
"What is he talking about? (1-2 mins)"	"Short and fun! A 1-2 minute word game about what someone is talking about."	"experiment, psychology, game"	"$0.20"	"Wed Feb 11 19:02:02 PST 2015"	"100"	"0"	"0"	"100"	"Reviewable"	"NotReviewed"	"1 scales"	"600"	"60000"	"Wed Feb 18 19:02:02 PST 2015"	"S76532"	"Approved"	""	"""sundae"""	"""chocolate"""	"""middle"""	"""cherry,chocolate,"""	"""cherry,whipped cream,"""	"""whipped cream,chocolate,"""	"""middle"""	"""cherry,whipped cream,"""	"0"	"-1"	"0"	"2"	"1"	"0"	"3"	"""2"""	"""2"""	"""2"""	"""TRUE"""	"""odd_one"""	"""FALSE"""	"-1"	"-1"	"-1"	"-1"	"-1"	"-1"	"""to figure out what bob wants"""	"""thx"""	"""35"""	"""m"""	"8"	"0"	"1"	"2"	"0"	"""3"""	"-1"
"What is he talking about? (1-2 mins)"	"Short and fun! A 1-2 minute word game about what someone is talking about."	"experiment, psychology, game"	"$0.20"	"Wed Feb 11 19:02:02 PST 2015"	"100"	"0"	"0"	"100"	"Reviewable"	"NotReviewed"	"1 scales"	"600"	"60000"	"Wed Feb 18 19:02:02 PST 2015"	"S23792"	"Approved"	""	"""boat"""	"""cabin"""	"""left"""	"""sail,motor,"""	"""cabin,motor,"""	"""cabin,sail,"""	"""right"""	"""cabin,sail,"""	"0"	"-1"	"0"	"2"	"1"	"0"	"3"	"""2"""	"""2"""	"""2"""	"""TRUE"""	"""twin_2"""	"""FALSE"""	"-1"	"-1"	"-1"	"-1"	"-1"	"-1"	"""I have no idea"""	""""""	"""24"""	"""f"""	"8"	"0"	"2"	"0"	"1"	"""3"""	"-1"
"What is he talking about? (1-2 mins)"	"Short and fun! A 1-2 minute word game about what someone is talking about."	"experiment, psychology, game"	"$0.20"	"Wed Feb 11 19:02:02 PST 2015"	"100"	"0"	"0"	"100"	"Reviewable"	"NotReviewed"	"1 scales"	"600"	"60000"	"Wed Feb 18 19:02:02 PST 2015"	"S41763"	"Approved"	""	"""boat"""	"""sail"""	"""right"""	"""cabin,sail,"""	"""sail,motor,"""	"""cabin,motor,"""	"""left"""	"""cabin,sail,"""	"0"	"-1"	"0"	"2"	"1"	"0"	"3"	"""2"""	"""2"""	"""2"""	"""TRUE"""	"""twin_2"""	"""FALSE"""	"-1"	"-1"	"-1"	"-1"	"-1"	"-1"	"""sailing boats """	"""this survey was fun"""	"""25"""	"""f"""	"8"	"0"	"0"	"1"	"2"	"""3"""	"-1"
"What is he talking about? (1-2 mins)"	"Short and fun! A 1-2 minute word game about what someone is talking about."	"experiment, psychology, game"	"$0.20"	"Wed Feb 11 19:02:02 PST 2015"	"100"	"0"	"0"	"100"	"Reviewable"	"NotReviewed"	"1 scales"	"600"	"60000"	"Wed Feb 18 19:02:02 PST 2015"	"S77245"	"Approved"	""	"""Christmas tree"""	"""lights"""	"""middle"""	"""lights,ornaments,"""	"""ornaments,star,"""	"""lights,star,"""	"""left"""	"""lights,ornaments,"""	"0"	"-1"	"0"	"2"	"1"	"0"	"3"	"""2"""	"""2"""	"""2"""	"""TRUE"""	"""twin_1"""	"""FALSE"""	"-1"	"-1"	"-1"	"-1"	"-1"	"-1"	"""Christmas trees"""	""""""	"""22"""	"""m"""	"8"	"0"	"0"	"1"	"2"	"""3"""	"-1"
"What is he talking about? (1-2 mins)"	"Short and fun! A 1-2 minute word game about what someone is talking about."	"experiment, psychology, game"	"$0.20"	"Wed Feb 11 19:02:02 PST 2015"	"100"	"0"	"0"	"100"	"Reviewable"	"NotReviewed"	"1 scales"	"600"	"60000"	"Wed Feb 18 19:02:02 PST 2015"	"S58379"	"Approved"	""	"""Christmas tree"""	"""star"""	"""left"""	"""lights,ornaments,"""	"""lights,star,"""	"""ornaments,star,"""	"""left"""	"""lights,ornaments,"""	"0"	"-1"	"0"	"2"	"1"	"0"	"3"	"""2"""	"""2"""	"""2"""	"""FALSE"""	"""odd_one"""	"""FALSE"""	"-1"	"-1"	"-1"	"-1"	"-1"	"-1"	"""Christmas trees. Not sure what else."""	"""No."""	"""32"""	"""m"""	"8"	"0"	"1"	"2"	"0"	"""3"""	"-1"
"What is he talking about? (1-2 mins)"	"Short and fun! A 1-2 minute word game about what someone is talking about."	"experiment, psychology, game"	"$0.20"	"Wed Feb 11 19:02:02 PST 2015"	"100"	"0"	"0"	"100"	"Reviewable"	"NotReviewed"	"1 scales"	"600"	"60000"	"Wed Feb 18 19:02:02 PST 2015"	"S23412"	"Approved"	""	"""pizza"""	"""mushrooms"""	"""right"""	"""mushrooms,peppers,"""	"""mushrooms,olives,"""	"""olives,peppers,"""	"""middle"""	"""mushrooms,olives,"""	"0"	"-1"	"0"	"2"	"1"	"0"	"3"	"""2"""	"""2"""	"""2"""	"""TRUE"""	"""twin_1"""	"""FALSE"""	"-1"	"-1"	"-1"	"-1"	"-1"	"-1"	"""buying pizza"""	""""""	"""25"""	"""o"""	"8"	"0"	"2"	"1"	"0"	"""3"""	"-1"
"What is he talking about? (1-2 mins)"	"Short and fun! A 1-2 minute word game about what someone is talking about."	"experiment, psychology, game"	"$0.20"	"Wed Feb 11 19:02:02 PST 2015"	"100"	"0"	"0"	"100"	"Reviewable"	"NotReviewed"	"1 scales"	"600"	"60000"	"Wed Feb 18 19:02:02 PST 2015"	"S71721"	"Approved"	""	"""snowman"""	"""mittens"""	"""middle"""	"""hat,mittens,"""	"""hat,scarf,"""	"""scarf,mittens,"""	"""middle"""	"""hat,scarf,"""	"0"	"-1"	"0"	"2"	"1"	"0"	"3"	"""2"""	"""2"""	"""2"""	"""TRUE"""	"""odd_one"""	"""FALSE"""	"-1"	"-1"	"-1"	"-1"	"-1"	"-1"	"""Asking me about snowmen and what they're wearing. Also predict the snowman type that Bob will make next."""	"""No."""	"""30"""	"""m"""	"8"	"0"	"1"	"0"	"2"	"""3"""	"-1"
"What is he talking about? (1-2 mins)"	"Short and fun! A 1-2 minute word game about what someone is talking about."	"experiment, psychology, game"	"$0.20"	"Wed Feb 11 19:02:02 PST 2015"	"100"	"0"	"0"	"100"	"Reviewable"	"NotReviewed"	"1 scales"	"600"	"60000"	"Wed Feb 18 19:02:02 PST 2015"	"S33768"	"Approved"	""	"""sundae"""	"""whipped cream"""	"""right"""	"""cherry,whipped cream,"""	"""whipped cream,chocolate,"""	"""cherry,chocolate,"""	"""left"""	"""cherry,whipped cream,"""	"0"	"-1"	"0"	"2"	"1"	"0"	"3"	"""2"""	"""2"""	"""2"""	"""TRUE"""	"""twin_2"""	"""FALSE"""	"-1"	"-1"	"-1"	"-1"	"-1"	"-1"	"""Ice cream and Bob."""	"""No."""	"""26"""	"""M"""	"8"	"0"	"2"	"1"	"0"	"""3"""	"-1"
"What is he talking about? (1-2 mins)"	"Short and fun! A 1-2 minute word game about what someone is talking about."	"experiment, psychology, game"	"$0.20"	"Wed Feb 11 19:02:02 PST 2015"	"100"	"0"	"0"	"100"	"Reviewable"	"NotReviewed"	"1 scales"	"600"	"60000"	"Wed Feb 18 19:02:02 PST 2015"	"S83614"	"Approved"	""	"""pizza"""	"""olives"""	"""middle"""	"""olives,peppers,"""	"""mushrooms,peppers,"""	"""mushrooms,olives,"""	"""middle"""	"""mushrooms,peppers,"""	"0"	"-1"	"0"	"2"	"1"	"0"	"3"	"""2"""	"""2"""	"""2"""	"""TRUE"""	"""odd_one"""	"""FALSE"""	"-1"	"-1"	"-1"	"-1"	"-1"	"-1"	"""Bob mumbling about pizza"""	""""""	"""25"""	"""f"""	"8"	"0"	"1"	"0"	"2"	"""3"""	"-1"
"What is he talking about? (1-2 mins)"	"Short and fun! A 1-2 minute word game about what someone is talking about."	"experiment, psychology, game"	"$0.20"	"Wed Feb 11 19:02:02 PST 2015"	"100"	"0"	"0"	"100"	"Reviewable"	"NotReviewed"	"1 scales"	"600"	"60000"	"Wed Feb 18 19:02:02 PST 2015"	"S85566"	"Approved"	""	"""sundae"""	"""whipped cream"""	"""left"""	"""cherry,chocolate,"""	"""cherry,whipped cream,"""	"""whipped cream,chocolate,"""	"""left"""	"""cherry,chocolate,"""	"0"	"-1"	"0"	"2"	"1"	"0"	"3"	"""2"""	"""2"""	"""2"""	"""TRUE"""	"""odd_one"""	"""FALSE"""	"-1"	"-1"	"-1"	"-1"	"-1"	"-1"	"""Sundaes. And assumptions."""	"""Thanks for the awesome hit."""	"""26"""	"""f"""	"8"	"0"	"0"	"1"	"2"	"""3"""	"-1"
"What is he talking about? (1-2 mins)"	"Short and fun! A 1-2 minute word game about what someone is talking about."	"experiment, psychology, game"	"$0.20"	"Wed Feb 11 19:02:02 PST 2015"	"100"	"0"	"0"	"100"	"Reviewable"	"NotReviewed"	"1 scales"	"600"	"60000"	"Wed Feb 18 19:02:02 PST 2015"	"S77045"	"Approved"	""	"""friend"""	"""hat"""	"""left"""	"""glasses,mustache,"""	"""hat,glasses,"""	"""hat,mustache,"""	"""right"""	"""hat,mustache,"""	"0"	"-1"	"0"	"2"	"1"	"0"	"3"	"""2"""	"""2"""	"""2"""	"""TRUE"""	"""twin_1"""	"""FALSE"""	"-1"	"-1"	"-1"	"-1"	"-1"	"-1"	"""Meeting people with different appearance factors and deciding who he was talking about."""	""""""	"""27"""	"""m"""	"8"	"0"	"0"	"2"	"1"	"""3"""	"-1"
"What is he talking about? (1-2 mins)"	"Short and fun! A 1-2 minute word game about what someone is talking about."	"experiment, psychology, game"	"$0.20"	"Wed Feb 11 19:02:02 PST 2015"	"100"	"0"	"0"	"100"	"Reviewable"	"NotReviewed"	"1 scales"	"600"	"60000"	"Wed Feb 18 19:02:02 PST 2015"	"S82704"	"Approved"	""	"""sundae"""	"""whipped cream"""	"""middle"""	"""cherry,whipped cream,"""	"""cherry,chocolate,"""	"""whipped cream,chocolate,"""	"""left"""	"""cherry,whipped cream,"""	"0"	"-1"	"0"	"2"	"1"	"0"	"3"	"""2"""	"""2"""	"""2"""	"""FALSE"""	"""twin_1"""	"""FALSE"""	"-1"	"-1"	"-1"	"-1"	"-1"	"-1"	"""ice cream"""	"""none"""	"""27"""	"""male"""	"8"	"0"	"0"	"1"	"2"	"""3"""	"-1"
"What is he talking about? (1-2 mins)"	"Short and fun! A 1-2 minute word game about what someone is talking about."	"experiment, psychology, game"	"$0.20"	"Wed Feb 11 19:02:02 PST 2015"	"100"	"0"	"0"	"100"	"Reviewable"	"NotReviewed"	"1 scales"	"600"	"60000"	"Wed Feb 18 19:02:02 PST 2015"	"S03977"	"Approved"	""	"""sundae"""	"""whipped cream"""	"""left"""	"""cherry,chocolate,"""	"""cherry,whipped cream,"""	"""whipped cream,chocolate,"""	"""right"""	"""whipped cream,chocolate,"""	"0"	"-1"	"0"	"2"	"1"	"0"	"3"	"""2"""	"""2"""	"""2"""	"""TRUE"""	"""twin_1"""	"""FALSE"""	"-1"	"-1"	"-1"	"-1"	"-1"	"-1"	"""Interpretation of vague descriptions."""	"""No comment. Thank you."""	"""33"""	"""m"""	"8"	"0"	"1"	"0"	"2"	"""3"""	"-1"
"What is he talking about? (1-2 mins)"	"Short and fun! A 1-2 minute word game about what someone is talking about."	"experiment, psychology, game"	"$0.20"	"Wed Feb 11 19:02:02 PST 2015"	"100"	"0"	"0"	"100"	"Reviewable"	"NotReviewed"	"1 scales"	"600"	"60000"	"Wed Feb 18 19:02:02 PST 2015"	"S07287"	"Approved"	""	"""snowman"""	"""scarf"""	"""left"""	"""hat,mittens,"""	"""scarf,mittens,"""	"""hat,scarf,"""	"""middle"""	"""scarf,mittens,"""	"0"	"-1"	"0"	"2"	"1"	"0"	"3"	"""2"""	"""2"""	"""2"""	"""TRUE"""	"""twin_1"""	"""FALSE"""	"-1"	"-1"	"-1"	"-1"	"-1"	"-1"	"""I dont know"""	"""none"""	"""33"""	"""m"""	"8"	"0"	"0"	"2"	"1"	"""3"""	"-1"
"What is he talking about? (1-2 mins)"	"Short and fun! A 1-2 minute word game about what someone is talking about."	"experiment, psychology, game"	"$0.20"	"Wed Feb 11 19:02:02 PST 2015"	"100"	"0"	"0"	"100"	"Reviewable"	"NotReviewed"	"1 scales"	"600"	"60000"	"Wed Feb 18 19:02:02 PST 2015"	"S78166"	"Approved"	""	"""boat"""	"""motor"""	"""middle"""	"""sail,motor,"""	"""cabin,sail,"""	"""cabin,motor,"""	"""middle"""	"""cabin,sail,"""	"0"	"-1"	"0"	"2"	"1"	"0"	"3"	"""2"""	"""2"""	"""2"""	"""TRUE"""	"""odd_one"""	"""FALSE"""	"-1"	"-1"	"-1"	"-1"	"-1"	"-1"	"""This survey is about picking a choice out of equally probabilistic options."""	""""""	"""25"""	"""m"""	"8"	"0"	"1"	"2"	"0"	"""3"""	"-1"
"What is he talking about? (1-2 mins)"	"Short and fun! A 1-2 minute word game about what someone is talking about."	"experiment, psychology, game"	"$0.20"	"Wed Feb 11 19:02:02 PST 2015"	"100"	"0"	"0"	"100"	"Reviewable"	"NotReviewed"	"1 scales"	"600"	"60000"	"Wed Feb 18 19:02:02 PST 2015"	"S55893"	"Approved"	""	"""friend"""	"""hat"""	"""left"""	"""glasses,mustache,"""	"""hat,glasses,"""	"""hat,mustache,"""	"""middle"""	"""hat,glasses,"""	"0"	"-1"	"0"	"2"	"1"	"0"	"3"	"""2"""	"""2"""	"""2"""	"""TRUE"""	"""twin_2"""	"""FALSE"""	"-1"	"-1"	"-1"	"-1"	"-1"	"-1"	"""Deciding which person Bob visited by specific clues, or who is most recognizable and friendly."""	""""""	"""19"""	"""m"""	"8"	"0"	"0"	"2"	"1"	"""3"""	"-1"
"What is he talking about? (1-2 mins)"	"Short and fun! A 1-2 minute word game about what someone is talking about."	"experiment, psychology, game"	"$0.20"	"Wed Feb 11 19:02:02 PST 2015"	"100"	"0"	"0"	"100"	"Reviewable"	"NotReviewed"	"1 scales"	"600"	"60000"	"Wed Feb 18 19:02:02 PST 2015"	"S86183"	"Approved"	""	"""pizza"""	"""mushrooms"""	"""right"""	"""mushrooms,peppers,"""	"""mushrooms,olives,"""	"""olives,peppers,"""	"""middle"""	"""mushrooms,olives,"""	"0"	"-1"	"0"	"2"	"1"	"0"	"3"	"""2"""	"""2"""	"""2"""	"""TRUE"""	"""twin_2"""	"""FALSE"""	"-1"	"-1"	"-1"	"-1"	"-1"	"-1"	"""Language"""	"""No"""	""""""	"""m"""	"8"	"0"	"2"	"1"	"0"	"""3"""	"-1"
"What is he talking about? (1-2 mins)"	"Short and fun! A 1-2 minute word game about what someone is talking about."	"experiment, psychology, game"	"$0.20"	"Wed Feb 11 19:02:02 PST 2015"	"100"	"0"	"0"	"100"	"Reviewable"	"NotReviewed"	"1 scales"	"600"	"60000"	"Wed Feb 18 19:02:02 PST 2015"	"S20722"	"Approved"	""	"""Christmas tree"""	"""lights"""	"""left"""	"""ornaments,star,"""	"""lights,ornaments,"""	"""lights,star,"""	"""right"""	"""lights,star,"""	"0"	"-1"	"0"	"2"	"1"	"0"	"3"	"""2"""	"""2"""	"""2"""	"""TRUE"""	"""twin_1"""	"""FALSE"""	"-1"	"-1"	"-1"	"-1"	"-1"	"-1"	"""Making predictions about which trimmed tree Bob choose."""	"""This was an extremely weird survey. But I loved it!!!!!"""	"""19"""	"""M"""	"8"	"0"	"0"	"1"	"2"	"""3"""	"-1"
"What is he talking about? (1-2 mins)"	"Short and fun! A 1-2 minute word game about what someone is talking about."	"experiment, psychology, game"	"$0.20"	"Wed Feb 11 19:02:02 PST 2015"	"100"	"0"	"0"	"100"	"Reviewable"	"NotReviewed"	"1 scales"	"600"	"60000"	"Wed Feb 18 19:02:02 PST 2015"	"S05890"	"Approved"	""	"""pizza"""	"""olives"""	"""right"""	"""mushrooms,olives,"""	"""olives,peppers,"""	"""mushrooms,peppers,"""	"""middle"""	"""olives,peppers,"""	"0"	"-1"	"0"	"2"	"1"	"0"	"3"	"""2"""	"""2"""	"""2"""	"""TRUE"""	"""twin_1"""	"""FALSE"""	"-1"	"-1"	"-1"	"-1"	"-1"	"-1"	"""Bob eating pizza"""	""""""	"""34"""	"""m"""	"8"	"0"	"1"	"2"	"0"	"""3"""	"-1"
"What is he talking about? (1-2 mins)"	"Short and fun! A 1-2 minute word game about what someone is talking about."	"experiment, psychology, game"	"$0.20"	"Wed Feb 11 19:02:02 PST 2015"	"100"	"0"	"0"	"100"	"Reviewable"	"NotReviewed"	"1 scales"	"600"	"60000"	"Wed Feb 18 19:02:02 PST 2015"	"S13912"	"Approved"	""	"""friend"""	"""hat"""	"""left"""	"""glasses,mustache,"""	"""hat,glasses,"""	"""hat,mustache,"""	"""left"""	"""glasses,mustache,"""	"0"	"-1"	"0"	"2"	"1"	"0"	"3"	"""2"""	"""2"""	"""2"""	"""TRUE"""	"""odd_one"""	"""FALSE"""	"-1"	"-1"	"-1"	"-1"	"-1"	"-1"	"""people judgement"""	"""none"""	"""31"""	"""m"""	"8"	"0"	"2"	"0"	"1"	"""3"""	"-1"
"What is he talking about? (1-2 mins)"	"Short and fun! A 1-2 minute word game about what someone is talking about."	"experiment, psychology, game"	"$0.20"	"Wed Feb 11 19:02:02 PST 2015"	"100"	"0"	"0"	"100"	"Reviewable"	"NotReviewed"	"1 scales"	"600"	"60000"	"Wed Feb 18 19:02:02 PST 2015"	"S36896"	"Approved"	""	"""Christmas tree"""	"""ornaments"""	"""middle"""	"""ornaments,star,"""	"""lights,star,"""	"""lights,ornaments,"""	"""right"""	"""lights,ornaments,"""	"0"	"-1"	"0"	"2"	"1"	"0"	"3"	"""2"""	"""2"""	"""2"""	"""TRUE"""	"""twin_1"""	"""FALSE"""	"-1"	"-1"	"-1"	"-1"	"-1"	"-1"	"""Christmas trees"""	"""None, thank you!"""	"""27"""	"""f"""	"8"	"0"	"0"	"1"	"2"	"""3"""	"-1"
"What is he talking about? (1-2 mins)"	"Short and fun! A 1-2 minute word game about what someone is talking about."	"experiment, psychology, game"	"$0.20"	"Wed Feb 11 19:02:02 PST 2015"	"100"	"0"	"0"	"100"	"Reviewable"	"NotReviewed"	"1 scales"	"600"	"60000"	"Wed Feb 18 19:02:02 PST 2015"	"S62189"	"Approved"	""	"""snowman"""	"""scarf"""	"""left"""	"""hat,mittens,"""	"""scarf,mittens,"""	"""hat,scarf,"""	"""right"""	"""hat,scarf,"""	"0"	"-1"	"0"	"2"	"1"	"0"	"3"	"""2"""	"""2"""	"""2"""	"""TRUE"""	"""twin_2"""	"""FALSE"""	"-1"	"-1"	"-1"	"-1"	"-1"	"-1"	"""Snowmen and how many of each were wearing something."""	"""No"""	"""32"""	"""F"""	"8"	"0"	"0"	"1"	"2"	"""3"""	"-1"
"What is he talking about? (1-2 mins)"	"Short and fun! A 1-2 minute word game about what someone is talking about."	"experiment, psychology, game"	"$0.20"	"Wed Feb 11 19:02:02 PST 2015"	"100"	"0"	"0"	"100"	"Reviewable"	"NotReviewed"	"1 scales"	"600"	"60000"	"Wed Feb 18 19:02:02 PST 2015"	"S68008"	"Approved"	""	"""snowman"""	"""scarf"""	"""left"""	"""hat,mittens,"""	"""hat,scarf,"""	"""scarf,mittens,"""	"""left"""	"""hat,mittens,"""	"0"	"-1"	"0"	"2"	"1"	"0"	"3"	"""2"""	"""2"""	"""2"""	"""FALSE"""	"""odd_one"""	"""FALSE"""	"-1"	"-1"	"-1"	"-1"	"-1"	"-1"	"""Behavioral predictions"""	""""""	"""21"""	"""m"""	"8"	"0"	"1"	"0"	"2"	"""3"""	"-1"
"What is he talking about? (1-2 mins)"	"Short and fun! A 1-2 minute word game about what someone is talking about."	"experiment, psychology, game"	"$0.20"	"Wed Feb 11 19:02:02 PST 2015"	"100"	"0"	"0"	"100"	"Reviewable"	"NotReviewed"	"1 scales"	"600"	"60000"	"Wed Feb 18 19:02:02 PST 2015"	"S89048"	"Approved"	""	"""snowman"""	"""hat"""	"""right"""	"""hat,scarf,"""	"""hat,mittens,"""	"""scarf,mittens,"""	"""right"""	"""scarf,mittens,"""	"0"	"-1"	"0"	"2"	"1"	"0"	"3"	"""2"""	"""2"""	"""2"""	"""TRUE"""	"""odd_one"""	"""FALSE"""	"-1"	"-1"	"-1"	"-1"	"-1"	"-1"	"""not sure"""	""""""	"""20"""	"""m"""	"8"	"0"	"0"	"1"	"2"	"""3"""	"-1"
"What is he talking about? (1-2 mins)"	"Short and fun! A 1-2 minute word game about what someone is talking about."	"experiment, psychology, game"	"$0.20"	"Wed Feb 11 19:02:02 PST 2015"	"100"	"0"	"0"	"100"	"Reviewable"	"NotReviewed"	"1 scales"	"600"	"60000"	"Wed Feb 18 19:02:02 PST 2015"	"S16373"	"Approved"	""	"""pizza"""	"""olives"""	"""right"""	"""mushrooms,olives,"""	"""olives,peppers,"""	"""mushrooms,peppers,"""	"""middle"""	"""olives,peppers,"""	"0"	"-1"	"0"	"2"	"1"	"0"	"3"	"""3"""	"""2"""	"""2"""	"""FALSE"""	"""twin_1"""	"""FALSE"""	"-1"	"-1"	"-1"	"-1"	"-1"	"-1"	"""What pizza bob wanted based on what he said"""	""""""	"""23"""	"""m"""	"8"	"0"	"2"	"0"	"1"	"""3"""	"-1"
"What is he talking about? (1-2 mins)"	"Short and fun! A 1-2 minute word game about what someone is talking about."	"experiment, psychology, game"	"$0.20"	"Wed Feb 11 19:02:02 PST 2015"	"100"	"0"	"0"	"100"	"Reviewable"	"NotReviewed"	"1 scales"	"600"	"60000"	"Wed Feb 18 19:02:02 PST 2015"	"S21372"	"Approved"	""	"""Christmas tree"""	"""star"""	"""left"""	"""lights,ornaments,"""	"""lights,star,"""	"""ornaments,star,"""	"""middle"""	"""lights,star,"""	"0"	"-1"	"0"	"2"	"1"	"0"	"3"	"""2"""	"""2"""	"""2"""	"""TRUE"""	"""twin_1"""	"""FALSE"""	"-1"	"-1"	"-1"	"-1"	"-1"	"-1"	"""Christmas trees"""	""""""	"""21"""	"""m"""	"8"	"0"	"2"	"1"	"0"	"""3"""	"-1"
"What is he talking about? (1-2 mins)"	"Short and fun! A 1-2 minute word game about what someone is talking about."	"experiment, psychology, game"	"$0.20"	"Wed Feb 11 19:02:02 PST 2015"	"100"	"0"	"0"	"100"	"Reviewable"	"NotReviewed"	"1 scales"	"600"	"60000"	"Wed Feb 18 19:02:02 PST 2015"	"S05614"	"Approved"	""	"""boat"""	"""motor"""	"""left"""	"""cabin,sail,"""	"""sail,motor,"""	"""cabin,motor,"""	"""middle"""	"""sail,motor,"""	"0"	"-1"	"0"	"2"	"1"	"0"	"3"	"""2"""	"""2"""	"""2"""	"""TRUE"""	"""twin_2"""	"""FALSE"""	"-1"	"-1"	"-1"	"-1"	"-1"	"-1"	"""Boats"""	""""""	"""30"""	"""m"""	"8"	"0"	"2"	"0"	"1"	"""3"""	"-1"
"What is he talking about? (1-2 mins)"	"Short and fun! A 1-2 minute word game about what someone is talking about."	"experiment, psychology, game"	"$0.20"	"Wed Feb 11 19:02:02 PST 2015"	"100"	"0"	"0"	"100"	"Reviewable"	"NotReviewed"	"1 scales"	"600"	"60000"	"Wed Feb 18 19:02:02 PST 2015"	"S32150"	"Approved"	""	"""Christmas tree"""	"""star"""	"""right"""	"""lights,star,"""	"""ornaments,star,"""	"""lights,ornaments,"""	"""middle"""	"""ornaments,star,"""	"0"	"-1"	"0"	"2"	"1"	"0"	"3"	"""2"""	"""2"""	"""2"""	"""TRUE"""	"""twin_2"""	"""FALSE"""	"-1"	"-1"	"-1"	"-1"	"-1"	"-1"	"""Trimming christmas trees"""	"""None"""	"""27"""	"""m"""	"8"	"0"	"2"	"1"	"0"	"""3"""	"-1"
"What is he talking about? (1-2 mins)"	"Short and fun! A 1-2 minute word game about what someone is talking about."	"experiment, psychology, game"	"$0.20"	"Wed Feb 11 19:02:02 PST 2015"	"100"	"0"	"0"	"100"	"Reviewable"	"NotReviewed"	"1 scales"	"600"	"60000"	"Wed Feb 18 19:02:02 PST 2015"	"S01096"	"Approved"	""	"""pizza"""	"""peppers"""	"""right"""	"""mushrooms,peppers,"""	"""olives,peppers,"""	"""mushrooms,olives,"""	"""left"""	"""mushrooms,peppers,"""	"0"	"-1"	"0"	"2"	"1"	"0"	"3"	"""2"""	"""2"""	"""2"""	"""TRUE"""	"""twin_2"""	"""FALSE"""	"-1"	"-1"	"-1"	"-1"	"-1"	"-1"	"""pizza"""	""""""	""""""	"""f"""	"8"	"0"	"2"	"1"	"0"	"""3"""	"-1"
"What is he talking about? (1-2 mins)"	"Short and fun! A 1-2 minute word game about what someone is talking about."	"experiment, psychology, game"	"$0.20"	"Wed Feb 11 19:02:02 PST 2015"	"100"	"0"	"0"	"100"	"Reviewable"	"NotReviewed"	"1 scales"	"600"	"60000"	"Wed Feb 18 19:02:02 PST 2015"	"S63097"	"Approved"	""	"""snowman"""	"""hat"""	"""middle"""	"""hat,scarf,"""	"""scarf,mittens,"""	"""hat,mittens,"""	"""left"""	"""hat,scarf,"""	"0"	"-1"	"0"	"2"	"1"	"0"	"3"	"""2"""	"""2"""	"""2"""	"""TRUE"""	"""twin_2"""	"""FALSE"""	"-1"	"-1"	"-1"	"-1"	"-1"	"-1"	"""Patterns"""	"""no"""	"""28"""	"""f"""	"8"	"0"	"1"	"0"	"2"	"""3"""	"-1"
"What is he talking about? (1-2 mins)"	"Short and fun! A 1-2 minute word game about what someone is talking about."	"experiment, psychology, game"	"$0.20"	"Wed Feb 11 19:02:02 PST 2015"	"100"	"0"	"0"	"100"	"Reviewable"	"NotReviewed"	"1 scales"	"600"	"60000"	"Wed Feb 18 19:02:02 PST 2015"	"S03946"	"Approved"	""	"""snowman"""	"""scarf"""	"""right"""	"""scarf,mittens,"""	"""hat,scarf,"""	"""hat,mittens,"""	"""middle"""	"""hat,scarf,"""	"0"	"-1"	"0"	"2"	"1"	"0"	"3"	"""2"""	"""2"""	"""2"""	"""TRUE"""	"""twin_2"""	"""FALSE"""	"-1"	"-1"	"-1"	"-1"	"-1"	"-1"	"""What did Bob say"""	"""n/a"""	"""29"""	"""m"""	"8"	"0"	"0"	"1"	"2"	"""3"""	"-1"
"What is he talking about? (1-2 mins)"	"Short and fun! A 1-2 minute word game about what someone is talking about."	"experiment, psychology, game"	"$0.20"	"Wed Feb 11 19:02:02 PST 2015"	"100"	"0"	"0"	"100"	"Reviewable"	"NotReviewed"	"1 scales"	"600"	"60000"	"Wed Feb 18 19:02:02 PST 2015"	"S72026"	"Approved"	""	"""sundae"""	"""chocolate"""	"""left"""	"""cherry,whipped cream,"""	"""cherry,chocolate,"""	"""whipped cream,chocolate,"""	"""middle"""	"""cherry,chocolate,"""	"0"	"-1"	"0"	"2"	"1"	"0"	"3"	"""2"""	"""2"""	"""2"""	"""TRUE"""	"""twin_2"""	"""FALSE"""	"-1"	"-1"	"-1"	"-1"	"-1"	"-1"	"""Sundaes"""	"""it said he ate them then said he was going to eat one. Doesnt make sense."""	""""""	"""m"""	"8"	"0"	"2"	"1"	"0"	"""3"""	"-1"
"What is he talking about? (1-2 mins)"	"Short and fun! A 1-2 minute word game about what someone is talking about."	"experiment, psychology, game"	"$0.20"	"Wed Feb 11 19:02:02 PST 2015"	"100"	"0"	"0"	"100"	"Reviewable"	"NotReviewed"	"1 scales"	"600"	"60000"	"Wed Feb 18 19:02:02 PST 2015"	"S51126"	"Approved"	""	"""sundae"""	"""cherry"""	"""right"""	"""cherry,chocolate,"""	"""cherry,whipped cream,"""	"""whipped cream,chocolate,"""	"""left"""	"""cherry,chocolate,"""	"0"	"-1"	"0"	"2"	"1"	"0"	"3"	"""2"""	"""2"""	"""2"""	"""TRUE"""	"""twin_1"""	"""FALSE"""	"-1"	"-1"	"-1"	"-1"	"-1"	"-1"	"""What ice cream bob wanted"""	""""""	"""22"""	"""m"""	"8"	"0"	"2"	"1"	"0"	"""3"""	"-1"
"What is he talking about? (1-2 mins)"	"Short and fun! A 1-2 minute word game about what someone is talking about."	"experiment, psychology, game"	"$0.20"	"Wed Feb 11 19:02:02 PST 2015"	"100"	"0"	"0"	"100"	"Reviewable"	"NotReviewed"	"1 scales"	"600"	"60000"	"Wed Feb 18 19:02:02 PST 2015"	"S12257"	"Approved"	""	"""Christmas tree"""	"""lights"""	"""left"""	"""ornaments,star,"""	"""lights,ornaments,"""	"""lights,star,"""	"""middle"""	"""lights,ornaments,"""	"0"	"-1"	"0"	"2"	"1"	"0"	"3"	"""2"""	"""2"""	"""2"""	"""TRUE"""	"""twin_2"""	"""FALSE"""	"-1"	"-1"	"-1"	"-1"	"-1"	"-1"	"""Christmas Tree Trimming, and Bob"""	"""No"""	"""47"""	"""M"""	"8"	"0"	"0"	"2"	"1"	"""3"""	"-1"
"What is he talking about? (1-2 mins)"	"Short and fun! A 1-2 minute word game about what someone is talking about."	"experiment, psychology, game"	"$0.20"	"Wed Feb 11 19:02:02 PST 2015"	"100"	"0"	"0"	"100"	"Reviewable"	"NotReviewed"	"1 scales"	"600"	"60000"	"Wed Feb 18 19:02:02 PST 2015"	"S83728"	"Approved"	""	"""pizza"""	"""mushrooms"""	"""left"""	"""olives,peppers,"""	"""mushrooms,olives,"""	"""mushrooms,peppers,"""	"""middle"""	"""mushrooms,olives,"""	"0"	"-1"	"0"	"2"	"1"	"0"	"3"	"""2"""	"""2"""	"""2"""	"""TRUE"""	"""twin_2"""	"""FALSE"""	"-1"	"-1"	"-1"	"-1"	"-1"	"-1"	"""pizza choice"""	""""""	""""""	""""""	"8"	"0"	"2"	"0"	"1"	"""3"""	"-1"
"What is he talking about? (1-2 mins)"	"Short and fun! A 1-2 minute word game about what someone is talking about."	"experiment, psychology, game"	"$0.20"	"Wed Feb 11 19:02:02 PST 2015"	"100"	"0"	"0"	"100"	"Reviewable"	"NotReviewed"	"1 scales"	"600"	"60000"	"Wed Feb 18 19:02:02 PST 2015"	"S10082"	"Approved"	""	"""snowman"""	"""mittens"""	"""middle"""	"""scarf,mittens,"""	"""hat,scarf,"""	"""hat,mittens,"""	"""right"""	"""hat,mittens,"""	"0"	"-1"	"0"	"2"	"1"	"0"	"3"	"""2"""	"""2"""	"""2"""	"""TRUE"""	"""twin_1"""	"""FALSE"""	"-1"	"-1"	"-1"	"-1"	"-1"	"-1"	"""Snowmen"""	"""Nope"""	"""37"""	"""m"""	"8"	"0"	"2"	"1"	"0"	"""3"""	"-1"
"What is he talking about? (1-2 mins)"	"Short and fun! A 1-2 minute word game about what someone is talking about."	"experiment, psychology, game"	"$0.20"	"Wed Feb 11 19:02:02 PST 2015"	"100"	"0"	"0"	"100"	"Reviewable"	"NotReviewed"	"1 scales"	"600"	"60000"	"Wed Feb 18 19:02:02 PST 2015"	"S90685"	"Approved"	""	"""friend"""	"""mustache"""	"""left"""	"""hat,glasses,"""	"""hat,mustache,"""	"""glasses,mustache,"""	"""right"""	"""glasses,mustache,"""	"0"	"-1"	"0"	"2"	"1"	"0"	"3"	"""2"""	"""2"""	"""2"""	"""TRUE"""	"""twin_1"""	"""FALSE"""	"-1"	"-1"	"-1"	"-1"	"-1"	"-1"	"""Assuming who Bob would visit by the looks of both characters? """	""""""	"""23"""	"""f"""	"8"	"0"	"1"	"0"	"2"	"""3"""	"-1"
"What is he talking about? (1-2 mins)"	"Short and fun! A 1-2 minute word game about what someone is talking about."	"experiment, psychology, game"	"$0.20"	"Wed Feb 11 19:02:02 PST 2015"	"100"	"0"	"0"	"100"	"Reviewable"	"NotReviewed"	"1 scales"	"600"	"60000"	"Wed Feb 18 19:02:02 PST 2015"	"S18300"	"Approved"	""	"""sundae"""	"""cherry"""	"""middle"""	"""cherry,chocolate,"""	"""whipped cream,chocolate,"""	"""cherry,whipped cream,"""	"""middle"""	"""whipped cream,chocolate,"""	"0"	"-1"	"0"	"2"	"1"	"0"	"3"	"""2"""	"""2"""	"""2"""	"""TRUE"""	"""odd_one"""	"""FALSE"""	"-1"	"-1"	"-1"	"-1"	"-1"	"-1"	"""what sundae he will eat next"""	"""no"""	"""50"""	"""f"""	"8"	"0"	"2"	"1"	"0"	"""3"""	"-1"
"What is he talking about? (1-2 mins)"	"Short and fun! A 1-2 minute word game about what someone is talking about."	"experiment, psychology, game"	"$0.20"	"Wed Feb 11 19:02:02 PST 2015"	"100"	"0"	"0"	"100"	"Reviewable"	"NotReviewed"	"1 scales"	"600"	"60000"	"Wed Feb 18 19:02:02 PST 2015"	"S47926"	"Approved"	""	"""sundae"""	"""cherry"""	"""left"""	"""whipped cream,chocolate,"""	"""cherry,chocolate,"""	"""cherry,whipped cream,"""	"""left"""	"""whipped cream,chocolate,"""	"0"	"-1"	"0"	"2"	"1"	"0"	"3"	"""1"""	"""3"""	"""2"""	"""TRUE"""	"""odd_one"""	"""FALSE"""	"-1"	"-1"	"-1"	"-1"	"-1"	"-1"	"""na"""	""""""	"""28"""	"""m"""	"8"	"0"	"2"	"0"	"1"	"""3"""	"-1"
"What is he talking about? (1-2 mins)"	"Short and fun! A 1-2 minute word game about what someone is talking about."	"experiment, psychology, game"	"$0.20"	"Wed Feb 11 19:02:02 PST 2015"	"100"	"0"	"0"	"100"	"Reviewable"	"NotReviewed"	"1 scales"	"600"	"60000"	"Wed Feb 18 19:02:02 PST 2015"	"S84885"	"Approved"	""	"""boat"""	"""sail"""	"""left"""	"""cabin,motor,"""	"""sail,motor,"""	"""cabin,sail,"""	"""right"""	"""cabin,sail,"""	"0"	"-1"	"0"	"2"	"1"	"0"	"3"	"""2"""	"""2"""	"""2"""	"""TRUE"""	"""twin_1"""	"""FALSE"""	"-1"	"-1"	"-1"	"-1"	"-1"	"-1"	"""boats"""	""""""	"""59"""	"""f"""	"8"	"0"	"2"	"0"	"1"	"""3"""	"-1"
"What is he talking about? (1-2 mins)"	"Short and fun! A 1-2 minute word game about what someone is talking about."	"experiment, psychology, game"	"$0.20"	"Wed Feb 11 19:02:02 PST 2015"	"100"	"0"	"0"	"100"	"Reviewable"	"NotReviewed"	"1 scales"	"600"	"60000"	"Wed Feb 18 19:02:02 PST 2015"	"S04417"	"Approved"	""	"""sundae"""	"""cherry"""	"""middle"""	"""cherry,whipped cream,"""	"""whipped cream,chocolate,"""	"""cherry,chocolate,"""	"""left"""	"""cherry,whipped cream,"""	"0"	"-1"	"0"	"2"	"1"	"0"	"3"	"""2"""	"""2"""	"""2"""	"""TRUE"""	"""twin_1"""	"""FALSE"""	"-1"	"-1"	"-1"	"-1"	"-1"	"-1"	"""Figuring out what sunday Bob said he was going to eat but all I heard was mumblemumble"""	""""""	"""25"""	"""m"""	"8"	"0"	"1"	"2"	"0"	"""3"""	"-1"
"What is he talking about? (1-2 mins)"	"Short and fun! A 1-2 minute word game about what someone is talking about."	"experiment, psychology, game"	"$0.20"	"Wed Feb 11 19:02:02 PST 2015"	"100"	"0"	"0"	"100"	"Reviewable"	"NotReviewed"	"1 scales"	"600"	"60000"	"Wed Feb 18 19:02:02 PST 2015"	"S39025"	"Approved"	""	"""boat"""	"""motor"""	"""middle"""	"""sail,motor,"""	"""cabin,sail,"""	"""cabin,motor,"""	"""left"""	"""sail,motor,"""	"0"	"-1"	"0"	"2"	"1"	"0"	"3"	"""2"""	"""2"""	"""2"""	"""TRUE"""	"""twin_1"""	"""FALSE"""	"-1"	"-1"	"-1"	"-1"	"-1"	"-1"	"""language/comprehension"""	""""""	"""19"""	"""m"""	"8"	"0"	"2"	"0"	"1"	"""3"""	"-1"
"What is he talking about? (1-2 mins)"	"Short and fun! A 1-2 minute word game about what someone is talking about."	"experiment, psychology, game"	"$0.20"	"Wed Feb 11 19:02:02 PST 2015"	"100"	"0"	"0"	"100"	"Reviewable"	"NotReviewed"	"1 scales"	"600"	"60000"	"Wed Feb 18 19:02:02 PST 2015"	"S23385"	"Approved"	""	"""Christmas tree"""	"""lights"""	"""middle"""	"""lights,star,"""	"""ornaments,star,"""	"""lights,ornaments,"""	"""middle"""	"""ornaments,star,"""	"0"	"-1"	"0"	"2"	"1"	"0"	"3"	"""2"""	"""2"""	""""""	"""TRUE"""	"""odd_one"""	"""FALSE"""	"-1"	"-1"	"-1"	"-1"	"-1"	"-1"	"""Bob trimming Christmas trees and which one he might do next."""	"""no"""	"""42"""	"""f"""	"8"	"0"	"1"	"0"	"2"	"""3"""	"-1"
"What is he talking about? (1-2 mins)"	"Short and fun! A 1-2 minute word game about what someone is talking about."	"experiment, psychology, game"	"$0.20"	"Wed Feb 11 19:02:02 PST 2015"	"100"	"0"	"0"	"100"	"Reviewable"	"NotReviewed"	"1 scales"	"600"	"60000"	"Wed Feb 18 19:02:02 PST 2015"	"S38571"	"Approved"	""	"""friend"""	"""hat"""	"""right"""	"""hat,glasses,"""	"""hat,mustache,"""	"""glasses,mustache,"""	"""middle"""	"""hat,mustache,"""	"0"	"-1"	"0"	"2"	"1"	"0"	"3"	"""2"""	"""2"""	"""2"""	"""TRUE"""	"""twin_2"""	"""FALSE"""	"-1"	"-1"	"-1"	"-1"	"-1"	"-1"	"""Whether we remember Bob or not."""	""""""	"""18"""	"""F"""	"8"	"0"	"2"	"0"	"1"	"""3"""	"-1"
"What is he talking about? (1-2 mins)"	"Short and fun! A 1-2 minute word game about what someone is talking about."	"experiment, psychology, game"	"$0.20"	"Wed Feb 11 19:02:02 PST 2015"	"100"	"0"	"0"	"100"	"Reviewable"	"NotReviewed"	"1 scales"	"600"	"60000"	"Wed Feb 18 19:02:02 PST 2015"	"S00701"	"Approved"	""	"""pizza"""	"""mushrooms"""	"""right"""	"""mushrooms,peppers,"""	"""mushrooms,olives,"""	"""olives,peppers,"""	"""left"""	"""mushrooms,peppers,"""	"0"	"-1"	"0"	"2"	"1"	"0"	"3"	"""2"""	"""2"""	"""2"""	"""TRUE"""	"""twin_2"""	"""FALSE"""	"-1"	"-1"	"-1"	"-1"	"-1"	"-1"	"""identify what bob meant"""	""""""	""""""	""""""	"8"	"0"	"1"	"2"	"0"	"""3"""	"-1"
"What is he talking about? (1-2 mins)"	"Short and fun! A 1-2 minute word game about what someone is talking about."	"experiment, psychology, game"	"$0.20"	"Wed Feb 11 19:02:02 PST 2015"	"100"	"0"	"0"	"100"	"Reviewable"	"NotReviewed"	"1 scales"	"600"	"60000"	"Wed Feb 18 19:02:02 PST 2015"	"S47736"	"Approved"	""	"""pizza"""	"""peppers"""	"""left"""	"""mushrooms,olives,"""	"""olives,peppers,"""	"""mushrooms,peppers,"""	"""middle"""	"""olives,peppers,"""	"0"	"-1"	"0"	"2"	"1"	"0"	"3"	"""2"""	"""2"""	"""2"""	"""TRUE"""	"""twin_1"""	"""FALSE"""	"-1"	"-1"	"-1"	"-1"	"-1"	"-1"	"""Trying to determine what Bob meant."""	""""""	"""56"""	"""m"""	"8"	"0"	"0"	"1"	"2"	"""3"""	"-1"
"What is he talking about? (1-2 mins)"	"Short and fun! A 1-2 minute word game about what someone is talking about."	"experiment, psychology, game"	"$0.20"	"Wed Feb 11 19:02:02 PST 2015"	"100"	"0"	"0"	"100"	"Reviewable"	"NotReviewed"	"1 scales"	"600"	"60000"	"Wed Feb 18 19:02:02 PST 2015"	"S47605"	"Approved"	""	"""pizza"""	"""olives"""	"""middle"""	"""olives,peppers,"""	"""mushrooms,peppers,"""	"""mushrooms,olives,"""	"""left"""	"""olives,peppers,"""	"0"	"-1"	"0"	"2"	"1"	"0"	"3"	"""2"""	"""2"""	"""2"""	"""TRUE"""	"""twin_2"""	"""FALSE"""	"-1"	"-1"	"-1"	"-1"	"-1"	"-1"	"""Pizza"""	"""I like the pizza :)"""	"""24"""	"""m"""	"8"	"0"	"2"	"0"	"1"	"""3"""	"-1"
"What is he talking about? (1-2 mins)"	"Short and fun! A 1-2 minute word game about what someone is talking about."	"experiment, psychology, game"	"$0.20"	"Wed Feb 11 19:02:02 PST 2015"	"100"	"0"	"0"	"100"	"Reviewable"	"NotReviewed"	"1 scales"	"600"	"60000"	"Wed Feb 18 19:02:02 PST 2015"	"S85390"	"Approved"	""	"""Christmas tree"""	"""star"""	"""right"""	"""ornaments,star,"""	"""lights,star,"""	"""lights,ornaments,"""	"""right"""	"""lights,ornaments,"""	"0"	"-1"	"0"	"2"	"1"	"0"	"3"	"""2"""	"""2"""	"""2"""	"""TRUE"""	"""odd_one"""	"""FALSE"""	"-1"	"-1"	"-1"	"-1"	"-1"	"-1"	"""Bob trimming Christmas trees"""	"""no"""	"""37"""	"""female"""	"8"	"0"	"1"	"0"	"2"	"""3"""	"-1"
"What is he talking about? (1-2 mins)"	"Short and fun! A 1-2 minute word game about what someone is talking about."	"experiment, psychology, game"	"$0.20"	"Wed Feb 11 19:02:02 PST 2015"	"100"	"0"	"0"	"100"	"Reviewable"	"NotReviewed"	"1 scales"	"600"	"60000"	"Wed Feb 18 19:02:02 PST 2015"	"S21751"	"Approved"	""	"""Christmas tree"""	"""lights"""	"""middle"""	"""lights,star,"""	"""ornaments,star,"""	"""lights,ornaments,"""	"""middle"""	"""ornaments,star,"""	"0"	"-1"	"0"	"2"	"1"	"0"	"3"	"""2"""	"""2"""	"""2"""	"""TRUE"""	"""odd_one"""	"""FALSE"""	"-1"	"-1"	"-1"	"-1"	"-1"	"-1"	"""No idea!"""	""""""	"""33"""	"""m"""	"8"	"0"	"1"	"2"	"0"	"""3"""	"-1"
"What is he talking about? (1-2 mins)"	"Short and fun! A 1-2 minute word game about what someone is talking about."	"experiment, psychology, game"	"$0.20"	"Wed Feb 11 19:02:02 PST 2015"	"100"	"0"	"0"	"100"	"Reviewable"	"NotReviewed"	"1 scales"	"600"	"60000"	"Wed Feb 18 19:02:02 PST 2015"	"S12996"	"Approved"	""	"""sundae"""	"""chocolate"""	"""right"""	"""whipped cream,chocolate,"""	"""cherry,chocolate,"""	"""cherry,whipped cream,"""	"""middle"""	"""cherry,chocolate,"""	"0"	"-1"	"0"	"2"	"1"	"0"	"3"	"""2"""	"""2"""	"""2"""	"""TRUE"""	"""twin_2"""	"""FALSE"""	"-1"	"-1"	"-1"	"-1"	"-1"	"-1"	"""sundaes"""	""""""	"""29"""	"""f"""	"8"	"0"	"0"	"1"	"2"	"""3"""	"-1"
"What is he talking about? (1-2 mins)"	"Short and fun! A 1-2 minute word game about what someone is talking about."	"experiment, psychology, game"	"$0.20"	"Wed Feb 11 19:02:02 PST 2015"	"100"	"0"	"0"	"100"	"Reviewable"	"NotReviewed"	"1 scales"	"600"	"60000"	"Wed Feb 18 19:02:02 PST 2015"	"S09160"	"Approved"	""	"""boat"""	"""sail"""	"""left"""	"""cabin,motor,"""	"""sail,motor,"""	"""cabin,sail,"""	"""left"""	"""cabin,motor,"""	"0"	"-1"	"0"	"2"	"1"	"0"	"3"	"""2"""	"""2"""	"""2"""	"""TRUE"""	"""odd_one"""	"""FALSE"""	"-1"	"-1"	"-1"	"-1"	"-1"	"-1"	"""what Bob said"""	"""none"""	""""""	"""m"""	"8"	"0"	"2"	"1"	"0"	"""3"""	"-1"
"What is he talking about? (1-2 mins)"	"Short and fun! A 1-2 minute word game about what someone is talking about."	"experiment, psychology, game"	"$0.20"	"Wed Feb 11 19:02:02 PST 2015"	"100"	"0"	"0"	"100"	"Reviewable"	"NotReviewed"	"1 scales"	"600"	"60000"	"Wed Feb 18 19:02:02 PST 2015"	"S34504"	"Approved"	""	"""snowman"""	"""scarf"""	"""right"""	"""scarf,mittens,"""	"""hat,scarf,"""	"""hat,mittens,"""	"""middle"""	"""hat,scarf,"""	"0"	"-1"	"0"	"2"	"1"	"0"	"3"	"""2"""	"""2"""	"""2"""	"""TRUE"""	"""twin_1"""	"""FALSE"""	"-1"	"-1"	"-1"	"-1"	"-1"	"-1"	"""snowmen"""	""""""	"""27"""	"""m"""	"8"	"0"	"2"	"0"	"1"	"""3"""	"-1"
"What is he talking about? (1-2 mins)"	"Short and fun! A 1-2 minute word game about what someone is talking about."	"experiment, psychology, game"	"$0.20"	"Wed Feb 11 19:02:02 PST 2015"	"100"	"0"	"0"	"100"	"Reviewable"	"NotReviewed"	"1 scales"	"600"	"60000"	"Wed Feb 18 19:02:02 PST 2015"	"S20606"	"Approved"	""	"""sundae"""	"""cherry"""	"""right"""	"""cherry,whipped cream,"""	"""cherry,chocolate,"""	"""whipped cream,chocolate,"""	"""middle"""	"""cherry,chocolate,"""	"0"	"-1"	"0"	"2"	"1"	"0"	"3"	"""1"""	"""2"""	"""2"""	"""TRUE"""	"""twin_2"""	"""FALSE"""	"-1"	"-1"	"-1"	"-1"	"-1"	"-1"	"""Ice cream"""	"""no"""	"""40"""	"""m"""	"8"	"0"	"2"	"1"	"0"	"""3"""	"-1"
"What is he talking about? (1-2 mins)"	"Short and fun! A 1-2 minute word game about what someone is talking about."	"experiment, psychology, game"	"$0.20"	"Wed Feb 11 19:02:02 PST 2015"	"100"	"0"	"0"	"100"	"Reviewable"	"NotReviewed"	"1 scales"	"600"	"60000"	"Wed Feb 18 19:02:02 PST 2015"	"S28737"	"Approved"	""	"""pizza"""	"""mushrooms"""	"""right"""	"""mushrooms,olives,"""	"""mushrooms,peppers,"""	"""olives,peppers,"""	"""left"""	"""mushrooms,olives,"""	"0"	"-1"	"0"	"2"	"1"	"0"	"3"	"""2"""	"""2"""	"""2"""	"""TRUE"""	"""twin_1"""	"""FALSE"""	"-1"	"-1"	"-1"	"-1"	"-1"	"-1"	"""What types of pizza Bob ate and what pizza he will eat next."""	"""N/A"""	"""24"""	"""m"""	"8"	"0"	"1"	"0"	"2"	"""3"""	"-1"
"What is he talking about? (1-2 mins)"	"Short and fun! A 1-2 minute word game about what someone is talking about."	"experiment, psychology, game"	"$0.20"	"Wed Feb 11 19:02:02 PST 2015"	"100"	"0"	"0"	"100"	"Reviewable"	"NotReviewed"	"1 scales"	"600"	"60000"	"Wed Feb 18 19:02:02 PST 2015"	"S70671"	"Approved"	""	"""boat"""	"""cabin"""	"""right"""	"""cabin,motor,"""	"""cabin,sail,"""	"""sail,motor,"""	"""middle"""	"""cabin,sail,"""	"0"	"-1"	"0"	"2"	"1"	"0"	"3"	"""2"""	"""2"""	"""2"""	"""TRUE"""	"""twin_2"""	"""FALSE"""	"-1"	"-1"	"-1"	"-1"	"-1"	"-1"	"""I don't really know - question was about what boat Bob was going to rent next"""	""""""	""""""	"""f"""	"8"	"0"	"0"	"1"	"2"	"""3"""	"-1"
"What is he talking about? (1-2 mins)"	"Short and fun! A 1-2 minute word game about what someone is talking about."	"experiment, psychology, game"	"$0.20"	"Wed Feb 11 19:02:02 PST 2015"	"100"	"0"	"0"	"100"	"Reviewable"	"NotReviewed"	"1 scales"	"600"	"60000"	"Wed Feb 18 19:02:02 PST 2015"	"S68201"	"Approved"	""	"""sundae"""	"""cherry"""	"""right"""	"""cherry,whipped cream,"""	"""cherry,chocolate,"""	"""whipped cream,chocolate,"""	"""left"""	"""cherry,whipped cream,"""	"0"	"-1"	"0"	"2"	"1"	"0"	"3"	"""2"""	"""2"""	"""2"""	"""TRUE"""	"""twin_1"""	"""FALSE"""	"-1"	"-1"	"-1"	"-1"	"-1"	"-1"	"""Bob likes sundae."""	""""""	""""""	"""f"""	"8"	"0"	"0"	"2"	"1"	"""3"""	"-1"
"What is he talking about? (1-2 mins)"	"Short and fun! A 1-2 minute word game about what someone is talking about."	"experiment, psychology, game"	"$0.20"	"Wed Feb 11 19:02:02 PST 2015"	"100"	"0"	"0"	"100"	"Reviewable"	"NotReviewed"	"1 scales"	"600"	"60000"	"Wed Feb 18 19:02:02 PST 2015"	"S52887"	"Approved"	""	"""sundae"""	"""cherry"""	"""left"""	"""whipped cream,chocolate,"""	"""cherry,chocolate,"""	"""cherry,whipped cream,"""	"""middle"""	"""cherry,chocolate,"""	"0"	"-1"	"0"	"2"	"1"	"0"	"3"	"""2"""	"""2"""	"""2"""	"""TRUE"""	"""twin_2"""	"""FALSE"""	"-1"	"-1"	"-1"	"-1"	"-1"	"-1"	"""Bob loves sundaes, and he eats them on Fridays. He seems indecisive about his Friday, sundae consumption."""	""""""	"""26"""	"""m"""	"8"	"0"	"0"	"2"	"1"	"""3"""	"-1"
"What is he talking about? (1-2 mins)"	"Short and fun! A 1-2 minute word game about what someone is talking about."	"experiment, psychology, game"	"$0.20"	"Wed Feb 11 19:02:02 PST 2015"	"100"	"0"	"0"	"100"	"Reviewable"	"NotReviewed"	"1 scales"	"600"	"60000"	"Wed Feb 18 19:02:02 PST 2015"	"S48066"	"Approved"	""	"""friend"""	"""mustache"""	"""left"""	"""hat,glasses,"""	"""glasses,mustache,"""	"""hat,mustache,"""	"""middle"""	"""glasses,mustache,"""	"0"	"-1"	"0"	"2"	"1"	"0"	"3"	"""2"""	"""2"""	"""1"""	"""FALSE"""	"""twin_2"""	"""FALSE"""	"-1"	"-1"	"-1"	"-1"	"-1"	"-1"	"""who said what"""	""""""	""""""	"""m"""	"8"	"0"	"2"	"0"	"1"	"""3"""	"-1"
"What is he talking about? (1-2 mins)"	"Short and fun! A 1-2 minute word game about what someone is talking about."	"experiment, psychology, game"	"$0.20"	"Wed Feb 11 19:02:02 PST 2015"	"100"	"0"	"0"	"100"	"Reviewable"	"NotReviewed"	"1 scales"	"600"	"60000"	"Wed Feb 18 19:02:02 PST 2015"	"S80212"	"Approved"	""	"""pizza"""	"""olives"""	"""right"""	"""mushrooms,olives,"""	"""olives,peppers,"""	"""mushrooms,peppers,"""	"""right"""	"""mushrooms,peppers,"""	"0"	"-1"	"0"	"2"	"1"	"0"	"3"	"""2"""	"""2"""	"""2"""	"""TRUE"""	"""odd_one"""	"""FALSE"""	"-1"	"-1"	"-1"	"-1"	"-1"	"-1"	"""Pizza"""	""""""	""""""	"""m"""	"8"	"0"	"0"	"1"	"2"	"""3"""	"-1"
"What is he talking about? (1-2 mins)"	"Short and fun! A 1-2 minute word game about what someone is talking about."	"experiment, psychology, game"	"$0.20"	"Wed Feb 11 19:02:02 PST 2015"	"100"	"0"	"0"	"100"	"Reviewable"	"NotReviewed"	"1 scales"	"600"	"60000"	"Wed Feb 18 19:02:02 PST 2015"	"S94529"	"Approved"	""	"""pizza"""	"""olives"""	"""left"""	"""mushrooms,peppers,"""	"""mushrooms,olives,"""	"""olives,peppers,"""	"""middle"""	"""mushrooms,olives,"""	"0"	"-1"	"0"	"2"	"1"	"0"	"3"	"""2"""	"""2"""	"""2"""	"""TRUE"""	"""twin_2"""	"""FALSE"""	"-1"	"-1"	"-1"	"-1"	"-1"	"-1"	"""What type of pizza bob will order next."""	"""No."""	"""31"""	"""Male"""	"8"	"0"	"0"	"2"	"1"	"""3"""	"-1"
"What is he talking about? (1-2 mins)"	"Short and fun! A 1-2 minute word game about what someone is talking about."	"experiment, psychology, game"	"$0.20"	"Wed Feb 11 19:02:02 PST 2015"	"100"	"0"	"0"	"100"	"Reviewable"	"NotReviewed"	"1 scales"	"600"	"60000"	"Wed Feb 18 19:02:02 PST 2015"	"S69351"	"Approved"	""	"""Christmas tree"""	"""star"""	"""middle"""	"""ornaments,star,"""	"""lights,ornaments,"""	"""lights,star,"""	"""middle"""	"""lights,ornaments,"""	"0"	"-1"	"0"	"2"	"1"	"0"	"3"	"""2"""	"""2"""	"""2"""	"""TRUE"""	"""odd_one"""	"""FALSE"""	"-1"	"-1"	"-1"	"-1"	"-1"	"-1"	"""trees"""	""""""	""""""	"""m"""	"8"	"0"	"0"	"1"	"2"	"""3"""	"-1"
"What is he talking about? (1-2 mins)"	"Short and fun! A 1-2 minute word game about what someone is talking about."	"experiment, psychology, game"	"$0.20"	"Wed Feb 11 19:02:02 PST 2015"	"100"	"0"	"0"	"100"	"Reviewable"	"NotReviewed"	"1 scales"	"600"	"60000"	"Wed Feb 18 19:02:02 PST 2015"	"S95647"	"Approved"	""	"""boat"""	"""motor"""	"""middle"""	"""cabin,motor,"""	"""cabin,sail,"""	"""sail,motor,"""	"""right"""	"""sail,motor,"""	"0"	"-1"	"0"	"2"	"1"	"0"	"3"	"""2"""	"""2"""	"""2"""	"""TRUE"""	"""twin_2"""	"""FALSE"""	"-1"	"-1"	"-1"	"-1"	"-1"	"-1"	"""Boats"""	""""""	"""19"""	"""m"""	"8"	"0"	"2"	"1"	"0"	"""3"""	"-1"
"What is he talking about? (1-2 mins)"	"Short and fun! A 1-2 minute word game about what someone is talking about."	"experiment, psychology, game"	"$0.20"	"Wed Feb 11 19:02:02 PST 2015"	"100"	"0"	"0"	"100"	"Reviewable"	"NotReviewed"	"1 scales"	"600"	"60000"	"Wed Feb 18 19:02:02 PST 2015"	"S39979"	"Approved"	""	"""friend"""	"""mustache"""	"""middle"""	"""hat,mustache,"""	"""hat,glasses,"""	"""glasses,mustache,"""	"""right"""	"""glasses,mustache,"""	"0"	"-1"	"0"	"2"	"1"	"0"	"3"	"""2"""	"""2"""	"""2"""	"""TRUE"""	"""twin_2"""	"""FALSE"""	"-1"	"-1"	"-1"	"-1"	"-1"	"-1"	"""language and the way we form opinions about words"""	""""""	"""36"""	"""m"""	"8"	"0"	"0"	"1"	"2"	"""3"""	"-1"
"What is he talking about? (1-2 mins)"	"Short and fun! A 1-2 minute word game about what someone is talking about."	"experiment, psychology, game"	"$0.20"	"Wed Feb 11 19:02:02 PST 2015"	"100"	"0"	"0"	"100"	"Reviewable"	"NotReviewed"	"1 scales"	"600"	"60000"	"Wed Feb 18 19:02:02 PST 2015"	"S20108"	"Approved"	""	"""friend"""	"""hat"""	"""middle"""	"""hat,glasses,"""	"""glasses,mustache,"""	"""hat,mustache,"""	"""middle"""	"""glasses,mustache,"""	"0"	"-1"	"0"	"2"	"1"	"0"	"3"	"""2"""	"""2"""	"""2"""	"""FALSE"""	"""odd_one"""	"""FALSE"""	"-1"	"-1"	"-1"	"-1"	"-1"	"-1"	"""how well you understand language"""	""""""	"""29"""	"""m"""	"8"	"0"	"2"	"0"	"1"	"""3"""	"-1"
"What is he talking about? (1-2 mins)"	"Short and fun! A 1-2 minute word game about what someone is talking about."	"experiment, psychology, game"	"$0.20"	"Wed Feb 11 19:02:02 PST 2015"	"100"	"0"	"0"	"100"	"Reviewable"	"NotReviewed"	"1 scales"	"600"	"60000"	"Wed Feb 18 19:02:02 PST 2015"	"S30127"	"Approved"	""	"""boat"""	"""sail"""	"""right"""	"""cabin,sail,"""	"""sail,motor,"""	"""cabin,motor,"""	"""middle"""	"""sail,motor,"""	"0"	"-1"	"0"	"2"	"1"	"0"	"3"	"""2"""	"""2"""	"""2"""	"""TRUE"""	"""twin_1"""	"""FALSE"""	"-1"	"-1"	"-1"	"-1"	"-1"	"-1"	"""Picking out a certain boat Bob talked about."""	""""""	"""34"""	"""m"""	"8"	"0"	"0"	"2"	"1"	"""3"""	"-1"
"What is he talking about? (1-2 mins)"	"Short and fun! A 1-2 minute word game about what someone is talking about."	"experiment, psychology, game"	"$0.20"	"Wed Feb 11 19:02:02 PST 2015"	"100"	"0"	"0"	"100"	"Reviewable"	"NotReviewed"	"1 scales"	"600"	"60000"	"Wed Feb 18 19:02:02 PST 2015"	"S81849"	"Approved"	""	"""friend"""	"""glasses"""	"""middle"""	"""hat,glasses,"""	"""hat,mustache,"""	"""glasses,mustache,"""	"""middle"""	"""hat,mustache,"""	"0"	"-1"	"0"	"2"	"1"	"0"	"3"	"""2"""	"""2"""	"""2"""	"""FALSE"""	"""odd_one"""	"""FALSE"""	"-1"	"-1"	"-1"	"-1"	"-1"	"-1"	"""biases?"""	"""n/a"""	"""30"""	"""m"""	"8"	"0"	"1"	"2"	"0"	"""3"""	"-1"
"What is he talking about? (1-2 mins)"	"Short and fun! A 1-2 minute word game about what someone is talking about."	"experiment, psychology, game"	"$0.20"	"Wed Feb 11 19:02:02 PST 2015"	"100"	"0"	"0"	"100"	"Reviewable"	"NotReviewed"	"1 scales"	"600"	"60000"	"Wed Feb 18 19:02:02 PST 2015"	"S83151"	"Approved"	""	"""snowman"""	"""scarf"""	"""right"""	"""scarf,mittens,"""	"""hat,scarf,"""	"""hat,mittens,"""	"""middle"""	"""hat,scarf,"""	"0"	"-1"	"0"	"2"	"1"	"0"	"3"	"""2"""	"""2"""	"""2"""	"""FALSE"""	"""twin_2"""	"""FALSE"""	"-1"	"-1"	"-1"	"-1"	"-1"	"-1"	"""decorating snowmen"""	"""no"""	"""25"""	"""m"""	"8"	"0"	"2"	"1"	"0"	"""3"""	"-1"
"What is he talking about? (1-2 mins)"	"Short and fun! A 1-2 minute word game about what someone is talking about."	"experiment, psychology, game"	"$0.20"	"Wed Feb 11 19:02:02 PST 2015"	"100"	"0"	"0"	"100"	"Reviewable"	"NotReviewed"	"1 scales"	"600"	"60000"	"Wed Feb 18 19:02:02 PST 2015"	"S76472"	"Approved"	""	"""Christmas tree"""	"""star"""	"""middle"""	"""ornaments,star,"""	"""lights,ornaments,"""	"""lights,star,"""	"""middle"""	"""lights,ornaments,"""	"0"	"-1"	"0"	"2"	"1"	"0"	"3"	"""1"""	"""2"""	"""2"""	"""TRUE"""	"""odd_one"""	"""FALSE"""	"-1"	"-1"	"-1"	"-1"	"-1"	"-1"	"""Memory and what someone says versus what we think they mean"""	"""No"""	"""30"""	"""f"""	"8"	"0"	"1"	"0"	"2"	"""3"""	"-1"
"What is he talking about? (1-2 mins)"	"Short and fun! A 1-2 minute word game about what someone is talking about."	"experiment, psychology, game"	"$0.20"	"Wed Feb 11 19:02:02 PST 2015"	"100"	"0"	"0"	"100"	"Reviewable"	"NotReviewed"	"1 scales"	"600"	"60000"	"Wed Feb 18 19:02:02 PST 2015"	"S37314"	"Approved"	""	"""sundae"""	"""cherry"""	"""right"""	"""cherry,chocolate,"""	"""cherry,whipped cream,"""	"""whipped cream,chocolate,"""	"""middle"""	"""cherry,whipped cream,"""	"0"	"-1"	"0"	"2"	"1"	"0"	"3"	"""2"""	"""2"""	"""2"""	"""TRUE"""	"""twin_2"""	"""FALSE"""	"-1"	"-1"	"-1"	"-1"	"-1"	"-1"	"""Sundaes and which one Bob eats"""	""""""	"""21"""	"""m"""	"8"	"0"	"2"	"1"	"0"	"""3"""	"-1"
"What is he talking about? (1-2 mins)"	"Short and fun! A 1-2 minute word game about what someone is talking about."	"experiment, psychology, game"	"$0.20"	"Wed Feb 11 19:02:02 PST 2015"	"100"	"0"	"0"	"100"	"Reviewable"	"NotReviewed"	"1 scales"	"600"	"60000"	"Wed Feb 18 19:02:02 PST 2015"	"S70661"	"Approved"	""	"""Christmas tree"""	"""ornaments"""	"""left"""	"""lights,star,"""	"""ornaments,star,"""	"""lights,ornaments,"""	"""middle"""	"""ornaments,star,"""	"0"	"-1"	"0"	"2"	"1"	"0"	"3"	"""2"""	"""2"""	"""2"""	"""TRUE"""	"""twin_1"""	"""FALSE"""	"-1"	"-1"	"-1"	"-1"	"-1"	"-1"	"""Bob trimming Christmas trees"""	""""""	"""26"""	"""f"""	"8"	"0"	"1"	"2"	"0"	"""3"""	"-1"
"What is he talking about? (1-2 mins)"	"Short and fun! A 1-2 minute word game about what someone is talking about."	"experiment, psychology, game"	"$0.20"	"Wed Feb 11 19:02:02 PST 2015"	"100"	"0"	"0"	"100"	"Reviewable"	"NotReviewed"	"1 scales"	"600"	"60000"	"Wed Feb 18 19:02:02 PST 2015"	"S44860"	"Approved"	""	"""snowman"""	"""mittens"""	"""right"""	"""hat,mittens,"""	"""scarf,mittens,"""	"""hat,scarf,"""	"""middle"""	"""scarf,mittens,"""	"0"	"-1"	"0"	"2"	"1"	"0"	"3"	"""2"""	"""2"""	"""2"""	"""TRUE"""	"""twin_2"""	"""FALSE"""	"-1"	"-1"	"-1"	"-1"	"-1"	"-1"	"""Deciding what someone was talking about"""	""""""	"""35"""	"""m"""	"8"	"0"	"2"	"1"	"0"	"""3"""	"-1"
"What is he talking about? (1-2 mins)"	"Short and fun! A 1-2 minute word game about what someone is talking about."	"experiment, psychology, game"	"$0.20"	"Wed Feb 11 19:02:02 PST 2015"	"100"	"0"	"0"	"100"	"Reviewable"	"NotReviewed"	"1 scales"	"600"	"60000"	"Wed Feb 18 19:02:02 PST 2015"	"S29833"	"Approved"	""	"""snowman"""	"""scarf"""	"""middle"""	"""hat,scarf,"""	"""hat,mittens,"""	"""scarf,mittens,"""	"""middle"""	"""hat,mittens,"""	"0"	"-1"	"0"	"2"	"1"	"0"	"3"	"""2"""	"""2"""	"""2"""	"""TRUE"""	"""odd_one"""	"""FALSE"""	"-1"	"-1"	"-1"	"-1"	"-1"	"-1"	"""my choice in what's more likely"""	"""good survey"""	"""37"""	"""male"""	"8"	"0"	"0"	"2"	"1"	"""3"""	"-1"
"What is he talking about? (1-2 mins)"	"Short and fun! A 1-2 minute word game about what someone is talking about."	"experiment, psychology, game"	"$0.20"	"Wed Feb 11 19:02:02 PST 2015"	"100"	"0"	"0"	"100"	"Reviewable"	"NotReviewed"	"1 scales"	"600"	"60000"	"Wed Feb 18 19:02:02 PST 2015"	"S36944"	"Approved"	""	"""friend"""	"""glasses"""	"""right"""	"""hat,glasses,"""	"""glasses,mustache,"""	"""hat,mustache,"""	"""middle"""	"""glasses,mustache,"""	"0"	"-1"	"0"	"2"	"1"	"0"	"3"	"""2"""	"""2"""	"""2"""	"""TRUE"""	"""twin_2"""	"""FALSE"""	"-1"	"-1"	"-1"	"-1"	"-1"	"-1"	"""Understanding speech and language."""	"""I'm not sure how I was supposed to answer that question"""	"""22"""	"""m"""	"8"	"0"	"0"	"2"	"1"	"""3"""	"-1"
"What is he talking about? (1-2 mins)"	"Short and fun! A 1-2 minute word game about what someone is talking about."	"experiment, psychology, game"	"$0.20"	"Wed Feb 11 19:02:02 PST 2015"	"100"	"0"	"0"	"100"	"Reviewable"	"NotReviewed"	"1 scales"	"600"	"60000"	"Wed Feb 18 19:02:02 PST 2015"	"S34325"	"Approved"	""	"""Christmas tree"""	"""lights"""	"""middle"""	"""lights,ornaments,"""	"""ornaments,star,"""	"""lights,star,"""	"""middle"""	"""ornaments,star,"""	"0"	"-1"	"0"	"2"	"1"	"0"	"3"	"""2"""	"""2"""	"""2"""	"""TRUE"""	"""odd_one"""	"""FALSE"""	"-1"	"-1"	"-1"	"-1"	"-1"	"-1"	"""Christmas trees"""	""""""	""""""	""""""	"8"	"0"	"0"	"1"	"2"	"""3"""	"-1"
"What is he talking about? (1-2 mins)"	"Short and fun! A 1-2 minute word game about what someone is talking about."	"experiment, psychology, game"	"$0.20"	"Wed Feb 11 19:02:02 PST 2015"	"100"	"0"	"0"	"100"	"Reviewable"	"NotReviewed"	"1 scales"	"600"	"60000"	"Wed Feb 18 19:02:02 PST 2015"	"S77406"	"Approved"	""	"""friend"""	"""mustache"""	"""right"""	"""hat,mustache,"""	"""glasses,mustache,"""	"""hat,glasses,"""	"""right"""	"""hat,glasses,"""	"0"	"-1"	"0"	"2"	"1"	"0"	"3"	"""2"""	"""2"""	"""2"""	"""TRUE"""	"""odd_one"""	"""FALSE"""	"-1"	"-1"	"-1"	"-1"	"-1"	"-1"	"""I have no clue."""	"""None at this time."""	"""34"""	"""m"""	"8"	"0"	"0"	"2"	"1"	"""3"""	"-1"
"What is he talking about? (1-2 mins)"	"Short and fun! A 1-2 minute word game about what someone is talking about."	"experiment, psychology, game"	"$0.20"	"Wed Feb 11 19:02:02 PST 2015"	"100"	"0"	"0"	"100"	"Reviewable"	"NotReviewed"	"1 scales"	"600"	"60000"	"Wed Feb 18 19:02:02 PST 2015"	"S31687"	"Approved"	""	"""Christmas tree"""	"""ornaments"""	"""left"""	"""lights,star,"""	"""ornaments,star,"""	"""lights,ornaments,"""	"""left"""	"""lights,star,"""	"0"	"-1"	"0"	"2"	"1"	"0"	"3"	"""3"""	"""2"""	"""2"""	"""TRUE"""	"""odd_one"""	"""FALSE"""	"-1"	"-1"	"-1"	"-1"	"-1"	"-1"	"""opinion"""	"""nice"""	"""24"""	"""male"""	"8"	"0"	"2"	"1"	"0"	"""3"""	"-1"
"What is he talking about? (1-2 mins)"	"Short and fun! A 1-2 minute word game about what someone is talking about."	"experiment, psychology, game"	"$0.20"	"Wed Feb 11 19:02:02 PST 2015"	"100"	"0"	"0"	"100"	"Reviewable"	"NotReviewed"	"1 scales"	"600"	"60000"	"Wed Feb 18 19:02:02 PST 2015"	"S07985"	"Approved"	""	"""friend"""	"""hat"""	"""right"""	"""hat,mustache,"""	"""hat,glasses,"""	"""glasses,mustache,"""	"""middle"""	"""hat,glasses,"""	"0"	"-1"	"0"	"2"	"1"	"0"	"3"	"""2"""	"""2"""	"""2"""	"""TRUE"""	"""twin_1"""	"""FALSE"""	"-1"	"-1"	"-1"	"-1"	"-1"	"-1"	"""bob visiting his friends. """	"""no additional comments. """	"""26"""	"""m"""	"8"	"0"	"0"	"1"	"2"	"""3"""	"-1"
"What is he talking about? (1-2 mins)"	"Short and fun! A 1-2 minute word game about what someone is talking about."	"experiment, psychology, game"	"$0.20"	"Wed Feb 11 19:02:02 PST 2015"	"100"	"0"	"0"	"100"	"Reviewable"	"NotReviewed"	"1 scales"	"600"	"60000"	"Wed Feb 18 19:02:02 PST 2015"	"S07520"	"Approved"	""	"""pizza"""	"""peppers"""	"""right"""	"""mushrooms,peppers,"""	"""olives,peppers,"""	"""mushrooms,olives,"""	"""middle"""	"""olives,peppers,"""	"0"	"-1"	"0"	"2"	"1"	"0"	"3"	"""2"""	"""2"""	"""2"""	"""TRUE"""	"""twin_2"""	"""FALSE"""	"-1"	"-1"	"-1"	"-1"	"-1"	"-1"	"""Bob and Pizza"""	""""""	"""30"""	"""Female"""	"8"	"0"	"2"	"1"	"0"	"""3"""	"-1"
"What is he talking about? (1-2 mins)"	"Short and fun! A 1-2 minute word game about what someone is talking about."	"experiment, psychology, game"	"$0.20"	"Wed Feb 11 19:02:02 PST 2015"	"100"	"0"	"0"	"100"	"Reviewable"	"NotReviewed"	"1 scales"	"600"	"60000"	"Wed Feb 18 19:02:02 PST 2015"	"S50658"	"Approved"	""	"""snowman"""	"""scarf"""	"""left"""	"""hat,mittens,"""	"""scarf,mittens,"""	"""hat,scarf,"""	"""middle"""	"""scarf,mittens,"""	"0"	"-1"	"0"	"2"	"1"	"0"	"3"	"""2"""	"""2"""	"""2"""	"""TRUE"""	"""twin_1"""	"""FALSE"""	"-1"	"-1"	"-1"	"-1"	"-1"	"-1"	"""Cognition"""	""""""	"""30"""	"""m"""	"8"	"0"	"1"	"0"	"2"	"""3"""	"-1"
"What is he talking about? (1-2 mins)"	"Short and fun! A 1-2 minute word game about what someone is talking about."	"experiment, psychology, game"	"$0.20"	"Wed Feb 11 19:02:02 PST 2015"	"100"	"0"	"0"	"100"	"Reviewable"	"NotReviewed"	"1 scales"	"600"	"60000"	"Wed Feb 18 19:02:02 PST 2015"	"S47264"	"Approved"	""	"""Christmas tree"""	"""star"""	"""right"""	"""lights,star,"""	"""ornaments,star,"""	"""lights,ornaments,"""	"""middle"""	"""ornaments,star,"""	"0"	"-1"	"0"	"2"	"1"	"0"	"3"	"""2"""	"""2"""	"""3"""	"""TRUE"""	"""twin_2"""	"""FALSE"""	"-1"	"-1"	"-1"	"-1"	"-1"	"-1"	"""bob trimming trees"""	"""enjoyed the survey"""	"""26"""	"""male"""	"8"	"0"	"0"	"2"	"1"	"""3"""	"-1"
"What is he talking about? (1-2 mins)"	"Short and fun! A 1-2 minute word game about what someone is talking about."	"experiment, psychology, game"	"$0.20"	"Wed Feb 11 19:02:02 PST 2015"	"100"	"0"	"0"	"100"	"Reviewable"	"NotReviewed"	"1 scales"	"600"	"60000"	"Wed Feb 18 19:02:02 PST 2015"	"S79131"	"Approved"	""	"""boat"""	"""motor"""	"""left"""	"""cabin,sail,"""	"""sail,motor,"""	"""cabin,motor,"""	"""right"""	"""cabin,motor,"""	"0"	"-1"	"0"	"2"	"1"	"0"	"3"	"""2"""	"""2"""	"""2"""	"""TRUE"""	"""twin_1"""	"""FALSE"""	"-1"	"-1"	"-1"	"-1"	"-1"	"-1"	"""Boats that Bob has previously rented and the one he plans to rent next."""	"""No comments"""	"""29"""	"""m"""	"8"	"0"	"1"	"0"	"2"	"""3"""	"-1"
"What is he talking about? (1-2 mins)"	"Short and fun! A 1-2 minute word game about what someone is talking about."	"experiment, psychology, game"	"$0.20"	"Wed Feb 11 19:02:02 PST 2015"	"100"	"0"	"0"	"100"	"Reviewable"	"NotReviewed"	"1 scales"	"600"	"60000"	"Wed Feb 18 19:02:02 PST 2015"	"S19442"	"Approved"	""	"""sundae"""	"""chocolate"""	"""right"""	"""cherry,chocolate,"""	"""whipped cream,chocolate,"""	"""cherry,whipped cream,"""	"""right"""	"""cherry,whipped cream,"""	"0"	"-1"	"0"	"2"	"1"	"0"	"3"	"""2"""	"""2"""	"""2"""	"""TRUE"""	"""odd_one"""	"""FALSE"""	"-1"	"-1"	"-1"	"-1"	"-1"	"-1"	"""sundaes"""	"""n/a"""	"""23"""	"""female"""	"8"	"0"	"1"	"2"	"0"	"""3"""	"-1"
"What is he talking about? (1-2 mins)"	"Short and fun! A 1-2 minute word game about what someone is talking about."	"experiment, psychology, game"	"$0.20"	"Wed Feb 11 19:02:02 PST 2015"	"100"	"0"	"0"	"100"	"Reviewable"	"NotReviewed"	"1 scales"	"600"	"60000"	"Wed Feb 18 19:02:02 PST 2015"	"S28178"	"Approved"	""	"""snowman"""	"""hat"""	"""left"""	"""scarf,mittens,"""	"""hat,mittens,"""	"""hat,scarf,"""	"""left"""	"""scarf,mittens,"""	"0"	"-1"	"0"	"2"	"1"	"0"	"3"	"""2"""	"""2"""	"""2"""	"""TRUE"""	"""odd_one"""	"""FALSE"""	"-1"	"-1"	"-1"	"-1"	"-1"	"-1"	"""Which snowman Bob is going to decorate next."""	"""no comment"""	"""34"""	"""f"""	"8"	"0"	"1"	"2"	"0"	"""3"""	"-1"
"What is he talking about? (1-2 mins)"	"Short and fun! A 1-2 minute word game about what someone is talking about."	"experiment, psychology, game"	"$0.20"	"Wed Feb 11 19:02:02 PST 2015"	"100"	"0"	"0"	"100"	"Reviewable"	"NotReviewed"	"1 scales"	"600"	"60000"	"Wed Feb 18 19:02:02 PST 2015"	"S96562"	"Approved"	""	"""friend"""	"""mustache"""	"""middle"""	"""glasses,mustache,"""	"""hat,glasses,"""	"""hat,mustache,"""	"""right"""	"""hat,mustache,"""	"0"	"-1"	"0"	"2"	"1"	"0"	"3"	"""2"""	"""2"""	"""2"""	"""TRUE"""	"""twin_1"""	"""FALSE"""	"-1"	"-1"	"-1"	"-1"	"-1"	"-1"	"""no guess"""	""""""	"""43"""	"""f"""	"8"	"0"	"1"	"2"	"0"	"""3"""	"-1"
"What is he talking about? (1-2 mins)"	"Short and fun! A 1-2 minute word game about what someone is talking about."	"experiment, psychology, game"	"$0.20"	"Wed Feb 11 19:02:02 PST 2015"	"100"	"0"	"0"	"100"	"Reviewable"	"NotReviewed"	"1 scales"	"600"	"60000"	"Wed Feb 18 19:02:02 PST 2015"	"S48301"	"Approved"	""	"""Christmas tree"""	"""star"""	"""left"""	"""lights,ornaments,"""	"""ornaments,star,"""	"""lights,star,"""	"""right"""	"""lights,star,"""	"0"	"-1"	"0"	"2"	"1"	"0"	"3"	"""2"""	"""2"""	"""2"""	"""TRUE"""	"""twin_2"""	"""FALSE"""	"-1"	"-1"	"-1"	"-1"	"-1"	"-1"	"""bob trimming trees"""	"""no"""	"""21"""	"""f"""	"8"	"0"	"0"	"2"	"1"	"""3"""	"-1"
