"title"	"description"	"keywords"	"reward"	"creationtime"	"assignments"	"numavailable"	"numpending"	"numcomplete"	"hitstatus"	"reviewstatus"	"annotation"	"assignmentduration"	"autoapprovaldelay"	"hitlifetime"	"workerid"	"assignmentstatus"	"deadline"	"Answer.target_property"	"Answer.familiarization_cond"	"Answer.money_allocated_to_logical"	"Answer.Likert_value_target"	"Answer.participant_response_type_condition"	"Answer.comment"	"Answer.linguistic_framing_condition"	"Answer.manip_check_dist"	"Answer.item"	"Answer.Likert_value_logical"	"Answer.question_type_condition"	"Answer.choice"	"Answer.money_allocated_to_target"	"Answer.target_frequency"	"Answer.about"	"Answer.familiarization_present_in_study"	"Answer.manip_check_target"	"Answer.participant_feature_count_condition"	"Answer.target_filler_sequence_condition"	"Answer.target_position"	"Answer.name_check_correct"	"Answer.Likert_value_foil"	"Answer.choice_correct"	"Answer.money_allocated_to_foil"
"What is he talking about? (2-3 mins)"	"Short and fun! A 1-2 minute word game about what someone is talking about."	"experiment, psychology, game"	"$0.20"	"Sun Nov 17 20:20:33 PST 2013"	"40"	"0"	"0"	"40"	"Reviewable"	"NotReviewed"	"1 scales"	"600"	"60000"	"Sun Nov 24 20:20:33 PST 2013"	"S30200"	"Approved"	""	"""mustache"""	"-1"	"5"	"-1"	"1"	""""""	"0"	"""1"""	"""friend"""	"-1"	"0"	"""null"""	"20"	"0"	"""who is bob friends with more."""	"0"	"""2"""	"1"	"0"	"""left"""	"""TRUE"""	"-1"	"""FALSE"""	"75"
"What is he talking about? (2-3 mins)"	"Short and fun! A 1-2 minute word game about what someone is talking about."	"experiment, psychology, game"	"$0.20"	"Sun Nov 17 20:20:33 PST 2013"	"40"	"0"	"0"	"40"	"Reviewable"	"NotReviewed"	"1 scales"	"600"	"60000"	"Sun Nov 24 20:20:33 PST 2013"	"S57376"	"Approved"	""	"""mustache"""	"-1"	"50"	"-1"	"1"	"""No. """	"0"	"""1"""	"""friend"""	"-1"	"0"	"""null"""	"50"	"0"	"""Bob's mustachioed friend. """	"0"	"""2"""	"1"	"0"	"""middle"""	"""TRUE"""	"-1"	"""FALSE"""	"0"
"What is he talking about? (2-3 mins)"	"Short and fun! A 1-2 minute word game about what someone is talking about."	"experiment, psychology, game"	"$0.20"	"Sun Nov 17 20:20:33 PST 2013"	"40"	"0"	"0"	"40"	"Reviewable"	"NotReviewed"	"1 scales"	"600"	"60000"	"Sun Nov 24 20:20:33 PST 2013"	"S56327"	"Approved"	""	"""glasses"""	"-1"	"60"	"-1"	"1"	""""""	"0"	"""1"""	"""friend"""	"-1"	"0"	"""null"""	"40"	"0"	"""Bob's friends and who he likes better."""	"0"	"""2"""	"1"	"0"	"""middle"""	"""TRUE"""	"-1"	"""FALSE"""	"0"
"What is he talking about? (2-3 mins)"	"Short and fun! A 1-2 minute word game about what someone is talking about."	"experiment, psychology, game"	"$0.20"	"Sun Nov 17 20:20:33 PST 2013"	"40"	"0"	"0"	"40"	"Reviewable"	"NotReviewed"	"1 scales"	"600"	"60000"	"Sun Nov 24 20:20:33 PST 2013"	"S63140"	"Approved"	""	"""glasses"""	"-1"	"50"	"-1"	"1"	"""no"""	"0"	"""1"""	"""friend"""	"-1"	"0"	"""null"""	"50"	"0"	"""deciding which friend bob visited"""	"0"	"""2"""	"1"	"0"	"""right"""	"""TRUE"""	"-1"	"""FALSE"""	"0"
"What is he talking about? (2-3 mins)"	"Short and fun! A 1-2 minute word game about what someone is talking about."	"experiment, psychology, game"	"$0.20"	"Sun Nov 17 20:20:33 PST 2013"	"40"	"0"	"0"	"40"	"Reviewable"	"NotReviewed"	"1 scales"	"600"	"60000"	"Sun Nov 24 20:20:33 PST 2013"	"S44158"	"Approved"	""	"""mustache"""	"-1"	"50"	"-1"	"1"	"""no"""	"0"	"""1"""	"""friend"""	"-1"	"0"	"""null"""	"50"	"0"	"""who joe visits"""	"0"	"""2"""	"1"	"0"	"""left"""	"""FALSE"""	"-1"	"""FALSE"""	"0"
"What is he talking about? (2-3 mins)"	"Short and fun! A 1-2 minute word game about what someone is talking about."	"experiment, psychology, game"	"$0.20"	"Sun Nov 17 20:20:33 PST 2013"	"40"	"0"	"0"	"40"	"Reviewable"	"NotReviewed"	"1 scales"	"600"	"60000"	"Sun Nov 24 20:20:33 PST 2013"	"S29082"	"Approved"	""	"""hat"""	"-1"	"50"	"-1"	"1"	""""""	"0"	"""1"""	"""friend"""	"-1"	"0"	"""null"""	"50"	"0"	"""Determining who Bob's best friend is."""	"0"	"""2"""	"1"	"0"	"""middle"""	"""TRUE"""	"-1"	"""FALSE"""	"0"
"What is he talking about? (2-3 mins)"	"Short and fun! A 1-2 minute word game about what someone is talking about."	"experiment, psychology, game"	"$0.20"	"Sun Nov 17 20:20:33 PST 2013"	"40"	"0"	"0"	"40"	"Reviewable"	"NotReviewed"	"1 scales"	"600"	"60000"	"Sun Nov 24 20:20:33 PST 2013"	"S01383"	"Approved"	""	"""mustache"""	"-1"	"50"	"-1"	"1"	""""""	"0"	"""1"""	"""friend"""	"-1"	"0"	"""null"""	"50"	"0"	"""Guessing who Bob was talking about."""	"0"	"""2"""	"1"	"0"	"""right"""	"""TRUE"""	"-1"	"""FALSE"""	"0"
"What is he talking about? (2-3 mins)"	"Short and fun! A 1-2 minute word game about what someone is talking about."	"experiment, psychology, game"	"$0.20"	"Sun Nov 17 20:20:33 PST 2013"	"40"	"0"	"0"	"40"	"Reviewable"	"NotReviewed"	"1 scales"	"600"	"60000"	"Sun Nov 24 20:20:33 PST 2013"	"S50737"	"Approved"	""	"""mustache"""	"-1"	"50"	"-1"	"1"	"""na"""	"0"	"""1"""	"""friend"""	"-1"	"0"	"""null"""	"50"	"0"	"""His friends"""	"0"	"""2"""	"1"	"0"	"""left"""	"""TRUE"""	"-1"	"""FALSE"""	"0"
"What is he talking about? (2-3 mins)"	"Short and fun! A 1-2 minute word game about what someone is talking about."	"experiment, psychology, game"	"$0.20"	"Sun Nov 17 20:20:33 PST 2013"	"40"	"0"	"0"	"40"	"Reviewable"	"NotReviewed"	"1 scales"	"600"	"60000"	"Sun Nov 24 20:20:33 PST 2013"	"S62523"	"Approved"	""	"""glasses"""	"-1"	"50"	"-1"	"1"	""""""	"0"	"""1"""	"""friend"""	"-1"	"0"	"""null"""	"50"	"0"	"""I have no idea"""	"0"	"""2"""	"1"	"0"	"""left"""	"""TRUE"""	"-1"	"""FALSE"""	"0"
"What is he talking about? (2-3 mins)"	"Short and fun! A 1-2 minute word game about what someone is talking about."	"experiment, psychology, game"	"$0.20"	"Sun Nov 17 20:20:33 PST 2013"	"40"	"0"	"0"	"40"	"Reviewable"	"NotReviewed"	"1 scales"	"600"	"60000"	"Sun Nov 24 20:20:33 PST 2013"	"S33755"	"Approved"	""	"""hat"""	"-1"	"50"	"-1"	"1"	"""I enjoyed it."""	"0"	"""1"""	"""friend"""	"-1"	"0"	"""null"""	"40"	"0"	"""Who was his friend."""	"0"	"""2"""	"1"	"0"	"""right"""	"""TRUE"""	"-1"	"""FALSE"""	"10"
"What is he talking about? (2-3 mins)"	"Short and fun! A 1-2 minute word game about what someone is talking about."	"experiment, psychology, game"	"$0.20"	"Sun Nov 17 20:20:33 PST 2013"	"40"	"0"	"0"	"40"	"Reviewable"	"NotReviewed"	"1 scales"	"600"	"60000"	"Sun Nov 24 20:20:33 PST 2013"	"S33367"	"Approved"	""	"""hat"""	"-1"	"20"	"-1"	"1"	"""no"""	"0"	"""1"""	"""friend"""	"-1"	"0"	"""null"""	"50"	"0"	"""costs of hat and glasses"""	"0"	"""3"""	"1"	"0"	"""left"""	"""FALSE"""	"-1"	"""FALSE"""	"30"
"What is he talking about? (2-3 mins)"	"Short and fun! A 1-2 minute word game about what someone is talking about."	"experiment, psychology, game"	"$0.20"	"Sun Nov 17 20:20:33 PST 2013"	"40"	"0"	"0"	"40"	"Reviewable"	"NotReviewed"	"1 scales"	"600"	"60000"	"Sun Nov 24 20:20:33 PST 2013"	"S58790"	"Approved"	""	"""hat"""	"-1"	"50"	"-1"	"1"	""""""	"0"	"""1"""	"""friend"""	"-1"	"0"	"""null"""	"50"	"0"	"""betting on which friend bob visited by description"""	"0"	"""2"""	"1"	"0"	"""right"""	"""TRUE"""	"-1"	"""FALSE"""	"0"
"What is he talking about? (2-3 mins)"	"Short and fun! A 1-2 minute word game about what someone is talking about."	"experiment, psychology, game"	"$0.20"	"Sun Nov 17 20:20:33 PST 2013"	"40"	"0"	"0"	"40"	"Reviewable"	"NotReviewed"	"1 scales"	"600"	"60000"	"Sun Nov 24 20:20:33 PST 2013"	"S05938"	"Approved"	""	"""mustache"""	"-1"	"50"	"-1"	"1"	""""""	"0"	"""1"""	"""friend"""	"-1"	"0"	"""null"""	"50"	"0"	"""physical characteristics and likebility? """	"0"	"""2"""	"1"	"0"	"""right"""	"""TRUE"""	"-1"	"""FALSE"""	"0"
"What is he talking about? (2-3 mins)"	"Short and fun! A 1-2 minute word game about what someone is talking about."	"experiment, psychology, game"	"$0.20"	"Sun Nov 17 20:20:33 PST 2013"	"40"	"0"	"0"	"40"	"Reviewable"	"NotReviewed"	"1 scales"	"600"	"60000"	"Sun Nov 24 20:20:33 PST 2013"	"S38428"	"Approved"	""	"""glasses"""	"-1"	"50"	"-1"	"1"	""""""	"0"	"""1"""	"""friend"""	"-1"	"0"	"""null"""	"50"	"0"	"""Betting on which of Bob's friends is his favorite."""	"0"	"""2"""	"1"	"0"	"""left"""	"""TRUE"""	"-1"	"""FALSE"""	"0"
"What is he talking about? (2-3 mins)"	"Short and fun! A 1-2 minute word game about what someone is talking about."	"experiment, psychology, game"	"$0.20"	"Sun Nov 17 20:20:33 PST 2013"	"40"	"0"	"0"	"40"	"Reviewable"	"NotReviewed"	"1 scales"	"600"	"60000"	"Sun Nov 24 20:20:33 PST 2013"	"S22467"	"Approved"	""	"""hat"""	"-1"	"50"	"-1"	"1"	"""no"""	"0"	"""1"""	"""friend"""	"-1"	"0"	"""null"""	"50"	"0"	"""I have no idea"""	"0"	"""2"""	"1"	"0"	"""right"""	"""TRUE"""	"-1"	"""FALSE"""	"0"
"What is he talking about? (2-3 mins)"	"Short and fun! A 1-2 minute word game about what someone is talking about."	"experiment, psychology, game"	"$0.20"	"Sun Nov 17 20:20:33 PST 2013"	"40"	"0"	"0"	"40"	"Reviewable"	"NotReviewed"	"1 scales"	"600"	"60000"	"Sun Nov 24 20:20:33 PST 2013"	"S25641"	"Approved"	""	"""hat"""	"-1"	"50"	"-1"	"1"	"""N/A"""	"0"	"""1"""	"""friend"""	"-1"	"0"	"""null"""	"50"	"0"	"""How people determine bets."""	"0"	"""2"""	"1"	"0"	"""middle"""	"""TRUE"""	"-1"	"""FALSE"""	"0"
"What is he talking about? (2-3 mins)"	"Short and fun! A 1-2 minute word game about what someone is talking about."	"experiment, psychology, game"	"$0.20"	"Sun Nov 17 20:20:33 PST 2013"	"40"	"0"	"0"	"40"	"Reviewable"	"NotReviewed"	"1 scales"	"600"	"60000"	"Sun Nov 24 20:20:33 PST 2013"	"S86097"	"Approved"	""	"""mustache"""	"-1"	"50"	"-1"	"1"	"""No"""	"0"	"""1"""	"""friend"""	"-1"	"0"	"""null"""	"50"	"0"	"""How likely a particular friend met Bob's criteria"""	"0"	"""2"""	"1"	"0"	"""middle"""	"""TRUE"""	"-1"	"""FALSE"""	"0"
"What is he talking about? (2-3 mins)"	"Short and fun! A 1-2 minute word game about what someone is talking about."	"experiment, psychology, game"	"$0.20"	"Sun Nov 17 20:20:33 PST 2013"	"40"	"0"	"0"	"40"	"Reviewable"	"NotReviewed"	"1 scales"	"600"	"60000"	"Sun Nov 24 20:20:33 PST 2013"	"S91144"	"Approved"	""	"""glasses"""	"-1"	"50"	"-1"	"1"	""""""	"0"	"""1"""	"""friend"""	"-1"	"0"	"""null"""	"50"	"0"	"""Probability and reasoning"""	"0"	"""2"""	"1"	"0"	"""middle"""	"""TRUE"""	"-1"	"""FALSE"""	"0"
"What is he talking about? (2-3 mins)"	"Short and fun! A 1-2 minute word game about what someone is talking about."	"experiment, psychology, game"	"$0.20"	"Sun Nov 17 20:20:33 PST 2013"	"40"	"0"	"0"	"40"	"Reviewable"	"NotReviewed"	"1 scales"	"600"	"60000"	"Sun Nov 24 20:20:33 PST 2013"	"S07930"	"Approved"	""	"""glasses"""	"-1"	"50"	"-1"	"1"	""""""	"0"	"""1"""	"""friend"""	"-1"	"0"	"""null"""	"50"	"0"	"""Bob's friends"""	"0"	"""2"""	"1"	"0"	"""left"""	"""TRUE"""	"-1"	"""FALSE"""	"0"
"What is he talking about? (2-3 mins)"	"Short and fun! A 1-2 minute word game about what someone is talking about."	"experiment, psychology, game"	"$0.20"	"Sun Nov 17 20:20:33 PST 2013"	"40"	"0"	"0"	"40"	"Reviewable"	"NotReviewed"	"1 scales"	"600"	"60000"	"Sun Nov 24 20:20:33 PST 2013"	"S25125"	"Approved"	""	"""glasses"""	"-1"	"25"	"-1"	"1"	""""""	"0"	"""1"""	"""friend"""	"-1"	"0"	"""null"""	"75"	"0"	"""betting money on who i thought his friend was"""	"0"	"""2"""	"1"	"0"	"""left"""	"""TRUE"""	"-1"	"""FALSE"""	"0"
"What is he talking about? (2-3 mins)"	"Short and fun! A 1-2 minute word game about what someone is talking about."	"experiment, psychology, game"	"$0.20"	"Sun Nov 17 20:20:33 PST 2013"	"40"	"0"	"0"	"40"	"Reviewable"	"NotReviewed"	"1 scales"	"600"	"60000"	"Sun Nov 24 20:20:33 PST 2013"	"S87818"	"Approved"	""	"""glasses"""	"-1"	"50"	"-1"	"1"	"""I'm usually never able to submit these hits, hopefully this one works."""	"0"	"""1"""	"""friend"""	"-1"	"0"	"""null"""	"50"	"0"	"""Which was his favorite friend"""	"0"	"""2"""	"1"	"0"	"""right"""	"""TRUE"""	"-1"	"""FALSE"""	"0"
"What is he talking about? (2-3 mins)"	"Short and fun! A 1-2 minute word game about what someone is talking about."	"experiment, psychology, game"	"$0.20"	"Sun Nov 17 20:20:33 PST 2013"	"40"	"0"	"0"	"40"	"Reviewable"	"NotReviewed"	"1 scales"	"600"	"60000"	"Sun Nov 24 20:20:33 PST 2013"	"S89468"	"Approved"	""	"""glasses"""	"-1"	"40"	"-1"	"1"	""""""	"0"	"""1"""	"""friend"""	"-1"	"0"	"""null"""	"60"	"0"	"""betting on which of bob's friends was his favorite"""	"0"	"""2"""	"1"	"0"	"""middle"""	"""TRUE"""	"-1"	"""FALSE"""	"0"
"What is he talking about? (2-3 mins)"	"Short and fun! A 1-2 minute word game about what someone is talking about."	"experiment, psychology, game"	"$0.20"	"Sun Nov 17 20:20:33 PST 2013"	"40"	"0"	"0"	"40"	"Reviewable"	"NotReviewed"	"1 scales"	"600"	"60000"	"Sun Nov 24 20:20:33 PST 2013"	"S60156"	"Approved"	""	"""hat"""	"-1"	"60"	"-1"	"1"	"""No"""	"0"	"""1"""	"""friend"""	"-1"	"0"	"""null"""	"40"	"0"	"""Guess who Bob's friend is"""	"0"	"""2"""	"1"	"0"	"""middle"""	"""TRUE"""	"-1"	"""FALSE"""	"0"
"What is he talking about? (2-3 mins)"	"Short and fun! A 1-2 minute word game about what someone is talking about."	"experiment, psychology, game"	"$0.20"	"Sun Nov 17 20:20:33 PST 2013"	"40"	"0"	"0"	"40"	"Reviewable"	"NotReviewed"	"1 scales"	"600"	"60000"	"Sun Nov 24 20:20:33 PST 2013"	"S81568"	"Approved"	""	"""hat"""	"-1"	"50"	"-1"	"1"	"""n/a"""	"0"	"""1"""	"""friend"""	"-1"	"0"	"""null"""	"50"	"0"	"""Making decisions based on limited information."""	"0"	"""2"""	"1"	"0"	"""right"""	"""TRUE"""	"-1"	"""FALSE"""	"0"
"What is he talking about? (2-3 mins)"	"Short and fun! A 1-2 minute word game about what someone is talking about."	"experiment, psychology, game"	"$0.20"	"Sun Nov 17 20:20:33 PST 2013"	"40"	"0"	"0"	"40"	"Reviewable"	"NotReviewed"	"1 scales"	"600"	"60000"	"Sun Nov 24 20:20:33 PST 2013"	"S68275"	"Approved"	""	"""mustache"""	"-1"	"50"	"-1"	"1"	"""nope"""	"0"	"""1"""	"""friend"""	"-1"	"0"	"""null"""	"50"	"0"	"""probably about choosing bets"""	"0"	"""2"""	"1"	"0"	"""right"""	"""TRUE"""	"-1"	"""FALSE"""	"0"
"What is he talking about? (2-3 mins)"	"Short and fun! A 1-2 minute word game about what someone is talking about."	"experiment, psychology, game"	"$0.20"	"Sun Nov 17 20:20:33 PST 2013"	"40"	"0"	"0"	"40"	"Reviewable"	"NotReviewed"	"1 scales"	"600"	"60000"	"Sun Nov 24 20:20:33 PST 2013"	"S00663"	"Approved"	""	"""mustache"""	"-1"	"50"	"-1"	"1"	""""""	"0"	"""1"""	"""friend"""	"-1"	"0"	"""null"""	"50"	"0"	"""betting to see who Bob liked better as a friend between the two mustache friends"""	"0"	"""2"""	"1"	"0"	"""left"""	"""TRUE"""	"-1"	"""FALSE"""	"0"
"What is he talking about? (2-3 mins)"	"Short and fun! A 1-2 minute word game about what someone is talking about."	"experiment, psychology, game"	"$0.20"	"Sun Nov 17 20:20:33 PST 2013"	"40"	"0"	"0"	"40"	"Reviewable"	"NotReviewed"	"1 scales"	"600"	"60000"	"Sun Nov 24 20:20:33 PST 2013"	"S36131"	"Approved"	""	"""hat"""	"-1"	"60"	"-1"	"1"	"""I wish I had $100 dollars to share with friends """	"0"	"""1"""	"""friend"""	"-1"	"0"	"""null"""	"30"	"0"	"""Bobs Friends"""	"0"	"""2"""	"1"	"0"	"""left"""	"""TRUE"""	"-1"	"""FALSE"""	"10"
"What is he talking about? (2-3 mins)"	"Short and fun! A 1-2 minute word game about what someone is talking about."	"experiment, psychology, game"	"$0.20"	"Sun Nov 17 20:20:33 PST 2013"	"40"	"0"	"0"	"40"	"Reviewable"	"NotReviewed"	"1 scales"	"600"	"60000"	"Sun Nov 24 20:20:33 PST 2013"	"S23831"	"Approved"	""	"""glasses"""	"-1"	"50"	"-1"	"1"	"""No"""	"0"	"""1"""	"""friend"""	"-1"	"0"	"""null"""	"50"	"0"	"""Guessing who is Bob's favorite friend."""	"0"	"""2"""	"1"	"0"	"""middle"""	"""TRUE"""	"-1"	"""FALSE"""	"0"
"What is he talking about? (2-3 mins)"	"Short and fun! A 1-2 minute word game about what someone is talking about."	"experiment, psychology, game"	"$0.20"	"Sun Nov 17 20:20:33 PST 2013"	"40"	"0"	"0"	"40"	"Reviewable"	"NotReviewed"	"1 scales"	"600"	"60000"	"Sun Nov 24 20:20:33 PST 2013"	"S63728"	"Approved"	""	"""mustache"""	"-1"	"50"	"-1"	"1"	"""I blanked on the name of the character however I knew what the survey was about!"""	"0"	"""1"""	"""friend"""	"-1"	"0"	"""null"""	"50"	"0"	"""Distributing money to a mustached friend"""	"0"	"""2"""	"1"	"0"	"""middle"""	"""TRUE"""	"-1"	"""FALSE"""	"0"
"What is he talking about? (2-3 mins)"	"Short and fun! A 1-2 minute word game about what someone is talking about."	"experiment, psychology, game"	"$0.20"	"Sun Nov 17 20:20:33 PST 2013"	"40"	"0"	"0"	"40"	"Reviewable"	"NotReviewed"	"1 scales"	"600"	"60000"	"Sun Nov 24 20:20:33 PST 2013"	"S88212"	"Approved"	""	"""glasses"""	"-1"	"20"	"-1"	"1"	""""""	"0"	"""1"""	"""friend"""	"-1"	"0"	"""null"""	"80"	"0"	"""Which were were more likely to pick based on vague language (picking bob's friends)."""	"0"	"""2"""	"1"	"0"	"""right"""	"""TRUE"""	"-1"	"""FALSE"""	"0"
"What is he talking about? (2-3 mins)"	"Short and fun! A 1-2 minute word game about what someone is talking about."	"experiment, psychology, game"	"$0.20"	"Sun Nov 17 20:20:33 PST 2013"	"40"	"0"	"0"	"40"	"Reviewable"	"NotReviewed"	"1 scales"	"600"	"60000"	"Sun Nov 24 20:20:33 PST 2013"	"S27579"	"Approved"	""	"""hat"""	"-1"	"50"	"-1"	"1"	""""""	"0"	"""1"""	"""friend"""	"-1"	"0"	"""null"""	"50"	"0"	"""Betting money on who I think was the freind that Bob liked the best."""	"0"	"""2"""	"1"	"0"	"""left"""	"""TRUE"""	"-1"	"""FALSE"""	"0"
"What is he talking about? (2-3 mins)"	"Short and fun! A 1-2 minute word game about what someone is talking about."	"experiment, psychology, game"	"$0.20"	"Sun Nov 17 20:20:33 PST 2013"	"40"	"0"	"0"	"40"	"Reviewable"	"NotReviewed"	"1 scales"	"600"	"60000"	"Sun Nov 24 20:20:33 PST 2013"	"S55990"	"Approved"	""	"""hat"""	"-1"	"0"	"-1"	"1"	""""""	"0"	"""1"""	"""friend"""	"-1"	"0"	"""null"""	"100"	"0"	"""Who his friend is."""	"0"	"""2"""	"1"	"0"	"""left"""	"""TRUE"""	"-1"	"""FALSE"""	"0"
"What is he talking about? (2-3 mins)"	"Short and fun! A 1-2 minute word game about what someone is talking about."	"experiment, psychology, game"	"$0.20"	"Sun Nov 17 20:20:33 PST 2013"	"40"	"0"	"0"	"40"	"Reviewable"	"NotReviewed"	"1 scales"	"600"	"60000"	"Sun Nov 24 20:20:33 PST 2013"	"S54643"	"Approved"	""	"""mustache"""	"-1"	"0"	"-1"	"1"	""""""	"0"	"""1"""	"""friend"""	"-1"	"0"	"""null"""	"100"	"0"	"""Profiling."""	"0"	"""2"""	"1"	"0"	"""right"""	"""TRUE"""	"-1"	"""FALSE"""	"0"
"What is he talking about? (2-3 mins)"	"Short and fun! A 1-2 minute word game about what someone is talking about."	"experiment, psychology, game"	"$0.20"	"Sun Nov 17 20:20:33 PST 2013"	"40"	"0"	"0"	"40"	"Reviewable"	"NotReviewed"	"1 scales"	"600"	"60000"	"Sun Nov 24 20:20:33 PST 2013"	"S47264"	"Approved"	""	"""mustache"""	"-1"	"100"	"-1"	"1"	"""interesting,liked it"""	"0"	"""1"""	"""friend"""	"-1"	"0"	"""null"""	"0"	"0"	"""friend identification"""	"0"	"""2"""	"1"	"0"	"""right"""	"""FALSE"""	"-1"	"""FALSE"""	"0"
"What is he talking about? (2-3 mins)"	"Short and fun! A 1-2 minute word game about what someone is talking about."	"experiment, psychology, game"	"$0.20"	"Sun Nov 17 20:20:33 PST 2013"	"40"	"0"	"0"	"40"	"Reviewable"	"NotReviewed"	"1 scales"	"600"	"60000"	"Sun Nov 24 20:20:33 PST 2013"	"S29833"	"Approved"	""	"""mustache"""	"-1"	"25"	"-1"	"1"	"""good survey"""	"0"	"""1"""	"""friend"""	"-1"	"0"	"""null"""	"75"	"0"	"""Bob and his friends"""	"0"	"""2"""	"1"	"0"	"""right"""	"""TRUE"""	"-1"	"""FALSE"""	"0"
"What is he talking about? (2-3 mins)"	"Short and fun! A 1-2 minute word game about what someone is talking about."	"experiment, psychology, game"	"$0.20"	"Sun Nov 17 20:20:33 PST 2013"	"40"	"0"	"0"	"40"	"Reviewable"	"NotReviewed"	"1 scales"	"600"	"60000"	"Sun Nov 24 20:20:33 PST 2013"	"S28891"	"Approved"	""	"""hat"""	"-1"	"60"	"-1"	"1"	""""""	"0"	"""1"""	"""friend"""	"-1"	"0"	"""null"""	"40"	"0"	"""Who you think people like"""	"0"	"""2"""	"1"	"0"	"""left"""	"""TRUE"""	"-1"	"""FALSE"""	"0"
"What is he talking about? (2-3 mins)"	"Short and fun! A 1-2 minute word game about what someone is talking about."	"experiment, psychology, game"	"$0.20"	"Sun Nov 17 20:20:33 PST 2013"	"40"	"0"	"0"	"40"	"Reviewable"	"NotReviewed"	"1 scales"	"600"	"60000"	"Sun Nov 24 20:20:33 PST 2013"	"S11291"	"Approved"	""	"""hat"""	"-1"	"40"	"-1"	"1"	""""""	"0"	"""1"""	"""friend"""	"-1"	"0"	"""null"""	"40"	"0"	"""to figure who was the favorite"""	"0"	"""2"""	"1"	"0"	"""right"""	"""TRUE"""	"-1"	"""FALSE"""	"20"
"What is he talking about? (2-3 mins)"	"Short and fun! A 1-2 minute word game about what someone is talking about."	"experiment, psychology, game"	"$0.20"	"Sun Nov 17 20:20:33 PST 2013"	"40"	"0"	"0"	"40"	"Reviewable"	"NotReviewed"	"1 scales"	"600"	"60000"	"Sun Nov 24 20:20:33 PST 2013"	"S48246"	"Approved"	""	"""mustache"""	"-1"	"50"	"-1"	"1"	"""I was almost tempted to bet more on the hat guy; I assume hat guy is more friendly. I did 50/50 in the end though"""	"0"	"""1"""	"""friend"""	"-1"	"0"	"""null"""	"50"	"0"	"""Making a bet on who was Bob's favorite friend from facial features"""	"0"	"""2"""	"1"	"0"	"""middle"""	"""TRUE"""	"-1"	"""FALSE"""	"0"
"What is he talking about? (2-3 mins)"	"Short and fun! A 1-2 minute word game about what someone is talking about."	"experiment, psychology, game"	"$0.20"	"Sun Nov 17 20:20:33 PST 2013"	"40"	"0"	"0"	"40"	"Reviewable"	"NotReviewed"	"1 scales"	"600"	"60000"	"Sun Nov 24 20:20:33 PST 2013"	"S16341"	"Approved"	""	"""hat"""	"-1"	"50"	"-1"	"1"	"""No. """	"0"	"""1"""	"""friend"""	"-1"	"0"	"""null"""	"50"	"0"	"""Betting who was his favorite friend who wears a hat. """	"0"	"""2"""	"1"	"0"	"""left"""	"""TRUE"""	"-1"	"""FALSE"""	"0"
"What is he talking about? (2-3 mins)"	"Short and fun! A 1-2 minute word game about what someone is talking about."	"experiment, psychology, game"	"$0.20"	"Sun Nov 17 20:20:33 PST 2013"	"40"	"0"	"0"	"40"	"Reviewable"	"NotReviewed"	"1 scales"	"600"	"60000"	"Sun Nov 24 20:20:33 PST 2013"	"S28427"	"Approved"	""	"""hat"""	"-1"	"50"	"-1"	"1"	"""No comments"""	"0"	"""1"""	"""friend"""	"-1"	"0"	"""null"""	"50"	"0"	"""Friends"""	"0"	"""2"""	"1"	"0"	"""middle"""	"""TRUE"""	"-1"	"""FALSE"""	"0"
