"title"	"description"	"keywords"	"reward"	"creationtime"	"assignments"	"numavailable"	"numpending"	"numcomplete"	"hitstatus"	"reviewstatus"	"annotation"	"assignmentduration"	"autoapprovaldelay"	"hitlifetime"	"workerid"	"assignmentstatus"	"deadline"	"Answer.target_property"	"Answer.choice"	"Answer.familiarization_cond"	"Answer.money_allocated_to_target"	"Answer.money_allocated_to_logical"	"Answer.Likert_value_target"	"Answer.target_frequency"	"Answer.about"	"Answer.debugVariable"	"Answer.participant_response_type_condition"	"Answer.manip_check_target"	"Answer.participant_feature_count_condition"	"Answer.target_filler_sequence_condition"	"Answer.comment"	"Answer.linguistic_framing_condition"	"Answer.manip_check_dist"	"Answer.item"	"Answer.target_position"	"Answer.name_check_correct"	"Answer.Likert_value_foil"	"Answer.choice_correct"	"Answer.Likert_value_logical"	"Answer.money_allocated_to_foil"	"Answer.question_type_condition"
"What is he talking about? (2-3 mins)"	"Short and fun! A 2-3 minute word game about what someone is talking about."	"experiment, psychology, game"	"$0.25"	"Mon Nov 04 08:27:33 PST 2013"	"50"	"0"	"0"	"50"	"Reviewable"	"NotReviewed"	"1 scales"	"600"	"60000"	"Mon Nov 11 08:27:33 PST 2013"	"S01383"	"Approved"	""	"""mustache"""	"""null"""	"3"	"-1"	"-1"	"""7"""	"0.89"	"""Guessing the likelihood of who was the favorite friend"""	"1"	"2"	"""2"""	"1"	"0"	""""""	"0"	"""1"""	"""friend"""	"""right"""	"""TRUE"""	"""1"""	"""FALSE"""	"""7"""	"-1"	"0"
"What is he talking about? (2-3 mins)"	"Short and fun! A 2-3 minute word game about what someone is talking about."	"experiment, psychology, game"	"$0.25"	"Mon Nov 04 08:27:33 PST 2013"	"50"	"0"	"0"	"50"	"Reviewable"	"NotReviewed"	"1 scales"	"600"	"60000"	"Mon Nov 11 08:27:33 PST 2013"	"S91772"	"Approved"	""	"""glasses"""	"""logical"""	"3"	"-1"	"-1"	"-1"	"0.89"	"""Bob said his best friend had glasses. There were two people shown with glasses and you wanted me to guess which he meant. I don't know why."""	"1"	"0"	"""2"""	"1"	"0"	"""No."""	"0"	"""1"""	"""friend"""	"""left"""	"""TRUE"""	"-1"	"""FALSE"""	"-1"	"-1"	"0"
"What is he talking about? (2-3 mins)"	"Short and fun! A 2-3 minute word game about what someone is talking about."	"experiment, psychology, game"	"$0.25"	"Mon Nov 04 08:27:33 PST 2013"	"50"	"0"	"0"	"50"	"Reviewable"	"NotReviewed"	"1 scales"	"600"	"60000"	"Mon Nov 11 08:27:33 PST 2013"	"S74116"	"Approved"	""	"""hat"""	"""target"""	"3"	"-1"	"-1"	"-1"	"0.89"	"""about emotions"""	"1"	"0"	"""2"""	"1"	"0"	"""it was fun."""	"0"	"""1"""	"""friend"""	"""right"""	"""TRUE"""	"-1"	"""TRUE"""	"-1"	"-1"	"0"
"What is he talking about? (2-3 mins)"	"Short and fun! A 2-3 minute word game about what someone is talking about."	"experiment, psychology, game"	"$0.25"	"Mon Nov 04 08:27:33 PST 2013"	"50"	"0"	"0"	"50"	"Reviewable"	"NotReviewed"	"1 scales"	"600"	"60000"	"Mon Nov 11 08:27:33 PST 2013"	"S98848"	"Approved"	""	"""hat"""	"""null"""	"1"	"-1"	"-1"	"""5"""	"0.44"	"""Who was Bob's friend?"""	"1"	"2"	"""2"""	"1"	"0"	""""""	"0"	"""1"""	"""friend"""	"""right"""	"""TRUE"""	"""1"""	"""FALSE"""	"""5"""	"-1"	"0"
"What is he talking about? (2-3 mins)"	"Short and fun! A 2-3 minute word game about what someone is talking about."	"experiment, psychology, game"	"$0.25"	"Mon Nov 04 08:27:33 PST 2013"	"50"	"0"	"0"	"50"	"Reviewable"	"NotReviewed"	"1 scales"	"600"	"60000"	"Mon Nov 11 08:27:33 PST 2013"	"S38584"	"Approved"	""	"""mustache"""	"""null"""	"2"	"25"	"50"	"-1"	"0.667"	"""I have no idea. """	"1"	"1"	"""2"""	"1"	"0"	"""None. """	"0"	"""1"""	"""friend"""	"""left"""	"""TRUE"""	"-1"	"""FALSE"""	"-1"	"25"	"0"
"What is he talking about? (2-3 mins)"	"Short and fun! A 2-3 minute word game about what someone is talking about."	"experiment, psychology, game"	"$0.25"	"Mon Nov 04 08:27:33 PST 2013"	"50"	"0"	"0"	"50"	"Reviewable"	"NotReviewed"	"1 scales"	"600"	"60000"	"Mon Nov 11 08:27:33 PST 2013"	"S58554"	"Approved"	""	"""mustache"""	"""null"""	"1"	"-1"	"-1"	"""7"""	"0.44"	"""I'm not really sure what this study was about."""	"1"	"2"	"""2"""	"1"	"0"	""""""	"0"	"""1"""	"""friend"""	"""middle"""	"""TRUE"""	"""1"""	"""FALSE"""	"""4"""	"-1"	"0"
"What is he talking about? (2-3 mins)"	"Short and fun! A 2-3 minute word game about what someone is talking about."	"experiment, psychology, game"	"$0.25"	"Mon Nov 04 08:27:33 PST 2013"	"50"	"0"	"0"	"50"	"Reviewable"	"NotReviewed"	"1 scales"	"600"	"60000"	"Mon Nov 11 08:27:33 PST 2013"	"S97520"	"Approved"	""	"""mustache"""	"""null"""	"1"	"50"	"50"	"-1"	"0.44"	"""Picking the favorite friend"""	"1"	"1"	"""2"""	"1"	"0"	""""""	"0"	"""1"""	"""friend"""	"""left"""	"""FALSE"""	"-1"	"""FALSE"""	"-1"	"0"	"0"
"What is he talking about? (2-3 mins)"	"Short and fun! A 2-3 minute word game about what someone is talking about."	"experiment, psychology, game"	"$0.25"	"Mon Nov 04 08:27:33 PST 2013"	"50"	"0"	"0"	"50"	"Reviewable"	"NotReviewed"	"1 scales"	"600"	"60000"	"Mon Nov 11 08:27:33 PST 2013"	"S25561"	"Approved"	""	"""hat"""	"""null"""	"1"	"50"	"50"	"-1"	"0.44"	"""Not sure"""	"1"	"1"	"""2"""	"1"	"0"	""""""	"0"	"""1"""	"""friend"""	"""right"""	"""TRUE"""	"-1"	"""FALSE"""	"-1"	"0"	"0"
"What is he talking about? (2-3 mins)"	"Short and fun! A 2-3 minute word game about what someone is talking about."	"experiment, psychology, game"	"$0.25"	"Mon Nov 04 08:27:33 PST 2013"	"50"	"0"	"0"	"50"	"Reviewable"	"NotReviewed"	"1 scales"	"600"	"60000"	"Mon Nov 11 08:27:33 PST 2013"	"S47292"	"Approved"	""	"""hat"""	"""null"""	"1"	"20"	"80"	"-1"	"0.44"	"""picking a hat and finding bob"""	"1"	"1"	"""2"""	"1"	"0"	"""nope"""	"0"	"""1"""	"""friend"""	"""right"""	"""TRUE"""	"-1"	"""FALSE"""	"-1"	"0"	"0"
"What is he talking about? (2-3 mins)"	"Short and fun! A 2-3 minute word game about what someone is talking about."	"experiment, psychology, game"	"$0.25"	"Mon Nov 04 08:27:33 PST 2013"	"50"	"0"	"0"	"50"	"Reviewable"	"NotReviewed"	"1 scales"	"600"	"60000"	"Mon Nov 11 08:27:33 PST 2013"	"S72075"	"Approved"	""	"""glasses"""	"""null"""	"1"	"30"	"30"	"-1"	"0.44"	"""I do not know."""	"1"	"1"	"""2"""	"1"	"0"	"""None."""	"0"	"""1"""	"""friend"""	"""middle"""	"""TRUE"""	"-1"	"""FALSE"""	"-1"	"40"	"0"
"What is he talking about? (2-3 mins)"	"Short and fun! A 2-3 minute word game about what someone is talking about."	"experiment, psychology, game"	"$0.25"	"Mon Nov 04 08:27:33 PST 2013"	"50"	"0"	"0"	"50"	"Reviewable"	"NotReviewed"	"1 scales"	"600"	"60000"	"Mon Nov 11 08:27:33 PST 2013"	"S38793"	"Approved"	""	"""hat"""	"""target"""	"2"	"-1"	"-1"	"-1"	"0.667"	"""language perception"""	"1"	"0"	"""2"""	"1"	"0"	""""""	"0"	"""1"""	"""friend"""	"""middle"""	"""TRUE"""	"-1"	"""TRUE"""	"-1"	"-1"	"0"
"What is he talking about? (2-3 mins)"	"Short and fun! A 2-3 minute word game about what someone is talking about."	"experiment, psychology, game"	"$0.25"	"Mon Nov 04 08:27:33 PST 2013"	"50"	"0"	"0"	"50"	"Reviewable"	"NotReviewed"	"1 scales"	"600"	"60000"	"Mon Nov 11 08:27:33 PST 2013"	"S93930"	"Approved"	""	"""glasses"""	"""target"""	"2"	"-1"	"-1"	"-1"	"0.667"	"""Picking out which friend was the one they were talking about."""	"1"	"0"	"""2"""	"1"	"0"	""""""	"0"	"""1"""	"""friend"""	"""right"""	"""TRUE"""	"-1"	"""TRUE"""	"-1"	"-1"	"0"
"What is he talking about? (2-3 mins)"	"Short and fun! A 2-3 minute word game about what someone is talking about."	"experiment, psychology, game"	"$0.25"	"Mon Nov 04 08:27:33 PST 2013"	"50"	"0"	"0"	"50"	"Reviewable"	"NotReviewed"	"1 scales"	"600"	"60000"	"Mon Nov 11 08:27:33 PST 2013"	"S86429"	"Approved"	""	"""mustache"""	"""logical"""	"2"	"-1"	"-1"	"-1"	"0.667"	"""choosing who was bob's favorite friend"""	"1"	"0"	"""2"""	"1"	"0"	"""none at this time"""	"0"	"""1"""	"""friend"""	"""right"""	"""TRUE"""	"-1"	"""FALSE"""	"-1"	"-1"	"0"
"What is he talking about? (2-3 mins)"	"Short and fun! A 2-3 minute word game about what someone is talking about."	"experiment, psychology, game"	"$0.25"	"Mon Nov 04 08:27:33 PST 2013"	"50"	"0"	"0"	"50"	"Reviewable"	"NotReviewed"	"1 scales"	"600"	"60000"	"Mon Nov 11 08:27:33 PST 2013"	"S94561"	"Approved"	""	"""mustache"""	"""null"""	"0"	"-1"	"-1"	"""4"""	"0.22"	"""Intention?"""	"1"	"2"	"""2"""	"1"	"0"	""""""	"0"	"""1"""	"""friend"""	"""left"""	"""TRUE"""	"""1"""	"""FALSE"""	"""4"""	"-1"	"0"
"What is he talking about? (2-3 mins)"	"Short and fun! A 2-3 minute word game about what someone is talking about."	"experiment, psychology, game"	"$0.25"	"Mon Nov 04 08:27:33 PST 2013"	"50"	"0"	"0"	"50"	"Reviewable"	"NotReviewed"	"1 scales"	"600"	"60000"	"Mon Nov 11 08:27:33 PST 2013"	"S78580"	"Approved"	""	"""hat"""	"""null"""	"3"	"-1"	"-1"	"""4"""	"0.89"	"""Choosing which friend is bob's favorite."""	"1"	"2"	"""2"""	"1"	"0"	""""""	"0"	"""1"""	"""friend"""	"""left"""	"""TRUE"""	"""1"""	"""FALSE"""	"""4"""	"-1"	"0"
"What is he talking about? (2-3 mins)"	"Short and fun! A 2-3 minute word game about what someone is talking about."	"experiment, psychology, game"	"$0.25"	"Mon Nov 04 08:27:33 PST 2013"	"50"	"0"	"0"	"50"	"Reviewable"	"NotReviewed"	"1 scales"	"600"	"60000"	"Mon Nov 11 08:27:33 PST 2013"	"S49244"	"Approved"	""	"""glasses"""	"""null"""	"2"	"-1"	"-1"	"""6"""	"0.667"	"""favoritism"""	"1"	"2"	"""2"""	"1"	"0"	""""""	"0"	"""1"""	"""friend"""	"""middle"""	"""FALSE"""	"""3"""	"""FALSE"""	"""4"""	"-1"	"0"
"What is he talking about? (2-3 mins)"	"Short and fun! A 2-3 minute word game about what someone is talking about."	"experiment, psychology, game"	"$0.25"	"Mon Nov 04 08:27:33 PST 2013"	"50"	"0"	"0"	"50"	"Reviewable"	"NotReviewed"	"1 scales"	"600"	"60000"	"Mon Nov 11 08:27:33 PST 2013"	"S03643"	"Approved"	""	"""hat"""	"""null"""	"0"	"50"	"50"	"-1"	"0.22"	"""Paying attention to small details when given an overall large picture?"""	"1"	"1"	"""2"""	"1"	"0"	"""I was so paying attention to the details trying to guess which one with the hat it may be I completely blanked out on the name of the person."""	"0"	"""1"""	"""friend"""	"""right"""	"""FALSE"""	"-1"	"""FALSE"""	"-1"	"0"	"0"
"What is he talking about? (2-3 mins)"	"Short and fun! A 2-3 minute word game about what someone is talking about."	"experiment, psychology, game"	"$0.25"	"Mon Nov 04 08:27:33 PST 2013"	"50"	"0"	"0"	"50"	"Reviewable"	"NotReviewed"	"1 scales"	"600"	"60000"	"Mon Nov 11 08:27:33 PST 2013"	"S62656"	"Approved"	""	"""glasses"""	"""null"""	"0"	"30"	"50"	"-1"	"0.22"	"""About distributing $100 between three of Bob's friends based on his 'favorite' person."""	"1"	"1"	"""2"""	"1"	"0"	"""Perhaps put the boxes for distributing money to the three 'friends' below the question. I was confused at first because there were empty boxes that I did not know how to fill until I read the instruction below."""	"0"	"""1"""	"""friend"""	"""right"""	"""TRUE"""	"-1"	"""FALSE"""	"-1"	"20"	"0"
"What is he talking about? (2-3 mins)"	"Short and fun! A 2-3 minute word game about what someone is talking about."	"experiment, psychology, game"	"$0.25"	"Mon Nov 04 08:27:33 PST 2013"	"50"	"0"	"0"	"50"	"Reviewable"	"NotReviewed"	"1 scales"	"600"	"60000"	"Mon Nov 11 08:27:33 PST 2013"	"S88732"	"Approved"	""	"""mustache"""	"""null"""	"3"	"75"	"25"	"-1"	"0.89"	"""I don't know"""	"1"	"1"	"""2"""	"1"	"0"	"""No"""	"0"	"""1"""	"""friend"""	"""right"""	"""TRUE"""	"-1"	"""FALSE"""	"-1"	"0"	"0"
"What is he talking about? (2-3 mins)"	"Short and fun! A 2-3 minute word game about what someone is talking about."	"experiment, psychology, game"	"$0.25"	"Mon Nov 04 08:27:33 PST 2013"	"50"	"0"	"0"	"50"	"Reviewable"	"NotReviewed"	"1 scales"	"600"	"60000"	"Mon Nov 11 08:27:33 PST 2013"	"S30823"	"Approved"	""	"""mustache"""	"""null"""	"3"	"50"	"50"	"-1"	"0.89"	"""Betting money on Bob's favorite mustache friend"""	"1"	"1"	"""2"""	"1"	"0"	"""Fun study"""	"0"	"""1"""	"""friend"""	"""left"""	"""TRUE"""	"-1"	"""FALSE"""	"-1"	"0"	"0"
"What is he talking about? (2-3 mins)"	"Short and fun! A 2-3 minute word game about what someone is talking about."	"experiment, psychology, game"	"$0.25"	"Mon Nov 04 08:27:33 PST 2013"	"50"	"0"	"0"	"50"	"Reviewable"	"NotReviewed"	"1 scales"	"600"	"60000"	"Mon Nov 11 08:27:33 PST 2013"	"S78076"	"Approved"	""	"""glasses"""	"""null"""	"3"	"-1"	"-1"	"""6"""	"0.89"	"""To see which smiley face you thought was Joe's friend"""	"1"	"2"	"""2"""	"1"	"0"	""""""	"0"	"""1"""	"""friend"""	"""left"""	"""FALSE"""	"""1"""	"""FALSE"""	"""6"""	"-1"	"0"
"What is he talking about? (2-3 mins)"	"Short and fun! A 2-3 minute word game about what someone is talking about."	"experiment, psychology, game"	"$0.25"	"Mon Nov 04 08:27:33 PST 2013"	"50"	"0"	"0"	"50"	"Reviewable"	"NotReviewed"	"1 scales"	"600"	"60000"	"Mon Nov 11 08:27:33 PST 2013"	"S90448"	"Approved"	""	"""mustache"""	"""null"""	"3"	"75"	"25"	"-1"	"0.89"	"""About someone's friend, and having a mustache. """	"1"	"1"	"""2"""	"1"	"0"	""""""	"0"	"""1"""	"""friend"""	"""middle"""	"""TRUE"""	"-1"	"""FALSE"""	"-1"	"0"	"0"
"What is he talking about? (2-3 mins)"	"Short and fun! A 2-3 minute word game about what someone is talking about."	"experiment, psychology, game"	"$0.25"	"Mon Nov 04 08:27:33 PST 2013"	"50"	"0"	"0"	"50"	"Reviewable"	"NotReviewed"	"1 scales"	"600"	"60000"	"Mon Nov 11 08:27:33 PST 2013"	"S28025"	"Approved"	""	"""hat"""	"""null"""	"0"	"33"	"34"	"-1"	"0.22"	"""Which was bob's favorite?"""	"1"	"1"	"""2"""	"1"	"0"	""""""	"0"	"""1"""	"""friend"""	"""middle"""	"""TRUE"""	"-1"	"""FALSE"""	"-1"	"33"	"0"
"What is he talking about? (2-3 mins)"	"Short and fun! A 2-3 minute word game about what someone is talking about."	"experiment, psychology, game"	"$0.25"	"Mon Nov 04 08:27:33 PST 2013"	"50"	"0"	"0"	"50"	"Reviewable"	"NotReviewed"	"1 scales"	"600"	"60000"	"Mon Nov 11 08:27:33 PST 2013"	"S30300"	"Approved"	""	"""mustache"""	"""null"""	"0"	"-1"	"-1"	"""5"""	"0.22"	"""Choosing a favorable face for Bob"""	"1"	"2"	"""2"""	"1"	"0"	"""no"""	"0"	"""1"""	"""friend"""	"""left"""	"""TRUE"""	"""3"""	"""FALSE"""	"""6"""	"-1"	"0"
"What is he talking about? (2-3 mins)"	"Short and fun! A 2-3 minute word game about what someone is talking about."	"experiment, psychology, game"	"$0.25"	"Mon Nov 04 08:27:33 PST 2013"	"50"	"0"	"0"	"50"	"Reviewable"	"NotReviewed"	"1 scales"	"600"	"60000"	"Mon Nov 11 08:27:33 PST 2013"	"S75644"	"Approved"	""	"""glasses"""	"""null"""	"2"	"50"	"50"	"-1"	"0.667"	"""no clue"""	"1"	"1"	"""2"""	"1"	"0"	""""""	"0"	"""1"""	"""friend"""	"""left"""	"""TRUE"""	"-1"	"""FALSE"""	"-1"	"0"	"0"
"What is he talking about? (2-3 mins)"	"Short and fun! A 2-3 minute word game about what someone is talking about."	"experiment, psychology, game"	"$0.25"	"Mon Nov 04 08:27:33 PST 2013"	"50"	"0"	"0"	"50"	"Reviewable"	"NotReviewed"	"1 scales"	"600"	"60000"	"Mon Nov 11 08:27:33 PST 2013"	"S68181"	"Approved"	""	"""mustache"""	"""null"""	"1"	"60"	"40"	"-1"	"0.44"	"""Language processing"""	"1"	"1"	"""2"""	"1"	"0"	""""""	"0"	"""1"""	"""friend"""	"""middle"""	"""TRUE"""	"-1"	"""FALSE"""	"-1"	"0"	"0"
"What is he talking about? (2-3 mins)"	"Short and fun! A 2-3 minute word game about what someone is talking about."	"experiment, psychology, game"	"$0.25"	"Mon Nov 04 08:27:33 PST 2013"	"50"	"0"	"0"	"50"	"Reviewable"	"NotReviewed"	"1 scales"	"600"	"60000"	"Mon Nov 11 08:27:33 PST 2013"	"S00516"	"Approved"	""	"""hat"""	"""target"""	"2"	"-1"	"-1"	"-1"	"0.667"	"""I'm not sure."""	"1"	"0"	"""2"""	"1"	"0"	"""No comments, thanks!"""	"0"	"""1"""	"""friend"""	"""middle"""	"""TRUE"""	"-1"	"""TRUE"""	"-1"	"-1"	"0"
"What is he talking about? (2-3 mins)"	"Short and fun! A 2-3 minute word game about what someone is talking about."	"experiment, psychology, game"	"$0.25"	"Mon Nov 04 08:27:33 PST 2013"	"50"	"0"	"0"	"50"	"Reviewable"	"NotReviewed"	"1 scales"	"600"	"60000"	"Mon Nov 11 08:27:33 PST 2013"	"S49802"	"Approved"	""	"""mustache"""	"""target"""	"2"	"-1"	"-1"	"-1"	"0.667"	"""unsure"""	"1"	"0"	"""2"""	"1"	"0"	""""""	"0"	"""1"""	"""friend"""	"""middle"""	"""TRUE"""	"-1"	"""TRUE"""	"-1"	"-1"	"0"
"What is he talking about? (2-3 mins)"	"Short and fun! A 2-3 minute word game about what someone is talking about."	"experiment, psychology, game"	"$0.25"	"Mon Nov 04 08:27:33 PST 2013"	"50"	"0"	"0"	"50"	"Reviewable"	"NotReviewed"	"1 scales"	"600"	"60000"	"Mon Nov 11 08:27:33 PST 2013"	"S55146"	"Approved"	""	"""mustache"""	"""null"""	"1"	"-1"	"-1"	"""5"""	"0.44"	"""How confident when two options are the same."""	"1"	"2"	"""2"""	"1"	"0"	"""Middle man as a different shade of yellow"""	"0"	"""1"""	"""friend"""	"""middle"""	"""TRUE"""	"""1"""	"""FALSE"""	"""5"""	"-1"	"0"
"What is he talking about? (2-3 mins)"	"Short and fun! A 2-3 minute word game about what someone is talking about."	"experiment, psychology, game"	"$0.25"	"Mon Nov 04 08:27:33 PST 2013"	"50"	"0"	"0"	"50"	"Reviewable"	"NotReviewed"	"1 scales"	"600"	"60000"	"Mon Nov 11 08:27:33 PST 2013"	"S97548"	"Approved"	""	"""glasses"""	"""target"""	"0"	"-1"	"-1"	"-1"	"0.22"	"""mustaches"""	"1"	"0"	"""2"""	"1"	"0"	""""""	"0"	"""1"""	"""friend"""	"""left"""	"""TRUE"""	"-1"	"""TRUE"""	"-1"	"-1"	"0"
"What is he talking about? (2-3 mins)"	"Short and fun! A 2-3 minute word game about what someone is talking about."	"experiment, psychology, game"	"$0.25"	"Mon Nov 04 08:27:33 PST 2013"	"50"	"0"	"0"	"50"	"Reviewable"	"NotReviewed"	"1 scales"	"600"	"60000"	"Mon Nov 11 08:27:33 PST 2013"	"S30516"	"Approved"	""	"""mustache"""	"""logical"""	"0"	"-1"	"-1"	"-1"	"0.22"	"""Don't know"""	"1"	"0"	"""2"""	"1"	"0"	""""""	"0"	"""1"""	"""friend"""	"""middle"""	"""TRUE"""	"-1"	"""FALSE"""	"-1"	"-1"	"0"
"What is he talking about? (2-3 mins)"	"Short and fun! A 2-3 minute word game about what someone is talking about."	"experiment, psychology, game"	"$0.25"	"Mon Nov 04 08:27:33 PST 2013"	"50"	"0"	"0"	"50"	"Reviewable"	"NotReviewed"	"1 scales"	"600"	"60000"	"Mon Nov 11 08:27:33 PST 2013"	"S30773"	"Approved"	""	"""glasses"""	"""target"""	"0"	"-1"	"-1"	"-1"	"0.22"	"""descriptors"""	"1"	"0"	"""2"""	"1"	"0"	""""""	"0"	"""1"""	"""friend"""	"""middle"""	"""TRUE"""	"-1"	"""TRUE"""	"-1"	"-1"	"0"
"What is he talking about? (2-3 mins)"	"Short and fun! A 2-3 minute word game about what someone is talking about."	"experiment, psychology, game"	"$0.25"	"Mon Nov 04 08:27:33 PST 2013"	"50"	"0"	"0"	"50"	"Reviewable"	"NotReviewed"	"1 scales"	"600"	"60000"	"Mon Nov 11 08:27:33 PST 2013"	"S99033"	"Approved"	""	"""glasses"""	"""null"""	"1"	"75"	"25"	"-1"	"0.44"	"""Betting"""	"1"	"1"	"""2"""	"1"	"0"	"""Thanks!"""	"0"	"""1"""	"""friend"""	"""left"""	"""TRUE"""	"-1"	"""FALSE"""	"-1"	"0"	"0"
"What is he talking about? (2-3 mins)"	"Short and fun! A 2-3 minute word game about what someone is talking about."	"experiment, psychology, game"	"$0.25"	"Mon Nov 04 08:27:33 PST 2013"	"50"	"0"	"0"	"50"	"Reviewable"	"NotReviewed"	"1 scales"	"600"	"60000"	"Mon Nov 11 08:27:33 PST 2013"	"S18645"	"Approved"	""	"""hat"""	"""logical"""	"3"	"-1"	"-1"	"-1"	"0.89"	"""To select which friend bob is talking about."""	"1"	"0"	"""2"""	"1"	"0"	""""""	"0"	"""1"""	"""friend"""	"""right"""	"""TRUE"""	"-1"	"""FALSE"""	"-1"	"-1"	"0"
"What is he talking about? (2-3 mins)"	"Short and fun! A 2-3 minute word game about what someone is talking about."	"experiment, psychology, game"	"$0.25"	"Mon Nov 04 08:27:33 PST 2013"	"50"	"0"	"0"	"50"	"Reviewable"	"NotReviewed"	"1 scales"	"600"	"60000"	"Mon Nov 11 08:27:33 PST 2013"	"S47596"	"Approved"	""	"""mustache"""	"""null"""	"0"	"-1"	"-1"	"""4"""	"0.22"	"""determiners?"""	"1"	"2"	"""2"""	"1"	"0"	"""no"""	"0"	"""1"""	"""friend"""	"""middle"""	"""TRUE"""	"""1"""	"""FALSE"""	"""4"""	"-1"	"0"
"What is he talking about? (2-3 mins)"	"Short and fun! A 2-3 minute word game about what someone is talking about."	"experiment, psychology, game"	"$0.25"	"Mon Nov 04 08:27:33 PST 2013"	"50"	"0"	"0"	"50"	"Reviewable"	"NotReviewed"	"1 scales"	"600"	"60000"	"Mon Nov 11 08:27:33 PST 2013"	"S16806"	"Approved"	""	"""hat"""	"""target"""	"3"	"-1"	"-1"	"-1"	"0.89"	"""Mustaches, hats, and smiley faces."""	"1"	"0"	"""2"""	"1"	"0"	""""""	"0"	"""1"""	"""friend"""	"""right"""	"""TRUE"""	"-1"	"""TRUE"""	"-1"	"-1"	"0"
"What is he talking about? (2-3 mins)"	"Short and fun! A 2-3 minute word game about what someone is talking about."	"experiment, psychology, game"	"$0.25"	"Mon Nov 04 08:27:33 PST 2013"	"50"	"0"	"0"	"50"	"Reviewable"	"NotReviewed"	"1 scales"	"600"	"60000"	"Mon Nov 11 08:27:33 PST 2013"	"S40241"	"Approved"	""	"""hat"""	"""null"""	"1"	"20"	"75"	"-1"	"0.44"	"""Studying people perception on things one said."""	"1"	"1"	"""2"""	"1"	"0"	""""""	"0"	"""1"""	"""friend"""	"""left"""	"""TRUE"""	"-1"	"""FALSE"""	"-1"	"5"	"0"
"What is he talking about? (2-3 mins)"	"Short and fun! A 2-3 minute word game about what someone is talking about."	"experiment, psychology, game"	"$0.25"	"Mon Nov 04 08:27:33 PST 2013"	"50"	"0"	"0"	"50"	"Reviewable"	"NotReviewed"	"1 scales"	"600"	"60000"	"Mon Nov 11 08:27:33 PST 2013"	"S77907"	"Approved"	""	"""mustache"""	"""target"""	"3"	"-1"	"-1"	"-1"	"0.89"	"""deciding who bob is talking about"""	"1"	"0"	"""2"""	"1"	"0"	"""no comments"""	"0"	"""1"""	"""friend"""	"""middle"""	"""TRUE"""	"-1"	"""TRUE"""	"-1"	"-1"	"0"
"What is he talking about? (2-3 mins)"	"Short and fun! A 2-3 minute word game about what someone is talking about."	"experiment, psychology, game"	"$0.25"	"Mon Nov 04 08:27:33 PST 2013"	"50"	"0"	"0"	"50"	"Reviewable"	"NotReviewed"	"1 scales"	"600"	"60000"	"Mon Nov 11 08:27:33 PST 2013"	"S56195"	"Approved"	""	"""mustache"""	"""logical"""	"3"	"-1"	"-1"	"-1"	"0.89"	"""perception"""	"1"	"0"	"""2"""	"1"	"0"	"""no"""	"0"	"""1"""	"""friend"""	"""left"""	"""TRUE"""	"-1"	"""FALSE"""	"-1"	"-1"	"0"
"What is he talking about? (2-3 mins)"	"Short and fun! A 2-3 minute word game about what someone is talking about."	"experiment, psychology, game"	"$0.25"	"Mon Nov 04 08:27:33 PST 2013"	"50"	"0"	"0"	"50"	"Reviewable"	"NotReviewed"	"1 scales"	"600"	"60000"	"Mon Nov 11 08:27:33 PST 2013"	"S24513"	"Approved"	""	"""hat"""	"""null"""	"1"	"49"	"49"	"-1"	"0.44"	"""Betting on what you interpreted Bob saying """	"1"	"1"	"""2"""	"1"	"0"	"""nope"""	"0"	"""1"""	"""friend"""	"""right"""	"""TRUE"""	"-1"	"""FALSE"""	"-1"	"2"	"0"
"What is he talking about? (2-3 mins)"	"Short and fun! A 2-3 minute word game about what someone is talking about."	"experiment, psychology, game"	"$0.25"	"Mon Nov 04 08:27:33 PST 2013"	"50"	"0"	"0"	"50"	"Reviewable"	"NotReviewed"	"1 scales"	"600"	"60000"	"Mon Nov 11 08:27:33 PST 2013"	"S48930"	"Approved"	""	"""glasses"""	"""target"""	"2"	"-1"	"-1"	"-1"	"0.667"	"""no idea"""	"1"	"0"	"""2"""	"1"	"0"	""""""	"0"	"""1"""	"""friend"""	"""middle"""	"""TRUE"""	"-1"	"""TRUE"""	"-1"	"-1"	"0"
"What is he talking about? (2-3 mins)"	"Short and fun! A 2-3 minute word game about what someone is talking about."	"experiment, psychology, game"	"$0.25"	"Mon Nov 04 08:27:33 PST 2013"	"50"	"0"	"0"	"50"	"Reviewable"	"NotReviewed"	"1 scales"	"600"	"60000"	"Mon Nov 11 08:27:33 PST 2013"	"S86813"	"Approved"	""	"""hat"""	"""null"""	"2"	"-1"	"-1"	"""7"""	"0.667"	"""Friends"""	"1"	"2"	"""2"""	"1"	"0"	""""""	"0"	"""1"""	"""friend"""	"""right"""	"""TRUE"""	"""1"""	"""FALSE"""	"""7"""	"-1"	"0"
"What is he talking about? (2-3 mins)"	"Short and fun! A 2-3 minute word game about what someone is talking about."	"experiment, psychology, game"	"$0.25"	"Mon Nov 04 08:27:33 PST 2013"	"50"	"0"	"0"	"50"	"Reviewable"	"NotReviewed"	"1 scales"	"600"	"60000"	"Mon Nov 11 08:27:33 PST 2013"	"S19700"	"Approved"	""	"""hat"""	"""null"""	"2"	"-1"	"-1"	"""4"""	"0.667"	"""How we might make a determination in the face of ambiguous language"""	"1"	"2"	"""2"""	"1"	"0"	""""""	"0"	"""1"""	"""friend"""	"""left"""	"""TRUE"""	"""1"""	"""FALSE"""	"""4"""	"-1"	"0"
"What is he talking about? (2-3 mins)"	"Short and fun! A 2-3 minute word game about what someone is talking about."	"experiment, psychology, game"	"$0.25"	"Mon Nov 04 08:27:33 PST 2013"	"50"	"0"	"0"	"50"	"Reviewable"	"NotReviewed"	"1 scales"	"600"	"60000"	"Mon Nov 11 08:27:33 PST 2013"	"S93797"	"Approved"	""	"""mustache"""	"""null"""	"2"	"-1"	"-1"	"""6"""	"0.667"	"""Guessing which person was the best friend."""	"1"	"2"	"""2"""	"1"	"0"	""""""	"0"	"""1"""	"""friend"""	"""left"""	"""TRUE"""	"""1"""	"""FALSE"""	"""7"""	"-1"	"0"
"What is he talking about? (2-3 mins)"	"Short and fun! A 2-3 minute word game about what someone is talking about."	"experiment, psychology, game"	"$0.25"	"Mon Nov 04 08:27:33 PST 2013"	"50"	"0"	"0"	"50"	"Reviewable"	"NotReviewed"	"1 scales"	"600"	"60000"	"Mon Nov 11 08:27:33 PST 2013"	"S88306"	"Approved"	""	"""glasses"""	"""null"""	"0"	"-1"	"-1"	"""7"""	"0.22"	"""Determining perceptual decisions. """	"1"	"2"	"""2"""	"1"	"0"	""""""	"0"	"""1"""	"""friend"""	"""left"""	"""TRUE"""	"""1"""	"""FALSE"""	"""7"""	"-1"	"0"
"What is he talking about? (2-3 mins)"	"Short and fun! A 2-3 minute word game about what someone is talking about."	"experiment, psychology, game"	"$0.25"	"Mon Nov 04 08:27:33 PST 2013"	"50"	"0"	"0"	"50"	"Reviewable"	"NotReviewed"	"1 scales"	"600"	"60000"	"Mon Nov 11 08:27:33 PST 2013"	"S58273"	"Approved"	""	"""hat"""	"""null"""	"2"	"65"	"35"	"-1"	"0.667"	"""decision making"""	"1"	"1"	"""2"""	"1"	"0"	"""quick and easy. thanks. """	"0"	"""1"""	"""friend"""	"""right"""	"""TRUE"""	"-1"	"""FALSE"""	"-1"	"0"	"0"
"What is he talking about? (2-3 mins)"	"Short and fun! A 2-3 minute word game about what someone is talking about."	"experiment, psychology, game"	"$0.25"	"Mon Nov 04 08:27:33 PST 2013"	"50"	"0"	"0"	"50"	"Reviewable"	"NotReviewed"	"1 scales"	"600"	"60000"	"Mon Nov 11 08:27:33 PST 2013"	"S22158"	"Approved"	""	"""glasses"""	"""null"""	"1"	"-1"	"-1"	"""7"""	"0.44"	"""Bob liking friend the most that has glasses on."""	"1"	"2"	"""2"""	"1"	"0"	"""No."""	"0"	"""1"""	"""friend"""	"""left"""	"""TRUE"""	"""1"""	"""FALSE"""	"""7"""	"-1"	"0"
"What is he talking about? (2-3 mins)"	"Short and fun! A 2-3 minute word game about what someone is talking about."	"experiment, psychology, game"	"$0.25"	"Mon Nov 04 08:27:33 PST 2013"	"50"	"0"	"0"	"50"	"Reviewable"	"NotReviewed"	"1 scales"	"600"	"60000"	"Mon Nov 11 08:27:33 PST 2013"	"S50524"	"Approved"	""	"""mustache"""	"""target"""	"3"	"-1"	"-1"	"-1"	"0.89"	"""Identifying who has a mustache"""	"1"	"0"	"""2"""	"1"	"0"	""""""	"0"	"""1"""	"""friend"""	"""middle"""	"""TRUE"""	"-1"	"""TRUE"""	"-1"	"-1"	"0"
"What is he talking about? (2-3 mins)"	"Short and fun! A 2-3 minute word game about what someone is talking about."	"experiment, psychology, game"	"$0.25"	"Mon Nov 04 08:27:33 PST 2013"	"50"	"0"	"0"	"50"	"Reviewable"	"NotReviewed"	"1 scales"	"600"	"60000"	"Mon Nov 11 08:27:33 PST 2013"	"S10871"	"Approved"	""	"""mustache"""	"""null"""	"1"	"-1"	"-1"	"""7"""	"0.44"	"""about who has a mustache"""	"1"	"2"	"""2"""	"1"	"0"	"""no"""	"0"	"""1"""	"""friend"""	"""left"""	"""TRUE"""	"""2"""	"""FALSE"""	"""7"""	"-1"	"0"
"What is he talking about? (2-3 mins)"	"Short and fun! A 2-3 minute word game about what someone is talking about."	"experiment, psychology, game"	"$0.25"	"Mon Nov 04 08:27:33 PST 2013"	"50"	"0"	"0"	"50"	"Reviewable"	"NotReviewed"	"1 scales"	"600"	"60000"	"Mon Nov 11 08:27:33 PST 2013"	"S59449"	"Approved"	""	"""mustache"""	"""null"""	"3"	"-1"	"-1"	"""7"""	"0.89"	"""It was about the logical thinking"""	"1"	"2"	"""2"""	"1"	"0"	""""""	"0"	"""1"""	"""friend"""	"""middle"""	"""TRUE"""	"""1"""	"""FALSE"""	"""7"""	"-1"	"0"
