"title"	"description"	"keywords"	"reward"	"creationtime"	"assignments"	"numavailable"	"numpending"	"numcomplete"	"hitstatus"	"reviewstatus"	"annotation"	"assignmentduration"	"autoapprovaldelay"	"hitlifetime"	"workerid"	"assignmentstatus"	"deadline"	"Answer.target_property"	"Answer.choice"	"Answer.familiarization_cond"	"Answer.money_allocated_to_target"	"Answer.money_allocated_to_logical"	"Answer.Likert_value_target"	"Answer.target_frequency"	"Answer.about"	"Answer.familiarization_present_in_study"	"Answer.participant_response_type_condition"	"Answer.manip_check_target"	"Answer.participant_feature_count_condition"	"Answer.target_filler_sequence_condition"	"Answer.comment"	"Answer.linguistic_framing_condition"	"Answer.manip_check_dist"	"Answer.item"	"Answer.target_position"	"Answer.name_check_correct"	"Answer.Likert_value_foil"	"Answer.choice_correct"	"Answer.Likert_value_logical"	"Answer.money_allocated_to_foil"	"Answer.question_type_condition"
"What is he talking about? (1-2 mins)"	"Short and fun! A 1-2 minute word game about what someone is talking about."	"experiment, psychology, game"	"$0.20"	"Mon Dec 16 21:03:30 CST 2013"	"50"	"0"	"0"	"50"	"Reviewable"	"NotReviewed"	"1 scales"	"600"	"60000"	"Mon Dec 23 21:03:30 CST 2013"	"S02715"	"Approved"	""	"""ornaments"""	"""logical"""	"-1"	"-1"	"-1"	"-1"	"0"	"""christmas tree ornaments"""	"0"	"0"	"-1"	"0"	"0"	""""""	"1"	"-1"	"""Christmas tree"""	"""middle"""	"""TRUE"""	"-1"	"""FALSE"""	"-1"	"-1"	"0"
"What is he talking about? (1-2 mins)"	"Short and fun! A 1-2 minute word game about what someone is talking about."	"experiment, psychology, game"	"$0.20"	"Mon Dec 16 21:03:30 CST 2013"	"50"	"0"	"0"	"50"	"Reviewable"	"NotReviewed"	"1 scales"	"600"	"60000"	"Mon Dec 23 21:03:30 CST 2013"	"S48766"	"Approved"	""	"""ornaments"""	"""target"""	"-1"	"-1"	"-1"	"-1"	"0"	"""communication,description"""	"0"	"0"	"-1"	"0"	"0"	"""n/a"""	"1"	"-1"	"""Christmas tree"""	"""right"""	"""TRUE"""	"-1"	"""TRUE"""	"-1"	"-1"	"0"
"What is he talking about? (1-2 mins)"	"Short and fun! A 1-2 minute word game about what someone is talking about."	"experiment, psychology, game"	"$0.20"	"Mon Dec 16 21:03:30 CST 2013"	"50"	"0"	"0"	"50"	"Reviewable"	"NotReviewed"	"1 scales"	"600"	"60000"	"Mon Dec 23 21:03:30 CST 2013"	"S56895"	"Approved"	""	"""glasses"""	"""target"""	"-1"	"-1"	"-1"	"-1"	"0"	"""Bob visiting a friend. """	"0"	"0"	"-1"	"0"	"0"	""""""	"1"	"-1"	"""friend"""	"""middle"""	"""TRUE"""	"-1"	"""TRUE"""	"-1"	"-1"	"0"
"What is he talking about? (1-2 mins)"	"Short and fun! A 1-2 minute word game about what someone is talking about."	"experiment, psychology, game"	"$0.20"	"Mon Dec 16 21:03:30 CST 2013"	"50"	"0"	"0"	"50"	"Reviewable"	"NotReviewed"	"1 scales"	"600"	"60000"	"Mon Dec 23 21:03:30 CST 2013"	"S93930"	"Approved"	""	"""glasses"""	"""target"""	"-1"	"-1"	"-1"	"-1"	"0"	"""Choosing something based on very limited information"""	"0"	"0"	"-1"	"0"	"0"	""""""	"1"	"-1"	"""friend"""	"""middle"""	"""TRUE"""	"-1"	"""TRUE"""	"-1"	"-1"	"0"
"What is he talking about? (1-2 mins)"	"Short and fun! A 1-2 minute word game about what someone is talking about."	"experiment, psychology, game"	"$0.20"	"Mon Dec 16 21:03:30 CST 2013"	"50"	"0"	"0"	"50"	"Reviewable"	"NotReviewed"	"1 scales"	"600"	"60000"	"Mon Dec 23 21:03:30 CST 2013"	"S54796"	"Approved"	""	"""lights"""	"""target"""	"-1"	"-1"	"-1"	"-1"	"0"	"""Bobs Chritmas trees"""	"0"	"0"	"-1"	"0"	"0"	"""nope"""	"1"	"-1"	"""Christmas tree"""	"""left"""	"""TRUE"""	"-1"	"""TRUE"""	"-1"	"-1"	"0"
"What is he talking about? (1-2 mins)"	"Short and fun! A 1-2 minute word game about what someone is talking about."	"experiment, psychology, game"	"$0.20"	"Mon Dec 16 21:03:30 CST 2013"	"50"	"0"	"0"	"50"	"Reviewable"	"NotReviewed"	"1 scales"	"600"	"60000"	"Mon Dec 23 21:03:30 CST 2013"	"S08435"	"Approved"	""	"""chocolate"""	"""logical"""	"-1"	"-1"	"-1"	"-1"	"0"	"""Every Friday bob eats sundaes"""	"0"	"0"	"-1"	"0"	"0"	""""""	"1"	"-1"	"""sundae"""	"""left"""	"""TRUE"""	"-1"	"""FALSE"""	"-1"	"-1"	"0"
"What is he talking about? (1-2 mins)"	"Short and fun! A 1-2 minute word game about what someone is talking about."	"experiment, psychology, game"	"$0.20"	"Mon Dec 16 21:03:30 CST 2013"	"50"	"0"	"0"	"50"	"Reviewable"	"NotReviewed"	"1 scales"	"600"	"60000"	"Mon Dec 23 21:03:30 CST 2013"	"S98115"	"Approved"	""	"""star"""	"""target"""	"-1"	"-1"	"-1"	"-1"	"0"	"""Bob could say one word. """	"0"	"0"	"-1"	"0"	"0"	""""""	"1"	"-1"	"""Christmas tree"""	"""left"""	"""TRUE"""	"-1"	"""TRUE"""	"-1"	"-1"	"0"
"What is he talking about? (1-2 mins)"	"Short and fun! A 1-2 minute word game about what someone is talking about."	"experiment, psychology, game"	"$0.20"	"Mon Dec 16 21:03:30 CST 2013"	"50"	"0"	"0"	"50"	"Reviewable"	"NotReviewed"	"1 scales"	"600"	"60000"	"Mon Dec 23 21:03:30 CST 2013"	"S65094"	"Approved"	""	"""lights"""	"""logical"""	"-1"	"-1"	"-1"	"-1"	"0"	"""christmas trees"""	"0"	"0"	"-1"	"0"	"0"	"""I love Bob"""	"1"	"-1"	"""Christmas tree"""	"""left"""	"""TRUE"""	"-1"	"""FALSE"""	"-1"	"-1"	"0"
"What is he talking about? (1-2 mins)"	"Short and fun! A 1-2 minute word game about what someone is talking about."	"experiment, psychology, game"	"$0.20"	"Mon Dec 16 21:03:30 CST 2013"	"50"	"0"	"0"	"50"	"Reviewable"	"NotReviewed"	"1 scales"	"600"	"60000"	"Mon Dec 23 21:03:30 CST 2013"	"S59920"	"Approved"	""	"""peppers"""	"""target"""	"-1"	"-1"	"-1"	"-1"	"0"	"""Perception of words"""	"0"	"0"	"-1"	"0"	"0"	"""Cute art style"""	"1"	"-1"	"""pizza"""	"""left"""	"""TRUE"""	"-1"	"""TRUE"""	"-1"	"-1"	"0"
"What is he talking about? (1-2 mins)"	"Short and fun! A 1-2 minute word game about what someone is talking about."	"experiment, psychology, game"	"$0.20"	"Mon Dec 16 21:03:30 CST 2013"	"50"	"0"	"0"	"50"	"Reviewable"	"NotReviewed"	"1 scales"	"600"	"60000"	"Mon Dec 23 21:03:30 CST 2013"	"S89059"	"Approved"	""	"""scarf"""	"""target"""	"-1"	"-1"	"-1"	"-1"	"0"	"""Snowmen"""	"0"	"0"	"-1"	"0"	"0"	""""""	"1"	"-1"	"""snowman"""	"""right"""	"""TRUE"""	"-1"	"""TRUE"""	"-1"	"-1"	"0"
"What is he talking about? (1-2 mins)"	"Short and fun! A 1-2 minute word game about what someone is talking about."	"experiment, psychology, game"	"$0.20"	"Mon Dec 16 21:03:30 CST 2013"	"50"	"0"	"0"	"50"	"Reviewable"	"NotReviewed"	"1 scales"	"600"	"60000"	"Mon Dec 23 21:03:30 CST 2013"	"S55621"	"Approved"	""	"""peppers"""	"""foil"""	"-1"	"-1"	"-1"	"-1"	"0"	"""What kind of pizza bob would like."""	"0"	"0"	"-1"	"0"	"0"	"""thank you!"""	"1"	"-1"	"""pizza"""	"""left"""	"""TRUE"""	"-1"	"""FALSE"""	"-1"	"-1"	"0"
"What is he talking about? (1-2 mins)"	"Short and fun! A 1-2 minute word game about what someone is talking about."	"experiment, psychology, game"	"$0.20"	"Mon Dec 16 21:03:30 CST 2013"	"50"	"0"	"0"	"50"	"Reviewable"	"NotReviewed"	"1 scales"	"600"	"60000"	"Mon Dec 23 21:03:30 CST 2013"	"S46240"	"Approved"	""	"""glasses"""	"""logical"""	"-1"	"-1"	"-1"	"-1"	"0"	"""Bob"""	"0"	"0"	"-1"	"0"	"0"	"""None."""	"1"	"-1"	"""friend"""	"""middle"""	"""TRUE"""	"-1"	"""FALSE"""	"-1"	"-1"	"0"
"What is he talking about? (1-2 mins)"	"Short and fun! A 1-2 minute word game about what someone is talking about."	"experiment, psychology, game"	"$0.20"	"Mon Dec 16 21:03:30 CST 2013"	"50"	"0"	"0"	"50"	"Reviewable"	"NotReviewed"	"1 scales"	"600"	"60000"	"Mon Dec 23 21:03:30 CST 2013"	"S15897"	"Approved"	""	"""ornaments"""	"""target"""	"-1"	"-1"	"-1"	"-1"	"0"	"""christmas trees"""	"0"	"0"	"-1"	"0"	"0"	"""no"""	"1"	"-1"	"""Christmas tree"""	"""left"""	"""TRUE"""	"-1"	"""TRUE"""	"-1"	"-1"	"0"
"What is he talking about? (1-2 mins)"	"Short and fun! A 1-2 minute word game about what someone is talking about."	"experiment, psychology, game"	"$0.20"	"Mon Dec 16 21:03:30 CST 2013"	"50"	"0"	"0"	"50"	"Reviewable"	"NotReviewed"	"1 scales"	"600"	"60000"	"Mon Dec 23 21:03:30 CST 2013"	"S35606"	"Approved"	""	"""sail"""	"""target"""	"-1"	"-1"	"-1"	"-1"	"0"	"""Bob likes to sail boats and every weekend he likes to sail them"""	"0"	"0"	"-1"	"0"	"0"	""""""	"1"	"-1"	"""boat"""	"""right"""	"""TRUE"""	"-1"	"""TRUE"""	"-1"	"-1"	"0"
"What is he talking about? (1-2 mins)"	"Short and fun! A 1-2 minute word game about what someone is talking about."	"experiment, psychology, game"	"$0.20"	"Mon Dec 16 21:03:30 CST 2013"	"50"	"0"	"0"	"50"	"Reviewable"	"NotReviewed"	"1 scales"	"600"	"60000"	"Mon Dec 23 21:03:30 CST 2013"	"S14797"	"Approved"	""	"""olives"""	"""target"""	"-1"	"-1"	"-1"	"-1"	"0"	"""visual representation of words"""	"0"	"0"	"-1"	"0"	"0"	""""""	"1"	"-1"	"""pizza"""	"""right"""	"""TRUE"""	"-1"	"""TRUE"""	"-1"	"-1"	"0"
"What is he talking about? (1-2 mins)"	"Short and fun! A 1-2 minute word game about what someone is talking about."	"experiment, psychology, game"	"$0.20"	"Mon Dec 16 21:03:30 CST 2013"	"50"	"0"	"0"	"50"	"Reviewable"	"NotReviewed"	"1 scales"	"600"	"60000"	"Mon Dec 23 21:03:30 CST 2013"	"S08488"	"Approved"	""	"""mittens"""	"""target"""	"-1"	"-1"	"-1"	"-1"	"0"	"""Choosing which snowman Bob was talking about."""	"0"	"0"	"-1"	"0"	"0"	""""""	"1"	"-1"	"""snowman"""	"""left"""	"""TRUE"""	"-1"	"""TRUE"""	"-1"	"-1"	"0"
"What is he talking about? (1-2 mins)"	"Short and fun! A 1-2 minute word game about what someone is talking about."	"experiment, psychology, game"	"$0.20"	"Mon Dec 16 21:03:30 CST 2013"	"50"	"0"	"0"	"50"	"Reviewable"	"NotReviewed"	"1 scales"	"600"	"60000"	"Mon Dec 23 21:03:30 CST 2013"	"S43119"	"Approved"	""	"""cherry"""	"""target"""	"-1"	"-1"	"-1"	"-1"	"0"	"""Sundaes"""	"0"	"0"	"-1"	"0"	"0"	""""""	"1"	"-1"	"""sundae"""	"""right"""	"""TRUE"""	"-1"	"""TRUE"""	"-1"	"-1"	"0"
"What is he talking about? (1-2 mins)"	"Short and fun! A 1-2 minute word game about what someone is talking about."	"experiment, psychology, game"	"$0.20"	"Mon Dec 16 21:03:30 CST 2013"	"50"	"0"	"0"	"50"	"Reviewable"	"NotReviewed"	"1 scales"	"600"	"60000"	"Mon Dec 23 21:03:30 CST 2013"	"S04115"	"Approved"	""	"""peppers"""	"""logical"""	"-1"	"-1"	"-1"	"-1"	"0"	"""Whether pizza shops should also add olives or not if the customers request peppers"""	"0"	"0"	"-1"	"0"	"0"	""""""	"1"	"-1"	"""pizza"""	"""right"""	"""TRUE"""	"-1"	"""FALSE"""	"-1"	"-1"	"0"
"What is he talking about? (1-2 mins)"	"Short and fun! A 1-2 minute word game about what someone is talking about."	"experiment, psychology, game"	"$0.20"	"Mon Dec 16 21:03:30 CST 2013"	"50"	"0"	"0"	"50"	"Reviewable"	"NotReviewed"	"1 scales"	"600"	"60000"	"Mon Dec 23 21:03:30 CST 2013"	"S84846"	"Approved"	""	"""motor"""	"""logical"""	"-1"	"-1"	"-1"	"-1"	"0"	"""cold"""	"0"	"0"	"-1"	"0"	"0"	"""monk"""	"1"	"-1"	"""boat"""	"""right"""	"""TRUE"""	"-1"	"""FALSE"""	"-1"	"-1"	"0"
"What is he talking about? (1-2 mins)"	"Short and fun! A 1-2 minute word game about what someone is talking about."	"experiment, psychology, game"	"$0.20"	"Mon Dec 16 21:03:30 CST 2013"	"50"	"0"	"0"	"50"	"Reviewable"	"NotReviewed"	"1 scales"	"600"	"60000"	"Mon Dec 23 21:03:30 CST 2013"	"S92590"	"Approved"	""	"""lights"""	"""target"""	"-1"	"-1"	"-1"	"-1"	"0"	"""identifying what a person is talking about"""	"0"	"0"	"-1"	"0"	"0"	""""""	"1"	"-1"	"""Christmas tree"""	"""middle"""	"""TRUE"""	"-1"	"""TRUE"""	"-1"	"-1"	"0"
"What is he talking about? (1-2 mins)"	"Short and fun! A 1-2 minute word game about what someone is talking about."	"experiment, psychology, game"	"$0.20"	"Mon Dec 16 21:03:30 CST 2013"	"50"	"0"	"0"	"50"	"Reviewable"	"NotReviewed"	"1 scales"	"600"	"60000"	"Mon Dec 23 21:03:30 CST 2013"	"S72803"	"Approved"	""	"""motor"""	"""target"""	"-1"	"-1"	"-1"	"-1"	"0"	"""bob liking boats"""	"0"	"0"	"-1"	"0"	"0"	""""""	"1"	"-1"	"""boat"""	"""middle"""	"""TRUE"""	"-1"	"""TRUE"""	"-1"	"-1"	"0"
"What is he talking about? (1-2 mins)"	"Short and fun! A 1-2 minute word game about what someone is talking about."	"experiment, psychology, game"	"$0.20"	"Mon Dec 16 21:03:30 CST 2013"	"50"	"0"	"0"	"50"	"Reviewable"	"NotReviewed"	"1 scales"	"600"	"60000"	"Mon Dec 23 21:03:30 CST 2013"	"S62939"	"Approved"	""	"""hat"""	"""target"""	"-1"	"-1"	"-1"	"-1"	"0"	"""How we perceive limited information?"""	"0"	"0"	"-1"	"0"	"0"	""""""	"1"	"-1"	"""friend"""	"""middle"""	"""TRUE"""	"-1"	"""TRUE"""	"-1"	"-1"	"0"
"What is he talking about? (1-2 mins)"	"Short and fun! A 1-2 minute word game about what someone is talking about."	"experiment, psychology, game"	"$0.20"	"Mon Dec 16 21:03:30 CST 2013"	"50"	"0"	"0"	"50"	"Reviewable"	"NotReviewed"	"1 scales"	"600"	"60000"	"Mon Dec 23 21:03:30 CST 2013"	"S24056"	"Approved"	""	"""hat"""	"""target"""	"-1"	"-1"	"-1"	"-1"	"0"	"""which snowman he was trying to select"""	"0"	"0"	"-1"	"0"	"0"	""""""	"1"	"-1"	"""snowman"""	"""left"""	"""TRUE"""	"-1"	"""TRUE"""	"-1"	"-1"	"0"
"What is he talking about? (1-2 mins)"	"Short and fun! A 1-2 minute word game about what someone is talking about."	"experiment, psychology, game"	"$0.20"	"Mon Dec 16 21:03:30 CST 2013"	"50"	"0"	"0"	"50"	"Reviewable"	"NotReviewed"	"1 scales"	"600"	"60000"	"Mon Dec 23 21:03:30 CST 2013"	"S10612"	"Approved"	""	"""mushrooms"""	"""target"""	"-1"	"-1"	"-1"	"-1"	"0"	"""PIZZA"""	"0"	"0"	"-1"	"0"	"0"	""""""	"1"	"-1"	"""pizza"""	"""right"""	"""TRUE"""	"-1"	"""TRUE"""	"-1"	"-1"	"0"
"What is he talking about? (1-2 mins)"	"Short and fun! A 1-2 minute word game about what someone is talking about."	"experiment, psychology, game"	"$0.20"	"Mon Dec 16 21:03:30 CST 2013"	"50"	"0"	"0"	"50"	"Reviewable"	"NotReviewed"	"1 scales"	"600"	"60000"	"Mon Dec 23 21:03:30 CST 2013"	"S54643"	"Approved"	""	"""cherry"""	"""target"""	"-1"	"-1"	"-1"	"-1"	"0"	"""Preferences"""	"0"	"0"	"-1"	"0"	"0"	""""""	"1"	"-1"	"""sundae"""	"""middle"""	"""TRUE"""	"-1"	"""TRUE"""	"-1"	"-1"	"0"
"What is he talking about? (1-2 mins)"	"Short and fun! A 1-2 minute word game about what someone is talking about."	"experiment, psychology, game"	"$0.20"	"Mon Dec 16 21:03:30 CST 2013"	"50"	"0"	"0"	"50"	"Reviewable"	"NotReviewed"	"1 scales"	"600"	"60000"	"Mon Dec 23 21:03:30 CST 2013"	"S48686"	"Approved"	""	"""ornaments"""	"""logical"""	"-1"	"-1"	"-1"	"-1"	"0"	"""christmas trees"""	"0"	"0"	"-1"	"0"	"0"	""""""	"1"	"-1"	"""Christmas tree"""	"""middle"""	"""TRUE"""	"-1"	"""FALSE"""	"-1"	"-1"	"0"
"What is he talking about? (1-2 mins)"	"Short and fun! A 1-2 minute word game about what someone is talking about."	"experiment, psychology, game"	"$0.20"	"Mon Dec 16 21:03:30 CST 2013"	"50"	"0"	"0"	"50"	"Reviewable"	"NotReviewed"	"1 scales"	"600"	"60000"	"Mon Dec 23 21:03:30 CST 2013"	"S28025"	"Approved"	""	"""mushrooms"""	"""logical"""	"-1"	"-1"	"-1"	"-1"	"0"	"""Pizzas"""	"0"	"0"	"-1"	"0"	"0"	""""""	"1"	"-1"	"""pizza"""	"""right"""	"""TRUE"""	"-1"	"""FALSE"""	"-1"	"-1"	"0"
"What is he talking about? (1-2 mins)"	"Short and fun! A 1-2 minute word game about what someone is talking about."	"experiment, psychology, game"	"$0.20"	"Mon Dec 16 21:03:30 CST 2013"	"50"	"0"	"0"	"50"	"Reviewable"	"NotReviewed"	"1 scales"	"600"	"60000"	"Mon Dec 23 21:03:30 CST 2013"	"S13086"	"Approved"	""	"""mittens"""	"""logical"""	"-1"	"-1"	"-1"	"-1"	"0"	"""Picking the snowman based on Bob's passion for snowman."""	"0"	"0"	"-1"	"0"	"0"	""""""	"1"	"-1"	"""snowman"""	"""left"""	"""TRUE"""	"-1"	"""FALSE"""	"-1"	"-1"	"0"
"What is he talking about? (1-2 mins)"	"Short and fun! A 1-2 minute word game about what someone is talking about."	"experiment, psychology, game"	"$0.20"	"Mon Dec 16 21:03:30 CST 2013"	"50"	"0"	"0"	"50"	"Reviewable"	"NotReviewed"	"1 scales"	"600"	"60000"	"Mon Dec 23 21:03:30 CST 2013"	"S59896"	"Approved"	""	"""hat"""	"""target"""	"-1"	"-1"	"-1"	"-1"	"0"	"""hats"""	"0"	"0"	"-1"	"0"	"0"	""""""	"1"	"-1"	"""snowman"""	"""right"""	"""TRUE"""	"-1"	"""TRUE"""	"-1"	"-1"	"0"
"What is he talking about? (1-2 mins)"	"Short and fun! A 1-2 minute word game about what someone is talking about."	"experiment, psychology, game"	"$0.20"	"Mon Dec 16 21:03:30 CST 2013"	"50"	"0"	"0"	"50"	"Reviewable"	"NotReviewed"	"1 scales"	"600"	"60000"	"Mon Dec 23 21:03:30 CST 2013"	"S48235"	"Approved"	""	"""star"""	"""target"""	"-1"	"-1"	"-1"	"-1"	"0"	"""Making judgements based on limited information"""	"0"	"0"	"-1"	"0"	"0"	""""""	"1"	"-1"	"""Christmas tree"""	"""middle"""	"""TRUE"""	"-1"	"""TRUE"""	"-1"	"-1"	"0"
"What is he talking about? (1-2 mins)"	"Short and fun! A 1-2 minute word game about what someone is talking about."	"experiment, psychology, game"	"$0.20"	"Mon Dec 16 21:03:30 CST 2013"	"50"	"0"	"0"	"50"	"Reviewable"	"NotReviewed"	"1 scales"	"600"	"60000"	"Mon Dec 23 21:03:30 CST 2013"	"S06171"	"Approved"	""	"""peppers"""	"""target"""	"-1"	"-1"	"-1"	"-1"	"0"	"""Pizza"""	"0"	"0"	"-1"	"0"	"0"	"""No"""	"1"	"-1"	"""pizza"""	"""middle"""	"""TRUE"""	"-1"	"""TRUE"""	"-1"	"-1"	"0"
"What is he talking about? (1-2 mins)"	"Short and fun! A 1-2 minute word game about what someone is talking about."	"experiment, psychology, game"	"$0.20"	"Mon Dec 16 21:03:30 CST 2013"	"50"	"0"	"0"	"50"	"Reviewable"	"NotReviewed"	"1 scales"	"600"	"60000"	"Mon Dec 23 21:03:30 CST 2013"	"S85623"	"Approved"	""	"""cabin"""	"""target"""	"-1"	"-1"	"-1"	"-1"	"0"	"""Boat Rentals"""	"0"	"0"	"-1"	"0"	"0"	"""no"""	"1"	"-1"	"""boat"""	"""middle"""	"""TRUE"""	"-1"	"""TRUE"""	"-1"	"-1"	"0"
"What is he talking about? (1-2 mins)"	"Short and fun! A 1-2 minute word game about what someone is talking about."	"experiment, psychology, game"	"$0.20"	"Mon Dec 16 21:03:30 CST 2013"	"50"	"0"	"0"	"50"	"Reviewable"	"NotReviewed"	"1 scales"	"600"	"60000"	"Mon Dec 23 21:03:30 CST 2013"	"S11075"	"Approved"	""	"""sail"""	"""target"""	"-1"	"-1"	"-1"	"-1"	"0"	"""bob renting boats """	"0"	"0"	"-1"	"0"	"0"	""""""	"1"	"-1"	"""boat"""	"""left"""	"""TRUE"""	"-1"	"""TRUE"""	"-1"	"-1"	"0"
"What is he talking about? (1-2 mins)"	"Short and fun! A 1-2 minute word game about what someone is talking about."	"experiment, psychology, game"	"$0.20"	"Mon Dec 16 21:03:30 CST 2013"	"50"	"0"	"0"	"50"	"Reviewable"	"NotReviewed"	"1 scales"	"600"	"60000"	"Mon Dec 23 21:03:30 CST 2013"	"S56290"	"Approved"	""	"""mushrooms"""	"""target"""	"-1"	"-1"	"-1"	"-1"	"0"	"""pizza"""	"0"	"0"	"-1"	"0"	"0"	"""none"""	"1"	"-1"	"""pizza"""	"""middle"""	"""TRUE"""	"-1"	"""TRUE"""	"-1"	"-1"	"0"
"What is he talking about? (1-2 mins)"	"Short and fun! A 1-2 minute word game about what someone is talking about."	"experiment, psychology, game"	"$0.20"	"Mon Dec 16 21:03:30 CST 2013"	"50"	"0"	"0"	"50"	"Reviewable"	"NotReviewed"	"1 scales"	"600"	"60000"	"Mon Dec 23 21:03:30 CST 2013"	"S91558"	"Approved"	""	"""olives"""	"""logical"""	"-1"	"-1"	"-1"	"-1"	"0"	"""that Bob likes to eat pizza with lots of olives on it."""	"0"	"0"	"-1"	"0"	"0"	""""""	"1"	"-1"	"""pizza"""	"""middle"""	"""TRUE"""	"-1"	"""FALSE"""	"-1"	"-1"	"0"
"What is he talking about? (1-2 mins)"	"Short and fun! A 1-2 minute word game about what someone is talking about."	"experiment, psychology, game"	"$0.20"	"Mon Dec 16 21:03:30 CST 2013"	"50"	"0"	"0"	"50"	"Reviewable"	"NotReviewed"	"1 scales"	"600"	"60000"	"Mon Dec 23 21:03:30 CST 2013"	"S94182"	"Approved"	""	"""motor"""	"""target"""	"-1"	"-1"	"-1"	"-1"	"0"	"""Bobs Boat"""	"0"	"0"	"-1"	"0"	"0"	""""""	"1"	"-1"	"""boat"""	"""right"""	"""TRUE"""	"-1"	"""TRUE"""	"-1"	"-1"	"0"
"What is he talking about? (1-2 mins)"	"Short and fun! A 1-2 minute word game about what someone is talking about."	"experiment, psychology, game"	"$0.20"	"Mon Dec 16 21:03:30 CST 2013"	"50"	"0"	"0"	"50"	"Reviewable"	"NotReviewed"	"1 scales"	"600"	"60000"	"Mon Dec 23 21:03:30 CST 2013"	"S71217"	"Approved"	""	"""star"""	"""logical"""	"-1"	"-1"	"-1"	"-1"	"0"	"""christmas tree"""	"0"	"0"	"-1"	"0"	"0"	""""""	"1"	"-1"	"""Christmas tree"""	"""left"""	"""TRUE"""	"-1"	"""FALSE"""	"-1"	"-1"	"0"
"What is he talking about? (1-2 mins)"	"Short and fun! A 1-2 minute word game about what someone is talking about."	"experiment, psychology, game"	"$0.20"	"Mon Dec 16 21:03:30 CST 2013"	"50"	"0"	"0"	"50"	"Reviewable"	"NotReviewed"	"1 scales"	"600"	"60000"	"Mon Dec 23 21:03:30 CST 2013"	"S83796"	"Approved"	""	"""hat"""	"""target"""	"-1"	"-1"	"-1"	"-1"	"0"	"""Seeing what the guy meant by what he said when faced with options."""	"0"	"0"	"-1"	"0"	"0"	"""Nope!"""	"1"	"-1"	"""friend"""	"""right"""	"""TRUE"""	"-1"	"""TRUE"""	"-1"	"-1"	"0"
"What is he talking about? (1-2 mins)"	"Short and fun! A 1-2 minute word game about what someone is talking about."	"experiment, psychology, game"	"$0.20"	"Mon Dec 16 21:03:30 CST 2013"	"50"	"0"	"0"	"50"	"Reviewable"	"NotReviewed"	"1 scales"	"600"	"60000"	"Mon Dec 23 21:03:30 CST 2013"	"S53886"	"Approved"	""	"""ornaments"""	"""logical"""	"-1"	"-1"	"-1"	"-1"	"0"	"""what people are talking about. """	"0"	"0"	"-1"	"0"	"0"	""""""	"1"	"-1"	"""Christmas tree"""	"""right"""	"""TRUE"""	"-1"	"""FALSE"""	"-1"	"-1"	"0"
"What is he talking about? (1-2 mins)"	"Short and fun! A 1-2 minute word game about what someone is talking about."	"experiment, psychology, game"	"$0.20"	"Mon Dec 16 21:03:30 CST 2013"	"50"	"0"	"0"	"50"	"Reviewable"	"NotReviewed"	"1 scales"	"600"	"60000"	"Mon Dec 23 21:03:30 CST 2013"	"S83713"	"Approved"	""	"""glasses"""	"""target"""	"-1"	"-1"	"-1"	"-1"	"0"	"""Language"""	"0"	"0"	"-1"	"0"	"0"	"""no"""	"1"	"-1"	"""friend"""	"""right"""	"""TRUE"""	"-1"	"""TRUE"""	"-1"	"-1"	"0"
"What is he talking about? (1-2 mins)"	"Short and fun! A 1-2 minute word game about what someone is talking about."	"experiment, psychology, game"	"$0.20"	"Mon Dec 16 21:03:30 CST 2013"	"50"	"0"	"0"	"50"	"Reviewable"	"NotReviewed"	"1 scales"	"600"	"60000"	"Mon Dec 23 21:03:30 CST 2013"	"S78728"	"Approved"	""	"""cabin"""	"""target"""	"-1"	"-1"	"-1"	"-1"	"0"	"""How we determine what part of an object someone is referencing."""	"0"	"0"	"-1"	"0"	"0"	"""No."""	"1"	"-1"	"""boat"""	"""middle"""	"""TRUE"""	"-1"	"""TRUE"""	"-1"	"-1"	"0"
"What is he talking about? (1-2 mins)"	"Short and fun! A 1-2 minute word game about what someone is talking about."	"experiment, psychology, game"	"$0.20"	"Mon Dec 16 21:03:30 CST 2013"	"50"	"0"	"0"	"50"	"Reviewable"	"NotReviewed"	"1 scales"	"600"	"60000"	"Mon Dec 23 21:03:30 CST 2013"	"S06408"	"Approved"	""	"""cabin"""	"""target"""	"-1"	"-1"	"-1"	"-1"	"0"	"""Bob and how we likes to sail every weekend but can only say one word."""	"0"	"0"	"-1"	"0"	"0"	"""Fun survey."""	"1"	"-1"	"""boat"""	"""middle"""	"""TRUE"""	"-1"	"""TRUE"""	"-1"	"-1"	"0"
"What is he talking about? (1-2 mins)"	"Short and fun! A 1-2 minute word game about what someone is talking about."	"experiment, psychology, game"	"$0.20"	"Mon Dec 16 21:03:30 CST 2013"	"50"	"0"	"0"	"50"	"Reviewable"	"NotReviewed"	"1 scales"	"600"	"60000"	"Mon Dec 23 21:03:30 CST 2013"	"S37303"	"Approved"	""	"""sail"""	"""target"""	"-1"	"-1"	"-1"	"-1"	"0"	"""what people say and mean"""	"0"	"0"	"-1"	"0"	"0"	""""""	"1"	"-1"	"""boat"""	"""left"""	"""TRUE"""	"-1"	"""TRUE"""	"-1"	"-1"	"0"
"What is he talking about? (1-2 mins)"	"Short and fun! A 1-2 minute word game about what someone is talking about."	"experiment, psychology, game"	"$0.20"	"Mon Dec 16 21:03:30 CST 2013"	"50"	"0"	"0"	"50"	"Reviewable"	"NotReviewed"	"1 scales"	"600"	"60000"	"Mon Dec 23 21:03:30 CST 2013"	"S74053"	"Approved"	""	"""lights"""	"""logical"""	"-1"	"-1"	"-1"	"-1"	"0"	"""Which tree Bob was talking about."""	"0"	"0"	"-1"	"0"	"0"	"""Nope!"""	"1"	"-1"	"""Christmas tree"""	"""left"""	"""TRUE"""	"-1"	"""FALSE"""	"-1"	"-1"	"0"
"What is he talking about? (1-2 mins)"	"Short and fun! A 1-2 minute word game about what someone is talking about."	"experiment, psychology, game"	"$0.20"	"Mon Dec 16 21:03:30 CST 2013"	"50"	"0"	"0"	"50"	"Reviewable"	"NotReviewed"	"1 scales"	"600"	"60000"	"Mon Dec 23 21:03:30 CST 2013"	"S85103"	"Approved"	""	"""chocolate"""	"""target"""	"-1"	"-1"	"-1"	"-1"	"0"	"""Selecting Bob's Sundae"""	"0"	"0"	"-1"	"0"	"0"	""""""	"1"	"-1"	"""sundae"""	"""left"""	"""TRUE"""	"-1"	"""TRUE"""	"-1"	"-1"	"0"
"What is he talking about? (1-2 mins)"	"Short and fun! A 1-2 minute word game about what someone is talking about."	"experiment, psychology, game"	"$0.20"	"Mon Dec 16 21:03:30 CST 2013"	"50"	"0"	"0"	"50"	"Reviewable"	"NotReviewed"	"1 scales"	"600"	"60000"	"Mon Dec 23 21:03:30 CST 2013"	"S50252"	"Approved"	""	"""peppers"""	"""target"""	"-1"	"-1"	"-1"	"-1"	"0"	"""What kind of pizza Bob likes to eat."""	"0"	"0"	"-1"	"0"	"0"	""""""	"1"	"-1"	"""pizza"""	"""middle"""	"""TRUE"""	"-1"	"""TRUE"""	"-1"	"-1"	"0"
"What is he talking about? (1-2 mins)"	"Short and fun! A 1-2 minute word game about what someone is talking about."	"experiment, psychology, game"	"$0.20"	"Mon Dec 16 21:03:30 CST 2013"	"50"	"0"	"0"	"50"	"Reviewable"	"NotReviewed"	"1 scales"	"600"	"60000"	"Mon Dec 23 21:03:30 CST 2013"	"S07360"	"Approved"	""	"""ornaments"""	"""target"""	"-1"	"-1"	"-1"	"-1"	"0"	"""Bob and his trimmed trees"""	"0"	"0"	"-1"	"0"	"0"	"""Nope"""	"1"	"-1"	"""Christmas tree"""	"""middle"""	"""TRUE"""	"-1"	"""TRUE"""	"-1"	"-1"	"0"
"What is he talking about? (1-2 mins)"	"Short and fun! A 1-2 minute word game about what someone is talking about."	"experiment, psychology, game"	"$0.20"	"Mon Dec 16 21:03:30 CST 2013"	"50"	"0"	"0"	"50"	"Reviewable"	"NotReviewed"	"1 scales"	"600"	"60000"	"Mon Dec 23 21:03:30 CST 2013"	"S94708"	"Approved"	""	"""olives"""	"""target"""	"-1"	"-1"	"-1"	"-1"	"0"	"""Language"""	"0"	"0"	"-1"	"0"	"0"	""""""	"1"	"-1"	"""pizza"""	"""right"""	"""TRUE"""	"-1"	"""TRUE"""	"-1"	"-1"	"0"
"What is he talking about? (1-2 mins)"	"Short and fun! A 1-2 minute word game about what someone is talking about."	"experiment, psychology, game"	"$0.20"	"Mon Dec 16 21:03:30 CST 2013"	"50"	"0"	"0"	"50"	"Reviewable"	"NotReviewed"	"1 scales"	"600"	"60000"	"Mon Dec 23 21:03:30 CST 2013"	"S45867"	"Approved"	""	"""cabin"""	"""logical"""	"-1"	"-1"	"-1"	"-1"	"0"	"""what kind of boats bob likes"""	"0"	"0"	"-1"	"0"	"0"	""""""	"1"	"-1"	"""boat"""	"""middle"""	"""TRUE"""	"-1"	"""FALSE"""	"-1"	"-1"	"0"
"What is he talking about? (1-2 mins)"	"Short and fun! A 1-2 minute word game about what someone is talking about."	"experiment, psychology, game"	"$0.20"	"Mon Dec 16 21:03:30 CST 2013"	"50"	"0"	"0"	"50"	"Reviewable"	"NotReviewed"	"1 scales"	"600"	"60000"	"Mon Dec 23 21:03:30 CST 2013"	"S40780"	"Approved"	""	"""whipped cream"""	"""target"""	"-1"	"-1"	"-1"	"-1"	"0"	"""language"""	"0"	"0"	"-1"	"0"	"0"	"""thanks, this was fun"""	"1"	"-1"	"""sundae"""	"""right"""	"""TRUE"""	"-1"	"""TRUE"""	"-1"	"-1"	"0"
