"title"	"description"	"keywords"	"reward"	"creationtime"	"assignments"	"numavailable"	"numpending"	"numcomplete"	"hitstatus"	"reviewstatus"	"annotation"	"assignmentduration"	"autoapprovaldelay"	"hitlifetime"	"workerid"	"assignmentstatus"	"deadline"	"Answer.target_property"	"Answer.familiarization_cond"	"Answer.money_allocated_to_logical"	"Answer.Likert_value_target"	"Answer.participant_response_type_condition"	"Answer.linguistic_framing_condition"	"Answer.target_frequency"	"Answer.participant_feature_count_condition"	"Answer.target_filler_sequence_condition"	"Answer.target_position"	"Answer.name_check_correct"	"Answer.Likert_value_foil"	"Answer.comment"	"Answer.manip_check_dist"	"Answer.item"	"Answer.Likert_value_logical"	"Answer.question_type_condition"	"Answer.choice"	"Answer.money_allocated_to_target"	"Answer.about"	"Answer.familiarization_present_in_study"	"Answer.manip_check_target"	"Answer.choice_correct"	"Answer.money_allocated_to_foil"
"What is he talking about? (1-2 mins)"	"Short and fun! A 1-2 minute word game about what someone is talking about."	"experiment, psychology, game"	"$0.20"	"Mon Nov 18 03:51:30 PST 2013"	"100"	"0"	"0"	"100"	"Reviewable"	"NotReviewed"	"1 scales"	"600"	"60000"	"Mon Nov 25 03:51:30 PST 2013"	"S41426"	"Approved"	""	"""hat"""	"-1"	"-1"	"6"	"2"	"0"	"0"	"1"	"0"	"""middle"""	"""TRUE"""	"1"	""""""	"""1"""	"""friend"""	"6"	"0"	"""null"""	"-1"	"""Bobs favorite friend"""	"0"	"""2"""	"""FALSE"""	"-1"
"What is he talking about? (1-2 mins)"	"Short and fun! A 1-2 minute word game about what someone is talking about."	"experiment, psychology, game"	"$0.20"	"Mon Nov 18 03:51:30 PST 2013"	"100"	"0"	"0"	"100"	"Reviewable"	"NotReviewed"	"1 scales"	"600"	"60000"	"Mon Nov 25 03:51:30 PST 2013"	"S30796"	"Approved"	""	"""mustache"""	"-1"	"-1"	"6"	"2"	"0"	"0"	"1"	"0"	"""middle"""	"""TRUE"""	"1"	"""no"""	"""1"""	"""friend"""	"5"	"0"	"""null"""	"-1"	"""understanding what is meant with little information"""	"0"	"""2"""	"""FALSE"""	"-1"
"What is he talking about? (1-2 mins)"	"Short and fun! A 1-2 minute word game about what someone is talking about."	"experiment, psychology, game"	"$0.20"	"Mon Nov 18 03:51:30 PST 2013"	"100"	"0"	"0"	"100"	"Reviewable"	"NotReviewed"	"1 scales"	"600"	"60000"	"Mon Nov 25 03:51:30 PST 2013"	"S25318"	"Approved"	""	"""hat"""	"-1"	"-1"	"6"	"2"	"0"	"0"	"1"	"0"	"""middle"""	"""TRUE"""	"1"	""""""	"""1"""	"""friend"""	"6"	"0"	"""null"""	"-1"	"""Judgments on what a person thinks by what he says """	"0"	"""2"""	"""FALSE"""	"-1"
"What is he talking about? (1-2 mins)"	"Short and fun! A 1-2 minute word game about what someone is talking about."	"experiment, psychology, game"	"$0.20"	"Mon Nov 18 03:51:30 PST 2013"	"100"	"0"	"0"	"100"	"Reviewable"	"NotReviewed"	"1 scales"	"600"	"60000"	"Mon Nov 25 03:51:30 PST 2013"	"S52906"	"Approved"	""	"""glasses"""	"-1"	"-1"	"6"	"2"	"0"	"0"	"1"	"0"	"""right"""	"""TRUE"""	"5"	""""""	"""1"""	"""friend"""	"6"	"0"	"""null"""	"-1"	"""Impressions of people."""	"0"	"""2"""	"""FALSE"""	"-1"
"What is he talking about? (1-2 mins)"	"Short and fun! A 1-2 minute word game about what someone is talking about."	"experiment, psychology, game"	"$0.20"	"Mon Nov 18 03:51:30 PST 2013"	"100"	"0"	"0"	"100"	"Reviewable"	"NotReviewed"	"1 scales"	"600"	"60000"	"Mon Nov 25 03:51:30 PST 2013"	"S22647"	"Approved"	""	"""hat"""	"-1"	"-1"	"4"	"2"	"0"	"0"	"1"	"0"	"""right"""	"""TRUE"""	"4"	"""Fun survey, thanks."""	"""1"""	"""friend"""	"4"	"0"	"""null"""	"-1"	"""Determining who Bob friend was by a mere suggestion that he HAS a hat."""	"0"	"""2"""	"""FALSE"""	"-1"
"What is he talking about? (1-2 mins)"	"Short and fun! A 1-2 minute word game about what someone is talking about."	"experiment, psychology, game"	"$0.20"	"Mon Nov 18 03:51:30 PST 2013"	"100"	"0"	"0"	"100"	"Reviewable"	"NotReviewed"	"1 scales"	"600"	"60000"	"Mon Nov 25 03:51:30 PST 2013"	"S77782"	"Approved"	""	"""mustache"""	"-1"	"-1"	"4"	"2"	"0"	"0"	"1"	"0"	"""middle"""	"""TRUE"""	"1"	"""Love You"""	"""1"""	"""friend"""	"4"	"0"	"""null"""	"-1"	"""Bobs favorite friend"""	"0"	"""2"""	"""FALSE"""	"-1"
"What is he talking about? (1-2 mins)"	"Short and fun! A 1-2 minute word game about what someone is talking about."	"experiment, psychology, game"	"$0.20"	"Mon Nov 18 03:51:30 PST 2013"	"100"	"0"	"0"	"100"	"Reviewable"	"NotReviewed"	"1 scales"	"600"	"60000"	"Mon Nov 25 03:51:30 PST 2013"	"S83098"	"Approved"	""	"""glasses"""	"-1"	"-1"	"6"	"2"	"0"	"0"	"1"	"0"	"""left"""	"""FALSE"""	"4"	""""""	"""1"""	"""friend"""	"6"	"0"	"""null"""	"-1"	"""Determining a friend"""	"0"	"""2"""	"""FALSE"""	"-1"
"What is he talking about? (1-2 mins)"	"Short and fun! A 1-2 minute word game about what someone is talking about."	"experiment, psychology, game"	"$0.20"	"Mon Nov 18 03:51:30 PST 2013"	"100"	"0"	"0"	"100"	"Reviewable"	"NotReviewed"	"1 scales"	"600"	"60000"	"Mon Nov 25 03:51:30 PST 2013"	"S24126"	"Approved"	""	"""hat"""	"-1"	"-1"	"5"	"2"	"0"	"0"	"1"	"0"	"""middle"""	"""TRUE"""	"1"	""""""	"""1"""	"""friend"""	"5"	"0"	"""null"""	"-1"	"""about Bob's favorite friend"""	"0"	"""2"""	"""FALSE"""	"-1"
"What is he talking about? (1-2 mins)"	"Short and fun! A 1-2 minute word game about what someone is talking about."	"experiment, psychology, game"	"$0.20"	"Mon Nov 18 03:51:30 PST 2013"	"100"	"0"	"0"	"100"	"Reviewable"	"NotReviewed"	"1 scales"	"600"	"60000"	"Mon Nov 25 03:51:30 PST 2013"	"S65094"	"Approved"	""	"""hat"""	"-1"	"-1"	"5"	"2"	"0"	"0"	"1"	"0"	"""right"""	"""TRUE"""	"1"	""""""	"""1"""	"""friend"""	"5"	"0"	"""null"""	"-1"	"""perception"""	"0"	"""2"""	"""FALSE"""	"-1"
"What is he talking about? (1-2 mins)"	"Short and fun! A 1-2 minute word game about what someone is talking about."	"experiment, psychology, game"	"$0.20"	"Mon Nov 18 03:51:30 PST 2013"	"100"	"0"	"0"	"100"	"Reviewable"	"NotReviewed"	"1 scales"	"600"	"60000"	"Mon Nov 25 03:51:30 PST 2013"	"S75858"	"Approved"	""	"""mustache"""	"-1"	"-1"	"4"	"2"	"0"	"0"	"1"	"0"	"""middle"""	"""TRUE"""	"1"	""""""	"""1"""	"""friend"""	"4"	"0"	"""null"""	"-1"	"""Judgement"""	"0"	"""2"""	"""FALSE"""	"-1"
"What is he talking about? (1-2 mins)"	"Short and fun! A 1-2 minute word game about what someone is talking about."	"experiment, psychology, game"	"$0.20"	"Mon Nov 18 03:51:30 PST 2013"	"100"	"0"	"0"	"100"	"Reviewable"	"NotReviewed"	"1 scales"	"600"	"60000"	"Mon Nov 25 03:51:30 PST 2013"	"S99430"	"Approved"	""	"""mustache"""	"-1"	"-1"	"6"	"2"	"0"	"0"	"1"	"0"	"""left"""	"""TRUE"""	"1"	""" cool HIT"""	"""1"""	"""friend"""	"5"	"0"	"""null"""	"-1"	"""bobs freinds and which friend he likes most"""	"0"	"""2"""	"""FALSE"""	"-1"
"What is he talking about? (1-2 mins)"	"Short and fun! A 1-2 minute word game about what someone is talking about."	"experiment, psychology, game"	"$0.20"	"Mon Nov 18 03:51:30 PST 2013"	"100"	"0"	"0"	"100"	"Reviewable"	"NotReviewed"	"1 scales"	"600"	"60000"	"Mon Nov 25 03:51:30 PST 2013"	"S44396"	"Approved"	""	"""glasses"""	"-1"	"-1"	"6"	"2"	"0"	"0"	"1"	"0"	"""middle"""	"""TRUE"""	"1"	""""""	"""1"""	"""friend"""	"6"	"0"	"""null"""	"-1"	"""Bob's Friends"""	"0"	"""2"""	"""FALSE"""	"-1"
"What is he talking about? (1-2 mins)"	"Short and fun! A 1-2 minute word game about what someone is talking about."	"experiment, psychology, game"	"$0.20"	"Mon Nov 18 03:51:30 PST 2013"	"100"	"0"	"0"	"100"	"Reviewable"	"NotReviewed"	"1 scales"	"600"	"60000"	"Mon Nov 25 03:51:30 PST 2013"	"S51672"	"Approved"	""	"""mustache"""	"-1"	"-1"	"5"	"2"	"0"	"0"	"1"	"0"	"""left"""	"""TRUE"""	"1"	""""""	"""1"""	"""friend"""	"5"	"0"	"""null"""	"-1"	"""I don't know."""	"0"	"""2"""	"""FALSE"""	"-1"
"What is he talking about? (1-2 mins)"	"Short and fun! A 1-2 minute word game about what someone is talking about."	"experiment, psychology, game"	"$0.20"	"Mon Nov 18 03:51:30 PST 2013"	"100"	"0"	"0"	"100"	"Reviewable"	"NotReviewed"	"1 scales"	"600"	"60000"	"Mon Nov 25 03:51:30 PST 2013"	"S40890"	"Approved"	""	"""hat"""	"-1"	"-1"	"7"	"2"	"0"	"0"	"1"	"0"	"""right"""	"""TRUE"""	"7"	""""""	"""1"""	"""friend"""	"7"	"0"	"""null"""	"-1"	"""bobs friends"""	"0"	"""2"""	"""FALSE"""	"-1"
"What is he talking about? (1-2 mins)"	"Short and fun! A 1-2 minute word game about what someone is talking about."	"experiment, psychology, game"	"$0.20"	"Mon Nov 18 03:51:30 PST 2013"	"100"	"0"	"0"	"100"	"Reviewable"	"NotReviewed"	"1 scales"	"600"	"60000"	"Mon Nov 25 03:51:30 PST 2013"	"S82793"	"Approved"	""	"""mustache"""	"-1"	"-1"	"5"	"2"	"0"	"0"	"1"	"0"	"""left"""	"""TRUE"""	"1"	""""""	"""1"""	"""friend"""	"5"	"0"	"""null"""	"-1"	"""logistical thinkig"""	"0"	"""2"""	"""FALSE"""	"-1"
"What is he talking about? (1-2 mins)"	"Short and fun! A 1-2 minute word game about what someone is talking about."	"experiment, psychology, game"	"$0.20"	"Mon Nov 18 03:51:30 PST 2013"	"100"	"0"	"0"	"100"	"Reviewable"	"NotReviewed"	"1 scales"	"600"	"60000"	"Mon Nov 25 03:51:30 PST 2013"	"S90331"	"Approved"	""	"""hat"""	"-1"	"-1"	"7"	"2"	"0"	"0"	"1"	"0"	"""middle"""	"""TRUE"""	"7"	"""the bubbles were clicked more than once, i couldn't undo a click. it should be 1, 5, 4 in that order for the clicks."""	"""1"""	"""friend"""	"4"	"0"	"""null"""	"-1"	"""finding out which person bob likes from what he says and our interpretation"""	"0"	"""2"""	"""FALSE"""	"-1"
"What is he talking about? (1-2 mins)"	"Short and fun! A 1-2 minute word game about what someone is talking about."	"experiment, psychology, game"	"$0.20"	"Mon Nov 18 03:51:30 PST 2013"	"100"	"0"	"0"	"100"	"Reviewable"	"NotReviewed"	"1 scales"	"600"	"60000"	"Mon Nov 25 03:51:30 PST 2013"	"S18327"	"Approved"	""	"""mustache"""	"-1"	"-1"	"4"	"2"	"0"	"0"	"1"	"0"	"""left"""	"""TRUE"""	"1"	""""""	"""1"""	"""friend"""	"4"	"0"	"""null"""	"-1"	"""Who is Bob's favorite friend."""	"0"	"""2"""	"""FALSE"""	"-1"
"What is he talking about? (1-2 mins)"	"Short and fun! A 1-2 minute word game about what someone is talking about."	"experiment, psychology, game"	"$0.20"	"Mon Nov 18 03:51:30 PST 2013"	"100"	"0"	"0"	"100"	"Reviewable"	"NotReviewed"	"1 scales"	"600"	"60000"	"Mon Nov 25 03:51:30 PST 2013"	"S71180"	"Approved"	""	"""mustache"""	"-1"	"-1"	"5"	"2"	"0"	"0"	"1"	"0"	"""left"""	"""TRUE"""	"1"	""""""	"""1"""	"""friend"""	"7"	"0"	"""null"""	"-1"	"""Bob's friends."""	"0"	"""2"""	"""FALSE"""	"-1"
"What is he talking about? (1-2 mins)"	"Short and fun! A 1-2 minute word game about what someone is talking about."	"experiment, psychology, game"	"$0.20"	"Mon Nov 18 03:51:30 PST 2013"	"100"	"0"	"0"	"100"	"Reviewable"	"NotReviewed"	"1 scales"	"600"	"60000"	"Mon Nov 25 03:51:30 PST 2013"	"S28157"	"Approved"	""	"""hat"""	"-1"	"-1"	"4"	"2"	"0"	"0"	"1"	"0"	"""left"""	"""TRUE"""	"1"	""""""	"""1"""	"""friend"""	"4"	"0"	"""null"""	"-1"	"""Picking Bob's friend"""	"0"	"""2"""	"""FALSE"""	"-1"
"What is he talking about? (1-2 mins)"	"Short and fun! A 1-2 minute word game about what someone is talking about."	"experiment, psychology, game"	"$0.20"	"Mon Nov 18 03:51:30 PST 2013"	"100"	"0"	"0"	"100"	"Reviewable"	"NotReviewed"	"1 scales"	"600"	"60000"	"Mon Nov 25 03:51:30 PST 2013"	"S64679"	"Approved"	""	"""mustache"""	"-1"	"-1"	"4"	"2"	"0"	"0"	"1"	"0"	"""right"""	"""TRUE"""	"1"	"""no"""	"""1"""	"""friend"""	"4"	"0"	"""null"""	"-1"	"""perceptions"""	"0"	"""2"""	"""FALSE"""	"-1"
"What is he talking about? (1-2 mins)"	"Short and fun! A 1-2 minute word game about what someone is talking about."	"experiment, psychology, game"	"$0.20"	"Mon Nov 18 03:51:30 PST 2013"	"100"	"0"	"0"	"100"	"Reviewable"	"NotReviewed"	"1 scales"	"600"	"60000"	"Mon Nov 25 03:51:30 PST 2013"	"S50149"	"Approved"	""	"""glasses"""	"-1"	"-1"	"3"	"2"	"0"	"0"	"1"	"0"	"""left"""	"""TRUE"""	"4"	""""""	"""1"""	"""friend"""	"5"	"0"	"""null"""	"-1"	"""I haven't the slightest idea!"""	"0"	"""2"""	"""FALSE"""	"-1"
"What is he talking about? (1-2 mins)"	"Short and fun! A 1-2 minute word game about what someone is talking about."	"experiment, psychology, game"	"$0.20"	"Mon Nov 18 03:51:30 PST 2013"	"100"	"0"	"0"	"100"	"Reviewable"	"NotReviewed"	"1 scales"	"600"	"60000"	"Mon Nov 25 03:51:30 PST 2013"	"S12254"	"Approved"	""	"""glasses"""	"-1"	"-1"	"7"	"2"	"0"	"0"	"1"	"0"	"""middle"""	"""TRUE"""	"1"	""""""	"""1"""	"""friend"""	"6"	"0"	"""null"""	"-1"	"""Bob's friends"""	"0"	"""2"""	"""FALSE"""	"-1"
"What is he talking about? (1-2 mins)"	"Short and fun! A 1-2 minute word game about what someone is talking about."	"experiment, psychology, game"	"$0.20"	"Mon Nov 18 03:51:30 PST 2013"	"100"	"0"	"0"	"100"	"Reviewable"	"NotReviewed"	"1 scales"	"600"	"60000"	"Mon Nov 25 03:51:30 PST 2013"	"S49870"	"Approved"	""	"""glasses"""	"-1"	"-1"	"6"	"2"	"0"	"0"	"1"	"0"	"""right"""	"""TRUE"""	"1"	""""""	"""1"""	"""friend"""	"5"	"0"	"""null"""	"-1"	"""Which of bob's friends were his favorite. """	"0"	"""2"""	"""FALSE"""	"-1"
"What is he talking about? (1-2 mins)"	"Short and fun! A 1-2 minute word game about what someone is talking about."	"experiment, psychology, game"	"$0.20"	"Mon Nov 18 03:51:30 PST 2013"	"100"	"0"	"0"	"100"	"Reviewable"	"NotReviewed"	"1 scales"	"600"	"60000"	"Mon Nov 25 03:51:30 PST 2013"	"S43071"	"Approved"	""	"""glasses"""	"-1"	"-1"	"5"	"2"	"0"	"0"	"1"	"0"	"""right"""	"""TRUE"""	"1"	""""""	"""1"""	"""friend"""	"6"	"0"	"""null"""	"-1"	"""Guessing what bob is talking about."""	"0"	"""2"""	"""FALSE"""	"-1"
"What is he talking about? (1-2 mins)"	"Short and fun! A 1-2 minute word game about what someone is talking about."	"experiment, psychology, game"	"$0.20"	"Mon Nov 18 03:51:30 PST 2013"	"100"	"0"	"0"	"100"	"Reviewable"	"NotReviewed"	"1 scales"	"600"	"60000"	"Mon Nov 25 03:51:30 PST 2013"	"S82967"	"Approved"	""	"""mustache"""	"-1"	"-1"	"7"	"2"	"0"	"0"	"1"	"0"	"""middle"""	"""TRUE"""	"4"	""""""	"""1"""	"""friend"""	"6"	"0"	"""null"""	"-1"	"""opinions on personal judgement"""	"0"	"""2"""	"""FALSE"""	"-1"
"What is he talking about? (1-2 mins)"	"Short and fun! A 1-2 minute word game about what someone is talking about."	"experiment, psychology, game"	"$0.20"	"Mon Nov 18 03:51:30 PST 2013"	"100"	"0"	"0"	"100"	"Reviewable"	"NotReviewed"	"1 scales"	"600"	"60000"	"Mon Nov 25 03:51:30 PST 2013"	"S66328"	"Approved"	""	"""mustache"""	"-1"	"-1"	"6"	"2"	"0"	"0"	"1"	"0"	"""right"""	"""TRUE"""	"1"	"""none"""	"""1"""	"""friend"""	"6"	"0"	"""null"""	"-1"	"""Who was Bob's favorite friend."""	"0"	"""2"""	"""FALSE"""	"-1"
"What is he talking about? (1-2 mins)"	"Short and fun! A 1-2 minute word game about what someone is talking about."	"experiment, psychology, game"	"$0.20"	"Mon Nov 18 03:51:30 PST 2013"	"100"	"0"	"0"	"100"	"Reviewable"	"NotReviewed"	"1 scales"	"600"	"60000"	"Mon Nov 25 03:51:30 PST 2013"	"S37737"	"Approved"	""	"""hat"""	"-1"	"-1"	"4"	"2"	"0"	"0"	"1"	"0"	"""middle"""	"""TRUE"""	"3"	"""No."""	"""1"""	"""friend"""	"6"	"0"	"""null"""	"-1"	"""Friends."""	"0"	"""2"""	"""FALSE"""	"-1"
"What is he talking about? (1-2 mins)"	"Short and fun! A 1-2 minute word game about what someone is talking about."	"experiment, psychology, game"	"$0.20"	"Mon Nov 18 03:51:30 PST 2013"	"100"	"0"	"0"	"100"	"Reviewable"	"NotReviewed"	"1 scales"	"600"	"60000"	"Mon Nov 25 03:51:30 PST 2013"	"S65911"	"Approved"	""	"""glasses"""	"-1"	"-1"	"7"	"2"	"0"	"0"	"1"	"0"	"""left"""	"""TRUE"""	"1"	""""""	"""1"""	"""friend"""	"5"	"0"	"""null"""	"-1"	"""his friends"""	"0"	"""2"""	"""FALSE"""	"-1"
"What is he talking about? (1-2 mins)"	"Short and fun! A 1-2 minute word game about what someone is talking about."	"experiment, psychology, game"	"$0.20"	"Mon Nov 18 03:51:30 PST 2013"	"100"	"0"	"0"	"100"	"Reviewable"	"NotReviewed"	"1 scales"	"600"	"60000"	"Mon Nov 25 03:51:30 PST 2013"	"S38890"	"Approved"	""	"""hat"""	"-1"	"-1"	"4"	"2"	"0"	"0"	"1"	"0"	"""middle"""	"""TRUE"""	"1"	"""Very odd"""	"""1"""	"""friend"""	"4"	"0"	"""null"""	"-1"	"""Figuring out Bob's friend."""	"0"	"""2"""	"""FALSE"""	"-1"
"What is he talking about? (1-2 mins)"	"Short and fun! A 1-2 minute word game about what someone is talking about."	"experiment, psychology, game"	"$0.20"	"Mon Nov 18 03:51:30 PST 2013"	"100"	"0"	"0"	"100"	"Reviewable"	"NotReviewed"	"1 scales"	"600"	"60000"	"Mon Nov 25 03:51:30 PST 2013"	"S70251"	"Approved"	""	"""hat"""	"-1"	"-1"	"6"	"2"	"0"	"0"	"1"	"0"	"""middle"""	"""FALSE"""	"3"	""""""	"""1"""	"""friend"""	"5"	"0"	"""null"""	"-1"	"""His friends that he likes."""	"0"	"""2"""	"""FALSE"""	"-1"
"What is he talking about? (1-2 mins)"	"Short and fun! A 1-2 minute word game about what someone is talking about."	"experiment, psychology, game"	"$0.20"	"Mon Nov 18 03:51:30 PST 2013"	"100"	"0"	"0"	"100"	"Reviewable"	"NotReviewed"	"1 scales"	"600"	"60000"	"Mon Nov 25 03:51:30 PST 2013"	"S04514"	"Approved"	""	"""hat"""	"-1"	"-1"	"5"	"2"	"0"	"0"	"1"	"0"	"""middle"""	"""TRUE"""	"3"	"""NA"""	"""1"""	"""friend"""	"7"	"0"	"""null"""	"-1"	"""Who bob would visit"""	"0"	"""2"""	"""FALSE"""	"-1"
"What is he talking about? (1-2 mins)"	"Short and fun! A 1-2 minute word game about what someone is talking about."	"experiment, psychology, game"	"$0.20"	"Mon Nov 18 03:51:30 PST 2013"	"100"	"0"	"0"	"100"	"Reviewable"	"NotReviewed"	"1 scales"	"600"	"60000"	"Mon Nov 25 03:51:30 PST 2013"	"S53948"	"Approved"	""	"""glasses"""	"-1"	"-1"	"5"	"2"	"0"	"0"	"1"	"0"	"""left"""	"""TRUE"""	"1"	"""none, thank you"""	"""1"""	"""friend"""	"5"	"0"	"""null"""	"-1"	"""discerning what a statement means in similar choices"""	"0"	"""2"""	"""FALSE"""	"-1"
"What is he talking about? (1-2 mins)"	"Short and fun! A 1-2 minute word game about what someone is talking about."	"experiment, psychology, game"	"$0.20"	"Mon Nov 18 03:51:30 PST 2013"	"100"	"0"	"0"	"100"	"Reviewable"	"NotReviewed"	"1 scales"	"600"	"60000"	"Mon Nov 25 03:51:30 PST 2013"	"S88871"	"Approved"	""	"""mustache"""	"-1"	"-1"	"6"	"2"	"0"	"0"	"1"	"0"	"""middle"""	"""TRUE"""	"3"	""""""	"""2"""	"""friend"""	"6"	"0"	"""null"""	"-1"	"""Bobs friends"""	"0"	"""4"""	"""FALSE"""	"-1"
"What is he talking about? (1-2 mins)"	"Short and fun! A 1-2 minute word game about what someone is talking about."	"experiment, psychology, game"	"$0.20"	"Mon Nov 18 03:51:30 PST 2013"	"100"	"0"	"0"	"100"	"Reviewable"	"NotReviewed"	"1 scales"	"600"	"60000"	"Mon Nov 25 03:51:30 PST 2013"	"S67704"	"Approved"	""	"""hat"""	"-1"	"-1"	"6"	"2"	"0"	"0"	"1"	"0"	"""middle"""	"""TRUE"""	"1"	""""""	"""1"""	"""friend"""	"6"	"0"	"""null"""	"-1"	"""Determining how people make judgments with insufficient information."""	"0"	"""2"""	"""FALSE"""	"-1"
"What is he talking about? (1-2 mins)"	"Short and fun! A 1-2 minute word game about what someone is talking about."	"experiment, psychology, game"	"$0.20"	"Mon Nov 18 03:51:30 PST 2013"	"100"	"0"	"0"	"100"	"Reviewable"	"NotReviewed"	"1 scales"	"600"	"60000"	"Mon Nov 25 03:51:30 PST 2013"	"S07445"	"Approved"	""	"""glasses"""	"-1"	"-1"	"7"	"2"	"0"	"0"	"1"	"0"	"""left"""	"""TRUE"""	"1"	""""""	"""1"""	"""friend"""	"5"	"0"	"""null"""	"-1"	"""Figuring out Bob's favorite friend."""	"0"	"""2"""	"""FALSE"""	"-1"
"What is he talking about? (1-2 mins)"	"Short and fun! A 1-2 minute word game about what someone is talking about."	"experiment, psychology, game"	"$0.20"	"Mon Nov 18 03:51:30 PST 2013"	"100"	"0"	"0"	"100"	"Reviewable"	"NotReviewed"	"1 scales"	"600"	"60000"	"Mon Nov 25 03:51:30 PST 2013"	"S10631"	"Approved"	""	"""mustache"""	"-1"	"-1"	"6"	"2"	"0"	"0"	"1"	"0"	"""left"""	"""TRUE"""	"1"	""""""	"""1"""	"""friend"""	"6"	"0"	"""null"""	"-1"	"""How we perceive different visuals"""	"0"	"""2"""	"""FALSE"""	"-1"
"What is he talking about? (1-2 mins)"	"Short and fun! A 1-2 minute word game about what someone is talking about."	"experiment, psychology, game"	"$0.20"	"Mon Nov 18 03:51:30 PST 2013"	"100"	"0"	"0"	"100"	"Reviewable"	"NotReviewed"	"1 scales"	"600"	"60000"	"Mon Nov 25 03:51:30 PST 2013"	"S88052"	"Approved"	""	"""mustache"""	"-1"	"-1"	"7"	"2"	"0"	"0"	"1"	"0"	"""middle"""	"""TRUE"""	"4"	"""No other comments at this time."""	"""1"""	"""friend"""	"5"	"0"	"""null"""	"-1"	"""Making a judgements about Bob and who was his favorite friend."""	"0"	"""2"""	"""FALSE"""	"-1"
"What is he talking about? (1-2 mins)"	"Short and fun! A 1-2 minute word game about what someone is talking about."	"experiment, psychology, game"	"$0.20"	"Mon Nov 18 03:51:30 PST 2013"	"100"	"0"	"0"	"100"	"Reviewable"	"NotReviewed"	"1 scales"	"600"	"60000"	"Mon Nov 25 03:51:30 PST 2013"	"S02015"	"Approved"	""	"""hat"""	"-1"	"-1"	"4"	"2"	"0"	"0"	"1"	"0"	"""left"""	"""FALSE"""	"1"	""""""	"""1"""	"""friend"""	"4"	"0"	"""null"""	"-1"	"""judgements"""	"0"	"""2"""	"""FALSE"""	"-1"
"What is he talking about? (1-2 mins)"	"Short and fun! A 1-2 minute word game about what someone is talking about."	"experiment, psychology, game"	"$0.20"	"Mon Nov 18 03:51:30 PST 2013"	"100"	"0"	"0"	"100"	"Reviewable"	"NotReviewed"	"1 scales"	"600"	"60000"	"Mon Nov 25 03:51:30 PST 2013"	"S03363"	"Approved"	""	"""hat"""	"-1"	"-1"	"7"	"2"	"0"	"0"	"1"	"0"	"""right"""	"""TRUE"""	"5"	""""""	"""1"""	"""friend"""	"6"	"0"	"""null"""	"-1"	"""asking about his friends"""	"0"	"""2"""	"""FALSE"""	"-1"
"What is he talking about? (1-2 mins)"	"Short and fun! A 1-2 minute word game about what someone is talking about."	"experiment, psychology, game"	"$0.20"	"Mon Nov 18 03:51:30 PST 2013"	"100"	"0"	"0"	"100"	"Reviewable"	"NotReviewed"	"1 scales"	"600"	"60000"	"Mon Nov 25 03:51:30 PST 2013"	"S62939"	"Approved"	""	"""hat"""	"-1"	"-1"	"6"	"2"	"0"	"0"	"1"	"0"	"""right"""	"""TRUE"""	"1"	""""""	"""1"""	"""friend"""	"4"	"0"	"""null"""	"-1"	"""Bob's favorite friend"""	"0"	"""2"""	"""FALSE"""	"-1"
"What is he talking about? (1-2 mins)"	"Short and fun! A 1-2 minute word game about what someone is talking about."	"experiment, psychology, game"	"$0.20"	"Mon Nov 18 03:51:30 PST 2013"	"100"	"0"	"0"	"100"	"Reviewable"	"NotReviewed"	"1 scales"	"600"	"60000"	"Mon Nov 25 03:51:30 PST 2013"	"S10806"	"Approved"	""	"""glasses"""	"-1"	"-1"	"4"	"2"	"0"	"0"	"1"	"0"	"""right"""	"""TRUE"""	"1"	""""""	"""1"""	"""friend"""	"4"	"0"	"""null"""	"-1"	"""choosing bob's friend"""	"0"	"""2"""	"""FALSE"""	"-1"
"What is he talking about? (1-2 mins)"	"Short and fun! A 1-2 minute word game about what someone is talking about."	"experiment, psychology, game"	"$0.20"	"Mon Nov 18 03:51:30 PST 2013"	"100"	"0"	"0"	"100"	"Reviewable"	"NotReviewed"	"1 scales"	"600"	"60000"	"Mon Nov 25 03:51:30 PST 2013"	"S34897"	"Approved"	""	"""hat"""	"-1"	"-1"	"7"	"2"	"0"	"0"	"1"	"0"	"""left"""	"""TRUE"""	"1"	""""""	"""1"""	"""friend"""	"4"	"0"	"""null"""	"-1"	"""HIS FAV FRIEND"""	"0"	"""2"""	"""FALSE"""	"-1"
"What is he talking about? (1-2 mins)"	"Short and fun! A 1-2 minute word game about what someone is talking about."	"experiment, psychology, game"	"$0.20"	"Mon Nov 18 03:51:30 PST 2013"	"100"	"0"	"0"	"100"	"Reviewable"	"NotReviewed"	"1 scales"	"600"	"60000"	"Mon Nov 25 03:51:30 PST 2013"	"S11033"	"Approved"	""	"""mustache"""	"-1"	"-1"	"6"	"2"	"0"	"0"	"1"	"0"	"""left"""	"""TRUE"""	"1"	""""""	"""1"""	"""friend"""	"7"	"0"	"""null"""	"-1"	"""finding out what a person means"""	"0"	"""2"""	"""FALSE"""	"-1"
"What is he talking about? (1-2 mins)"	"Short and fun! A 1-2 minute word game about what someone is talking about."	"experiment, psychology, game"	"$0.20"	"Mon Nov 18 03:51:30 PST 2013"	"100"	"0"	"0"	"100"	"Reviewable"	"NotReviewed"	"1 scales"	"600"	"60000"	"Mon Nov 25 03:51:30 PST 2013"	"S64593"	"Approved"	""	"""hat"""	"-1"	"-1"	"6"	"2"	"0"	"0"	"1"	"0"	"""right"""	"""TRUE"""	"1"	""""""	"""1"""	"""friend"""	"6"	"0"	"""null"""	"-1"	"""Language"""	"0"	"""2"""	"""FALSE"""	"-1"
"What is he talking about? (1-2 mins)"	"Short and fun! A 1-2 minute word game about what someone is talking about."	"experiment, psychology, game"	"$0.20"	"Mon Nov 18 03:51:30 PST 2013"	"100"	"0"	"0"	"100"	"Reviewable"	"NotReviewed"	"1 scales"	"600"	"60000"	"Mon Nov 25 03:51:30 PST 2013"	"S52478"	"Approved"	""	"""glasses"""	"-1"	"-1"	"5"	"2"	"0"	"0"	"1"	"0"	"""left"""	"""TRUE"""	"1"	"""No. """	"""1"""	"""friend"""	"5"	"0"	"""null"""	"-1"	"""I'm not sure. """	"0"	"""2"""	"""FALSE"""	"-1"
"What is he talking about? (1-2 mins)"	"Short and fun! A 1-2 minute word game about what someone is talking about."	"experiment, psychology, game"	"$0.20"	"Mon Nov 18 03:51:30 PST 2013"	"100"	"0"	"0"	"100"	"Reviewable"	"NotReviewed"	"1 scales"	"600"	"60000"	"Mon Nov 25 03:51:30 PST 2013"	"S51922"	"Approved"	""	"""hat"""	"-1"	"-1"	"7"	"2"	"0"	"0"	"1"	"0"	"""left"""	"""TRUE"""	"1"	"""Thanks!"""	"""1"""	"""friend"""	"5"	"0"	"""null"""	"-1"	"""I'm not sure."""	"0"	"""2"""	"""FALSE"""	"-1"
"What is he talking about? (1-2 mins)"	"Short and fun! A 1-2 minute word game about what someone is talking about."	"experiment, psychology, game"	"$0.20"	"Mon Nov 18 03:51:30 PST 2013"	"100"	"0"	"0"	"100"	"Reviewable"	"NotReviewed"	"1 scales"	"600"	"60000"	"Mon Nov 25 03:51:30 PST 2013"	"S43021"	"Approved"	""	"""mustache"""	"-1"	"-1"	"3"	"2"	"0"	"0"	"1"	"0"	"""middle"""	"""TRUE"""	"1"	""""""	"""1"""	"""friend"""	"5"	"0"	"""null"""	"-1"	"""bobs friends"""	"0"	"""2"""	"""FALSE"""	"-1"
"What is he talking about? (1-2 mins)"	"Short and fun! A 1-2 minute word game about what someone is talking about."	"experiment, psychology, game"	"$0.20"	"Mon Nov 18 03:51:30 PST 2013"	"100"	"0"	"0"	"100"	"Reviewable"	"NotReviewed"	"1 scales"	"600"	"60000"	"Mon Nov 25 03:51:30 PST 2013"	"S30871"	"Approved"	""	"""mustache"""	"-1"	"-1"	"4"	"2"	"0"	"0"	"1"	"0"	"""left"""	"""TRUE"""	"1"	""""""	"""1"""	"""friend"""	"4"	"0"	"""null"""	"-1"	"""who did bob meet"""	"0"	"""2"""	"""FALSE"""	"-1"
"What is he talking about? (1-2 mins)"	"Short and fun! A 1-2 minute word game about what someone is talking about."	"experiment, psychology, game"	"$0.20"	"Mon Nov 18 03:51:30 PST 2013"	"100"	"0"	"0"	"100"	"Reviewable"	"NotReviewed"	"1 scales"	"600"	"60000"	"Mon Nov 25 03:51:30 PST 2013"	"S07691"	"Approved"	""	"""mustache"""	"-1"	"-1"	"6"	"2"	"0"	"0"	"1"	"0"	"""right"""	"""TRUE"""	"4"	"""none"""	"""1"""	"""friend"""	"6"	"0"	"""null"""	"-1"	"""his friend with a mustache """	"0"	"""2"""	"""FALSE"""	"-1"
"What is he talking about? (1-2 mins)"	"Short and fun! A 1-2 minute word game about what someone is talking about."	"experiment, psychology, game"	"$0.20"	"Mon Nov 18 03:51:30 PST 2013"	"100"	"0"	"0"	"100"	"Reviewable"	"NotReviewed"	"1 scales"	"600"	"60000"	"Mon Nov 25 03:51:30 PST 2013"	"S86891"	"Approved"	""	"""hat"""	"-1"	"-1"	"5"	"2"	"0"	"0"	"1"	"0"	"""left"""	"""TRUE"""	"1"	""""""	"""1"""	"""friend"""	"5"	"0"	"""null"""	"-1"	"""Picking someone based on a description."""	"0"	"""2"""	"""FALSE"""	"-1"
"What is he talking about? (1-2 mins)"	"Short and fun! A 1-2 minute word game about what someone is talking about."	"experiment, psychology, game"	"$0.20"	"Mon Nov 18 03:51:30 PST 2013"	"100"	"0"	"0"	"100"	"Reviewable"	"NotReviewed"	"1 scales"	"600"	"60000"	"Mon Nov 25 03:51:30 PST 2013"	"S06468"	"Approved"	""	"""peppers"""	"-1"	"-1"	"7"	"2"	"0"	"0"	"1"	"0"	"""right"""	"""TRUE"""	"1"	""""""	"""1"""	"""pizza"""	"5"	"0"	"""null"""	"-1"	"""What Type of Pizza Bob likes and which one we think is his favorite. """	"0"	"""2"""	"""FALSE"""	"-1"
"What is he talking about? (1-2 mins)"	"Short and fun! A 1-2 minute word game about what someone is talking about."	"experiment, psychology, game"	"$0.20"	"Mon Nov 18 03:51:30 PST 2013"	"100"	"0"	"0"	"100"	"Reviewable"	"NotReviewed"	"1 scales"	"600"	"60000"	"Mon Nov 25 03:51:30 PST 2013"	"S40934"	"Approved"	""	"""mushrooms"""	"-1"	"-1"	"6"	"2"	"0"	"0"	"1"	"0"	"""left"""	"""TRUE"""	"4"	""""""	"""1"""	"""pizza"""	"3"	"0"	"""null"""	"-1"	"""pizza"""	"0"	"""2"""	"""FALSE"""	"-1"
"What is he talking about? (1-2 mins)"	"Short and fun! A 1-2 minute word game about what someone is talking about."	"experiment, psychology, game"	"$0.20"	"Mon Nov 18 03:51:30 PST 2013"	"100"	"0"	"0"	"100"	"Reviewable"	"NotReviewed"	"1 scales"	"600"	"60000"	"Mon Nov 25 03:51:30 PST 2013"	"S30892"	"Approved"	""	"""peppers"""	"-1"	"-1"	"7"	"2"	"0"	"0"	"1"	"0"	"""right"""	"""TRUE"""	"1"	""""""	"""1"""	"""pizza"""	"6"	"0"	"""null"""	"-1"	"""Bob's favorite Pizza."""	"0"	"""2"""	"""FALSE"""	"-1"
"What is he talking about? (1-2 mins)"	"Short and fun! A 1-2 minute word game about what someone is talking about."	"experiment, psychology, game"	"$0.20"	"Mon Nov 18 03:51:30 PST 2013"	"100"	"0"	"0"	"100"	"Reviewable"	"NotReviewed"	"1 scales"	"600"	"60000"	"Mon Nov 25 03:51:30 PST 2013"	"S63140"	"Approved"	""	"""olives"""	"-1"	"-1"	"7"	"2"	"0"	"0"	"1"	"0"	"""left"""	"""TRUE"""	"1"	""""""	"""1"""	"""pizza"""	"7"	"0"	"""null"""	"-1"	"""deciding what bob is referring to"""	"0"	"""2"""	"""FALSE"""	"-1"
"What is he talking about? (1-2 mins)"	"Short and fun! A 1-2 minute word game about what someone is talking about."	"experiment, psychology, game"	"$0.20"	"Mon Nov 18 03:51:30 PST 2013"	"100"	"0"	"0"	"100"	"Reviewable"	"NotReviewed"	"1 scales"	"600"	"60000"	"Mon Nov 25 03:51:30 PST 2013"	"S04660"	"Approved"	""	"""olives"""	"-1"	"-1"	"6"	"2"	"0"	"0"	"1"	"0"	"""left"""	"""TRUE"""	"1"	"""No."""	"""1"""	"""pizza"""	"4"	"0"	"""null"""	"-1"	"""What pizzas some person likes."""	"0"	"""2"""	"""FALSE"""	"-1"
"What is he talking about? (1-2 mins)"	"Short and fun! A 1-2 minute word game about what someone is talking about."	"experiment, psychology, game"	"$0.20"	"Mon Nov 18 03:51:30 PST 2013"	"100"	"0"	"0"	"100"	"Reviewable"	"NotReviewed"	"1 scales"	"600"	"60000"	"Mon Nov 25 03:51:30 PST 2013"	"S80754"	"Approved"	""	"""olives"""	"-1"	"-1"	"5"	"2"	"0"	"0"	"1"	"0"	"""left"""	"""TRUE"""	"1"	""""""	"""1"""	"""pizza"""	"5"	"0"	"""null"""	"-1"	"""Pizza"""	"0"	"""2"""	"""FALSE"""	"-1"
"What is he talking about? (1-2 mins)"	"Short and fun! A 1-2 minute word game about what someone is talking about."	"experiment, psychology, game"	"$0.20"	"Mon Nov 18 03:51:30 PST 2013"	"100"	"0"	"0"	"100"	"Reviewable"	"NotReviewed"	"1 scales"	"600"	"60000"	"Mon Nov 25 03:51:30 PST 2013"	"S83798"	"Approved"	""	"""peppers"""	"-1"	"-1"	"5"	"2"	"0"	"0"	"1"	"0"	"""left"""	"""TRUE"""	"2"	"""no"""	"""1"""	"""pizza"""	"5"	"0"	"""null"""	"-1"	"""pizza"""	"0"	"""2"""	"""FALSE"""	"-1"
"What is he talking about? (1-2 mins)"	"Short and fun! A 1-2 minute word game about what someone is talking about."	"experiment, psychology, game"	"$0.20"	"Mon Nov 18 03:51:30 PST 2013"	"100"	"0"	"0"	"100"	"Reviewable"	"NotReviewed"	"1 scales"	"600"	"60000"	"Mon Nov 25 03:51:30 PST 2013"	"S14953"	"Approved"	""	"""peppers"""	"-1"	"-1"	"7"	"2"	"0"	"0"	"1"	"0"	"""left"""	"""TRUE"""	"1"	""""""	"""1"""	"""pizza"""	"6"	"0"	"""null"""	"-1"	"""Answering questions about a character"""	"0"	"""2"""	"""FALSE"""	"-1"
"What is he talking about? (1-2 mins)"	"Short and fun! A 1-2 minute word game about what someone is talking about."	"experiment, psychology, game"	"$0.20"	"Mon Nov 18 03:51:30 PST 2013"	"100"	"0"	"0"	"100"	"Reviewable"	"NotReviewed"	"1 scales"	"600"	"60000"	"Mon Nov 25 03:51:30 PST 2013"	"S58785"	"Approved"	""	"""peppers"""	"-1"	"-1"	"5"	"2"	"0"	"0"	"1"	"0"	"""right"""	"""TRUE"""	"1"	"""nope"""	"""1"""	"""pizza"""	"5"	"0"	"""null"""	"-1"	"""pizza toppings"""	"0"	"""2"""	"""FALSE"""	"-1"
"What is he talking about? (1-2 mins)"	"Short and fun! A 1-2 minute word game about what someone is talking about."	"experiment, psychology, game"	"$0.20"	"Mon Nov 18 03:51:30 PST 2013"	"100"	"0"	"0"	"100"	"Reviewable"	"NotReviewed"	"1 scales"	"600"	"60000"	"Mon Nov 25 03:51:30 PST 2013"	"S83467"	"Approved"	""	"""mushrooms"""	"-1"	"-1"	"7"	"2"	"0"	"0"	"1"	"0"	"""middle"""	"""TRUE"""	"1"	"""I accidentally selected the wrong dot on the scale for one of the questions and it wouldn't let me change it. :("""	"""1"""	"""pizza"""	"4"	"0"	"""null"""	"-1"	"""Pizza, Bob, and mushrooms"""	"0"	"""2"""	"""FALSE"""	"-1"
"What is he talking about? (1-2 mins)"	"Short and fun! A 1-2 minute word game about what someone is talking about."	"experiment, psychology, game"	"$0.20"	"Mon Nov 18 03:51:30 PST 2013"	"100"	"0"	"0"	"100"	"Reviewable"	"NotReviewed"	"1 scales"	"600"	"60000"	"Mon Nov 25 03:51:30 PST 2013"	"S50071"	"Approved"	""	"""mushrooms"""	"-1"	"-1"	"3"	"2"	"0"	"0"	"1"	"0"	"""right"""	"""TRUE"""	"7"	"""No"""	"""0"""	"""pizza"""	"4"	"0"	"""null"""	"-1"	"""What Bob meant"""	"0"	"""2"""	"""FALSE"""	"-1"
"What is he talking about? (1-2 mins)"	"Short and fun! A 1-2 minute word game about what someone is talking about."	"experiment, psychology, game"	"$0.20"	"Mon Nov 18 03:51:30 PST 2013"	"100"	"0"	"0"	"100"	"Reviewable"	"NotReviewed"	"1 scales"	"600"	"60000"	"Mon Nov 25 03:51:30 PST 2013"	"S87735"	"Approved"	""	"""peppers"""	"-1"	"-1"	"4"	"2"	"0"	"0"	"1"	"0"	"""middle"""	"""TRUE"""	"7"	"""weird survey"""	"""1"""	"""pizza"""	"4"	"0"	"""null"""	"-1"	"""bob likes pizza"""	"0"	"""2"""	"""FALSE"""	"-1"
"What is he talking about? (1-2 mins)"	"Short and fun! A 1-2 minute word game about what someone is talking about."	"experiment, psychology, game"	"$0.20"	"Mon Nov 18 03:51:30 PST 2013"	"100"	"0"	"0"	"100"	"Reviewable"	"NotReviewed"	"1 scales"	"600"	"60000"	"Mon Nov 25 03:51:30 PST 2013"	"S16326"	"Approved"	""	"""olives"""	"-1"	"-1"	"7"	"2"	"0"	"0"	"1"	"0"	"""right"""	"""TRUE"""	"1"	""""""	"""1"""	"""pizza"""	"5"	"0"	"""null"""	"-1"	"""I think it is about what you infer from a statement, using logic."""	"0"	"""2"""	"""FALSE"""	"-1"
"What is he talking about? (1-2 mins)"	"Short and fun! A 1-2 minute word game about what someone is talking about."	"experiment, psychology, game"	"$0.20"	"Mon Nov 18 03:51:30 PST 2013"	"100"	"0"	"0"	"100"	"Reviewable"	"NotReviewed"	"1 scales"	"600"	"60000"	"Mon Nov 25 03:51:30 PST 2013"	"S05938"	"Approved"	""	"""mushrooms"""	"-1"	"-1"	"7"	"2"	"0"	"0"	"1"	"0"	"""left"""	"""TRUE"""	"1"	"""could not unclick circles to change answers """	"""1"""	"""pizza"""	"7"	"0"	"""null"""	"-1"	"""does a variable in isolation appear to have a higher affect than one with neutral variables? """	"0"	"""2"""	"""FALSE"""	"-1"
"What is he talking about? (1-2 mins)"	"Short and fun! A 1-2 minute word game about what someone is talking about."	"experiment, psychology, game"	"$0.20"	"Mon Nov 18 03:51:30 PST 2013"	"100"	"0"	"0"	"100"	"Reviewable"	"NotReviewed"	"1 scales"	"600"	"60000"	"Mon Nov 25 03:51:30 PST 2013"	"S89123"	"Approved"	""	"""peppers"""	"-1"	"-1"	"6"	"2"	"0"	"0"	"1"	"0"	"""right"""	"""TRUE"""	"1"	""""""	"""1"""	"""pizza"""	"6"	"0"	"""null"""	"-1"	"""Pizzas"""	"0"	"""2"""	"""FALSE"""	"-1"
"What is he talking about? (1-2 mins)"	"Short and fun! A 1-2 minute word game about what someone is talking about."	"experiment, psychology, game"	"$0.20"	"Mon Nov 18 03:51:30 PST 2013"	"100"	"0"	"0"	"100"	"Reviewable"	"NotReviewed"	"1 scales"	"600"	"60000"	"Mon Nov 25 03:51:30 PST 2013"	"S29947"	"Approved"	""	"""olives"""	"-1"	"-1"	"5"	"2"	"0"	"0"	"1"	"0"	"""left"""	"""TRUE"""	"7"	"""None"""	"""1"""	"""pizza"""	"4"	"0"	"""null"""	"-1"	"""Find out what is Bob's favorite pizza."""	"0"	"""2"""	"""FALSE"""	"-1"
"What is he talking about? (1-2 mins)"	"Short and fun! A 1-2 minute word game about what someone is talking about."	"experiment, psychology, game"	"$0.20"	"Mon Nov 18 03:51:30 PST 2013"	"100"	"0"	"0"	"100"	"Reviewable"	"NotReviewed"	"1 scales"	"600"	"60000"	"Mon Nov 25 03:51:30 PST 2013"	"S03290"	"Approved"	""	"""peppers"""	"-1"	"-1"	"6"	"2"	"0"	"0"	"1"	"0"	"""middle"""	"""TRUE"""	"7"	""""""	"""1"""	"""pizza"""	"6"	"0"	"""null"""	"-1"	"""pizza"""	"0"	"""2"""	"""FALSE"""	"-1"
"What is he talking about? (1-2 mins)"	"Short and fun! A 1-2 minute word game about what someone is talking about."	"experiment, psychology, game"	"$0.20"	"Mon Nov 18 03:51:30 PST 2013"	"100"	"0"	"0"	"100"	"Reviewable"	"NotReviewed"	"1 scales"	"600"	"60000"	"Mon Nov 25 03:51:30 PST 2013"	"S56257"	"Approved"	""	"""mushrooms"""	"-1"	"-1"	"7"	"2"	"0"	"0"	"1"	"0"	"""middle"""	"""TRUE"""	"5"	"""accidentally recorded my clicks twice somehow, oh well"""	"""1"""	"""pizza"""	"4"	"0"	"""null"""	"-1"	"""unsure"""	"0"	"""2"""	"""FALSE"""	"-1"
"What is he talking about? (1-2 mins)"	"Short and fun! A 1-2 minute word game about what someone is talking about."	"experiment, psychology, game"	"$0.20"	"Mon Nov 18 03:51:30 PST 2013"	"100"	"0"	"0"	"100"	"Reviewable"	"NotReviewed"	"1 scales"	"600"	"60000"	"Mon Nov 25 03:51:30 PST 2013"	"S43303"	"Approved"	""	"""mushrooms"""	"-1"	"-1"	"5"	"2"	"0"	"0"	"1"	"0"	"""middle"""	"""TRUE"""	"3"	""""""	"""1"""	"""pizza"""	"3"	"0"	"""null"""	"-1"	"""pizza"""	"0"	"""2"""	"""FALSE"""	"-1"
"What is he talking about? (1-2 mins)"	"Short and fun! A 1-2 minute word game about what someone is talking about."	"experiment, psychology, game"	"$0.20"	"Mon Nov 18 03:51:30 PST 2013"	"100"	"0"	"0"	"100"	"Reviewable"	"NotReviewed"	"1 scales"	"600"	"60000"	"Mon Nov 25 03:51:30 PST 2013"	"S01652"	"Approved"	""	"""olives"""	"-1"	"-1"	"7"	"2"	"0"	"0"	"1"	"0"	"""left"""	"""TRUE"""	"5"	""""""	"""1"""	"""pizza"""	"7"	"0"	"""null"""	"-1"	"""bob and his love of pizza(w/olives)"""	"0"	"""2"""	"""FALSE"""	"-1"
"What is he talking about? (1-2 mins)"	"Short and fun! A 1-2 minute word game about what someone is talking about."	"experiment, psychology, game"	"$0.20"	"Mon Nov 18 03:51:30 PST 2013"	"100"	"0"	"0"	"100"	"Reviewable"	"NotReviewed"	"1 scales"	"600"	"60000"	"Mon Nov 25 03:51:30 PST 2013"	"S63631"	"Approved"	""	"""mushrooms"""	"-1"	"-1"	"5"	"2"	"0"	"0"	"1"	"0"	"""right"""	"""TRUE"""	"3"	"""I accidentally chose two numbers for the first pizza, and could not undo it, I meant to choose \""3\"" """	"""1"""	"""pizza"""	"7"	"0"	"""null"""	"-1"	"""Bob's love for pizza, and what he meant when he said he loves pizza with mushrooms. """	"0"	"""2"""	"""FALSE"""	"-1"
"What is he talking about? (1-2 mins)"	"Short and fun! A 1-2 minute word game about what someone is talking about."	"experiment, psychology, game"	"$0.20"	"Mon Nov 18 03:51:30 PST 2013"	"100"	"0"	"0"	"100"	"Reviewable"	"NotReviewed"	"1 scales"	"600"	"60000"	"Mon Nov 25 03:51:30 PST 2013"	"S45311"	"Approved"	""	"""mushrooms"""	"-1"	"-1"	"7"	"2"	"0"	"0"	"1"	"0"	"""left"""	"""TRUE"""	"1"	""""""	"""1"""	"""pizza"""	"5"	"0"	"""null"""	"-1"	"""activeness"""	"0"	"""2"""	"""FALSE"""	"-1"
"What is he talking about? (1-2 mins)"	"Short and fun! A 1-2 minute word game about what someone is talking about."	"experiment, psychology, game"	"$0.20"	"Mon Nov 18 03:51:30 PST 2013"	"100"	"0"	"0"	"100"	"Reviewable"	"NotReviewed"	"1 scales"	"600"	"60000"	"Mon Nov 25 03:51:30 PST 2013"	"S57374"	"Approved"	""	"""mushrooms"""	"-1"	"-1"	"7"	"2"	"0"	"0"	"1"	"0"	"""left"""	"""TRUE"""	"1"	"""This was fun. """	"""1"""	"""pizza"""	"4"	"0"	"""null"""	"-1"	"""Bobs favorite pizza"""	"0"	"""2"""	"""FALSE"""	"-1"
"What is he talking about? (1-2 mins)"	"Short and fun! A 1-2 minute word game about what someone is talking about."	"experiment, psychology, game"	"$0.20"	"Mon Nov 18 03:51:30 PST 2013"	"100"	"0"	"0"	"100"	"Reviewable"	"NotReviewed"	"1 scales"	"600"	"60000"	"Mon Nov 25 03:51:30 PST 2013"	"S26113"	"Approved"	""	"""olives"""	"-1"	"-1"	"6"	"2"	"0"	"0"	"1"	"0"	"""right"""	"""TRUE"""	"2"	"""none"""	"""1"""	"""pizza"""	"5"	"0"	"""null"""	"-1"	"""Pizza"""	"0"	"""1"""	"""FALSE"""	"-1"
"What is he talking about? (1-2 mins)"	"Short and fun! A 1-2 minute word game about what someone is talking about."	"experiment, psychology, game"	"$0.20"	"Mon Nov 18 03:51:30 PST 2013"	"100"	"0"	"0"	"100"	"Reviewable"	"NotReviewed"	"1 scales"	"600"	"60000"	"Mon Nov 25 03:51:30 PST 2013"	"S94429"	"Approved"	""	"""mushrooms"""	"-1"	"-1"	"7"	"2"	"0"	"0"	"1"	"0"	"""middle"""	"""TRUE"""	"1"	""""""	"""1"""	"""pizza"""	"6"	"0"	"""null"""	"-1"	"""pattern recognition"""	"0"	"""2"""	"""FALSE"""	"-1"
"What is he talking about? (1-2 mins)"	"Short and fun! A 1-2 minute word game about what someone is talking about."	"experiment, psychology, game"	"$0.20"	"Mon Nov 18 03:51:30 PST 2013"	"100"	"0"	"0"	"100"	"Reviewable"	"NotReviewed"	"1 scales"	"600"	"60000"	"Mon Nov 25 03:51:30 PST 2013"	"S34179"	"Approved"	""	"""mushrooms"""	"-1"	"-1"	"7"	"2"	"0"	"0"	"1"	"0"	"""right"""	"""TRUE"""	"2"	""""""	"""1"""	"""pizza"""	"6"	"0"	"""null"""	"-1"	"""Bob's favorite pizzas."""	"0"	"""2"""	"""FALSE"""	"-1"
"What is he talking about? (1-2 mins)"	"Short and fun! A 1-2 minute word game about what someone is talking about."	"experiment, psychology, game"	"$0.20"	"Mon Nov 18 03:51:30 PST 2013"	"100"	"0"	"0"	"100"	"Reviewable"	"NotReviewed"	"1 scales"	"600"	"60000"	"Mon Nov 25 03:51:30 PST 2013"	"S30205"	"Approved"	""	"""mushrooms"""	"-1"	"-1"	"7"	"2"	"0"	"0"	"1"	"0"	"""middle"""	"""TRUE"""	"1"	"""Now I want to have a pizza."""	"""1"""	"""pizza"""	"7"	"0"	"""null"""	"-1"	"""Pizza"""	"0"	"""2"""	"""FALSE"""	"-1"
"What is he talking about? (1-2 mins)"	"Short and fun! A 1-2 minute word game about what someone is talking about."	"experiment, psychology, game"	"$0.20"	"Mon Nov 18 03:51:30 PST 2013"	"100"	"0"	"0"	"100"	"Reviewable"	"NotReviewed"	"1 scales"	"600"	"60000"	"Mon Nov 25 03:51:30 PST 2013"	"S88306"	"Approved"	""	"""olives"""	"-1"	"-1"	"3"	"2"	"0"	"0"	"1"	"0"	"""middle"""	"""TRUE"""	"2"	"""Fun!"""	"""1"""	"""pizza"""	"6"	"0"	"""null"""	"-1"	"""Pizza"""	"0"	"""2"""	"""FALSE"""	"-1"
"What is he talking about? (1-2 mins)"	"Short and fun! A 1-2 minute word game about what someone is talking about."	"experiment, psychology, game"	"$0.20"	"Mon Nov 18 03:51:30 PST 2013"	"100"	"0"	"0"	"100"	"Reviewable"	"NotReviewed"	"1 scales"	"600"	"60000"	"Mon Nov 25 03:51:30 PST 2013"	"S44645"	"Approved"	""	"""mushrooms"""	"-1"	"-1"	"7"	"2"	"0"	"0"	"1"	"0"	"""left"""	"""TRUE"""	"2"	"""Thank you!"""	"""1"""	"""pizza"""	"4"	"0"	"""null"""	"-1"	"""Bob's affinity for pizza."""	"0"	"""2"""	"""FALSE"""	"-1"
"What is he talking about? (1-2 mins)"	"Short and fun! A 1-2 minute word game about what someone is talking about."	"experiment, psychology, game"	"$0.20"	"Mon Nov 18 03:51:30 PST 2013"	"100"	"0"	"0"	"100"	"Reviewable"	"NotReviewed"	"1 scales"	"600"	"60000"	"Mon Nov 25 03:51:30 PST 2013"	"S39211"	"Approved"	""	"""olives"""	"-1"	"-1"	"7"	"2"	"0"	"0"	"1"	"0"	"""right"""	"""TRUE"""	"2"	""""""	"""1"""	"""pizza"""	"7"	"0"	"""null"""	"-1"	"""What bobs favorite pizza was """	"0"	"""2"""	"""FALSE"""	"-1"
"What is he talking about? (1-2 mins)"	"Short and fun! A 1-2 minute word game about what someone is talking about."	"experiment, psychology, game"	"$0.20"	"Mon Nov 18 03:51:30 PST 2013"	"100"	"0"	"0"	"100"	"Reviewable"	"NotReviewed"	"1 scales"	"600"	"60000"	"Mon Nov 25 03:51:30 PST 2013"	"S33943"	"Approved"	""	"""mushrooms"""	"-1"	"-1"	"6"	"2"	"0"	"0"	"1"	"0"	"""left"""	"""TRUE"""	"1"	""""""	"""1"""	"""pizza"""	"5"	"0"	"""null"""	"-1"	"""Bob's Pizza"""	"0"	"""2"""	"""FALSE"""	"-1"
"What is he talking about? (1-2 mins)"	"Short and fun! A 1-2 minute word game about what someone is talking about."	"experiment, psychology, game"	"$0.20"	"Mon Nov 18 03:51:30 PST 2013"	"100"	"0"	"0"	"100"	"Reviewable"	"NotReviewed"	"1 scales"	"600"	"60000"	"Mon Nov 25 03:51:30 PST 2013"	"S28887"	"Approved"	""	"""mushrooms"""	"-1"	"-1"	"7"	"2"	"0"	"0"	"1"	"0"	"""left"""	"""TRUE"""	"1"	""""""	"""1"""	"""pizza"""	"4"	"0"	"""null"""	"-1"	"""Pizza"""	"0"	"""2"""	"""FALSE"""	"-1"
"What is he talking about? (1-2 mins)"	"Short and fun! A 1-2 minute word game about what someone is talking about."	"experiment, psychology, game"	"$0.20"	"Mon Nov 18 03:51:30 PST 2013"	"100"	"0"	"0"	"100"	"Reviewable"	"NotReviewed"	"1 scales"	"600"	"60000"	"Mon Nov 25 03:51:30 PST 2013"	"S48246"	"Approved"	""	"""peppers"""	"-1"	"-1"	"7"	"2"	"0"	"0"	"1"	"0"	"""left"""	"""TRUE"""	"1"	""""""	"""1"""	"""pizza"""	"6"	"0"	"""null"""	"-1"	"""Choosing Bob's favorite pizza only given his favorite topping"""	"0"	"""2"""	"""FALSE"""	"-1"
"What is he talking about? (1-2 mins)"	"Short and fun! A 1-2 minute word game about what someone is talking about."	"experiment, psychology, game"	"$0.20"	"Mon Nov 18 03:51:30 PST 2013"	"100"	"0"	"0"	"100"	"Reviewable"	"NotReviewed"	"1 scales"	"600"	"60000"	"Mon Nov 25 03:51:30 PST 2013"	"S95037"	"Approved"	""	"""peppers"""	"-1"	"-1"	"5"	"2"	"0"	"0"	"1"	"0"	"""middle"""	"""TRUE"""	"3"	"""Thanks for the HIT!"""	"""1"""	"""pizza"""	"6"	"0"	"""null"""	"-1"	"""How much Bob likes peppers on his pizza."""	"0"	"""2"""	"""FALSE"""	"-1"
"What is he talking about? (1-2 mins)"	"Short and fun! A 1-2 minute word game about what someone is talking about."	"experiment, psychology, game"	"$0.20"	"Mon Nov 18 03:51:30 PST 2013"	"100"	"0"	"0"	"100"	"Reviewable"	"NotReviewed"	"1 scales"	"600"	"60000"	"Mon Nov 25 03:51:30 PST 2013"	"S61750"	"Approved"	""	"""peppers"""	"-1"	"-1"	"5"	"2"	"0"	"0"	"1"	"0"	"""left"""	"""TRUE"""	"1"	""""""	"""1"""	"""pizza"""	"5"	"0"	"""null"""	"-1"	"""pizzas"""	"0"	"""2"""	"""FALSE"""	"-1"
"What is he talking about? (1-2 mins)"	"Short and fun! A 1-2 minute word game about what someone is talking about."	"experiment, psychology, game"	"$0.20"	"Mon Nov 18 03:51:30 PST 2013"	"100"	"0"	"0"	"100"	"Reviewable"	"NotReviewed"	"1 scales"	"600"	"60000"	"Mon Nov 25 03:51:30 PST 2013"	"S29877"	"Approved"	""	"""peppers"""	"-1"	"-1"	"7"	"2"	"0"	"0"	"1"	"0"	"""middle"""	"""TRUE"""	"1"	""""""	"""1"""	"""pizza"""	"5"	"0"	"""null"""	"-1"	"""Deriving a conclusion from a vague statement"""	"0"	"""2"""	"""FALSE"""	"-1"
"What is he talking about? (1-2 mins)"	"Short and fun! A 1-2 minute word game about what someone is talking about."	"experiment, psychology, game"	"$0.20"	"Mon Nov 18 03:51:30 PST 2013"	"100"	"0"	"0"	"100"	"Reviewable"	"NotReviewed"	"1 scales"	"600"	"60000"	"Mon Nov 25 03:51:30 PST 2013"	"S94689"	"Approved"	""	"""olives"""	"-1"	"-1"	"7"	"2"	"0"	"0"	"1"	"0"	"""middle"""	"""FALSE"""	"1"	""""""	"""1"""	"""pizza"""	"7"	"0"	"""null"""	"-1"	"""Joe liking pizza"""	"0"	"""2"""	"""FALSE"""	"-1"
"What is he talking about? (1-2 mins)"	"Short and fun! A 1-2 minute word game about what someone is talking about."	"experiment, psychology, game"	"$0.20"	"Mon Nov 18 03:51:30 PST 2013"	"100"	"0"	"0"	"100"	"Reviewable"	"NotReviewed"	"1 scales"	"600"	"60000"	"Mon Nov 25 03:51:30 PST 2013"	"S62656"	"Approved"	""	"""peppers"""	"-1"	"-1"	"6"	"2"	"0"	"0"	"1"	"0"	"""middle"""	"""TRUE"""	"1"	"""The radio buttons under the pizzas were confusing until you read the instructions. Perhaps put them below?"""	"""1"""	"""pizza"""	"5"	"0"	"""null"""	"-1"	"""To see which we believed was Bob's favorite pizza"""	"0"	"""2"""	"""FALSE"""	"-1"
"What is he talking about? (1-2 mins)"	"Short and fun! A 1-2 minute word game about what someone is talking about."	"experiment, psychology, game"	"$0.20"	"Mon Nov 18 03:51:30 PST 2013"	"100"	"0"	"0"	"100"	"Reviewable"	"NotReviewed"	"1 scales"	"600"	"60000"	"Mon Nov 25 03:51:30 PST 2013"	"S87782"	"Approved"	""	"""mushrooms"""	"-1"	"-1"	"7"	"2"	"0"	"0"	"1"	"0"	"""left"""	"""TRUE"""	"1"	""""""	"""1"""	"""pizza"""	"5"	"0"	"""null"""	"-1"	"""using basic information to reach a interpreted conclusion"""	"0"	"""1"""	"""FALSE"""	"-1"
"What is he talking about? (1-2 mins)"	"Short and fun! A 1-2 minute word game about what someone is talking about."	"experiment, psychology, game"	"$0.20"	"Mon Nov 18 03:51:30 PST 2013"	"100"	"0"	"0"	"100"	"Reviewable"	"NotReviewed"	"1 scales"	"600"	"60000"	"Mon Nov 25 03:51:30 PST 2013"	"S65180"	"Approved"	""	"""peppers"""	"-1"	"-1"	"6"	"2"	"0"	"0"	"1"	"0"	"""left"""	"""TRUE"""	"1"	"""For some reason, the survey let me pick two bubbles for one of the pizzas. I just meant to pick one."""	"""1"""	"""pizza"""	"5"	"0"	"""null"""	"-1"	"""Interpreting the meaning of language."""	"0"	"""2"""	"""FALSE"""	"-1"
"What is he talking about? (1-2 mins)"	"Short and fun! A 1-2 minute word game about what someone is talking about."	"experiment, psychology, game"	"$0.20"	"Mon Nov 18 03:51:30 PST 2013"	"100"	"0"	"0"	"100"	"Reviewable"	"NotReviewed"	"1 scales"	"600"	"60000"	"Mon Nov 25 03:51:30 PST 2013"	"S62028"	"Approved"	""	"""olives"""	"-1"	"-1"	"5"	"2"	"0"	"0"	"1"	"0"	"""left"""	"""TRUE"""	"1"	"""Great survey thanks!"""	"""1"""	"""pizza"""	"5"	"0"	"""null"""	"-1"	"""Determining certainty in an uncertain situation, using pizza as an example."""	"0"	"""2"""	"""FALSE"""	"-1"
"What is he talking about? (1-2 mins)"	"Short and fun! A 1-2 minute word game about what someone is talking about."	"experiment, psychology, game"	"$0.20"	"Mon Nov 18 03:51:30 PST 2013"	"100"	"0"	"0"	"100"	"Reviewable"	"NotReviewed"	"1 scales"	"600"	"60000"	"Mon Nov 25 03:51:30 PST 2013"	"S96194"	"Approved"	""	"""peppers"""	"-1"	"-1"	"4"	"2"	"0"	"0"	"1"	"0"	"""middle"""	"""TRUE"""	"7"	"""no"""	"""1"""	"""pizza"""	"4"	"0"	"""null"""	"-1"	"""don't know"""	"0"	"""2"""	"""FALSE"""	"-1"
"What is he talking about? (1-2 mins)"	"Short and fun! A 1-2 minute word game about what someone is talking about."	"experiment, psychology, game"	"$0.20"	"Mon Nov 18 03:51:30 PST 2013"	"100"	"0"	"0"	"100"	"Reviewable"	"NotReviewed"	"1 scales"	"600"	"60000"	"Mon Nov 25 03:51:30 PST 2013"	"S10871"	"Approved"	""	"""peppers"""	"-1"	"-1"	"7"	"2"	"0"	"0"	"1"	"0"	"""middle"""	"""TRUE"""	"4"	""""""	"""1"""	"""pizza"""	"7"	"0"	"""null"""	"-1"	"""pizza"""	"0"	"""1"""	"""FALSE"""	"-1"
"What is he talking about? (1-2 mins)"	"Short and fun! A 1-2 minute word game about what someone is talking about."	"experiment, psychology, game"	"$0.20"	"Mon Nov 18 03:51:30 PST 2013"	"100"	"0"	"0"	"100"	"Reviewable"	"NotReviewed"	"1 scales"	"600"	"60000"	"Mon Nov 25 03:51:30 PST 2013"	"S92352"	"Approved"	""	"""mushrooms"""	"-1"	"-1"	"7"	"2"	"0"	"0"	"1"	"0"	"""left"""	"""TRUE"""	"3"	""""""	"""1"""	"""pizza"""	"4"	"0"	"""null"""	"-1"	"""bobs favorite pizza"""	"0"	"""2"""	"""FALSE"""	"-1"
"What is he talking about? (1-2 mins)"	"Short and fun! A 1-2 minute word game about what someone is talking about."	"experiment, psychology, game"	"$0.20"	"Mon Nov 18 03:51:30 PST 2013"	"100"	"0"	"0"	"100"	"Reviewable"	"NotReviewed"	"1 scales"	"600"	"60000"	"Mon Nov 25 03:51:30 PST 2013"	"S07126"	"Approved"	""	"""olives"""	"-1"	"-1"	"7"	"2"	"0"	"0"	"1"	"0"	"""middle"""	"""TRUE"""	"2"	""""""	"""1"""	"""pizza"""	"6"	"0"	"""null"""	"-1"	"""the pizza bob likes"""	"0"	"""2"""	"""FALSE"""	"-1"
"What is he talking about? (1-2 mins)"	"Short and fun! A 1-2 minute word game about what someone is talking about."	"experiment, psychology, game"	"$0.20"	"Mon Nov 18 03:51:30 PST 2013"	"100"	"0"	"0"	"100"	"Reviewable"	"NotReviewed"	"1 scales"	"600"	"60000"	"Mon Nov 25 03:51:30 PST 2013"	"S75296"	"Approved"	""	"""olives"""	"-1"	"-1"	"6"	"2"	"0"	"0"	"1"	"0"	"""right"""	"""TRUE"""	"4"	""""""	"""1"""	"""pizza"""	"7"	"0"	"""null"""	"-1"	"""What do I know about Bob"""	"0"	"""2"""	"""FALSE"""	"-1"
"What is he talking about? (1-2 mins)"	"Short and fun! A 1-2 minute word game about what someone is talking about."	"experiment, psychology, game"	"$0.20"	"Mon Nov 18 03:51:30 PST 2013"	"100"	"0"	"0"	"100"	"Reviewable"	"NotReviewed"	"1 scales"	"600"	"60000"	"Mon Nov 25 03:51:30 PST 2013"	"S04784"	"Approved"	""	"""peppers"""	"-1"	"-1"	"6"	"2"	"0"	"0"	"1"	"0"	"""middle"""	"""TRUE"""	"1"	"""none."""	"""1"""	"""pizza"""	"5"	"0"	"""null"""	"-1"	"""communication and language."""	"0"	"""2"""	"""FALSE"""	"-1"
"What is he talking about? (1-2 mins)"	"Short and fun! A 1-2 minute word game about what someone is talking about."	"experiment, psychology, game"	"$0.20"	"Mon Nov 18 03:51:30 PST 2013"	"100"	"0"	"0"	"100"	"Reviewable"	"NotReviewed"	"1 scales"	"600"	"60000"	"Mon Nov 25 03:51:30 PST 2013"	"S03977"	"Approved"	""	"""mushrooms"""	"-1"	"-1"	"6"	"2"	"0"	"0"	"1"	"0"	"""middle"""	"""TRUE"""	"1"	""""""	"""1"""	"""pizza"""	"5"	"0"	"""null"""	"-1"	"""My interpretation of what is implied in a sentence."""	"0"	"""2"""	"""FALSE"""	"-1"
"What is he talking about? (1-2 mins)"	"Short and fun! A 1-2 minute word game about what someone is talking about."	"experiment, psychology, game"	"$0.20"	"Mon Nov 18 03:51:30 PST 2013"	"100"	"0"	"0"	"100"	"Reviewable"	"NotReviewed"	"1 scales"	"600"	"60000"	"Mon Nov 25 03:51:30 PST 2013"	"S94529"	"Approved"	""	"""peppers"""	"-1"	"-1"	"7"	"2"	"0"	"0"	"1"	"0"	"""right"""	"""TRUE"""	"1"	""""""	"""1"""	"""pizza"""	"6"	"0"	"""null"""	"-1"	"""Picking Bob's favorite pizza, based off the information given."""	"0"	"""2"""	"""FALSE"""	"-1"
"What is he talking about? (1-2 mins)"	"Short and fun! A 1-2 minute word game about what someone is talking about."	"experiment, psychology, game"	"$0.20"	"Mon Nov 18 03:51:30 PST 2013"	"100"	"0"	"0"	"100"	"Reviewable"	"NotReviewed"	"1 scales"	"600"	"60000"	"Mon Nov 25 03:51:30 PST 2013"	"S44308"	"Approved"	""	"""mushrooms"""	"-1"	"-1"	"7"	"2"	"0"	"0"	"1"	"0"	"""left"""	"""FALSE"""	"3"	"""I couldn't click out of the radio buttons so I may have more than one option chosen for each one. But I meant to put 4 for the first 2 and 1 for the last. And I may have forgotten the guy's name (I'm not good with remembering names) but I think it was Joe. Thanks! :)"""	"""1"""	"""pizza"""	"4"	"0"	"""null"""	"-1"	"""Which pizza Joe liked the best."""	"0"	"""2"""	"""FALSE"""	"-1"
