"HitTitle","Annotation","WorkerId","Status","Answer 1","Answer 2","Answer 3","Answer 4","Answer 5","Answer 6","Answer 7","Answer 8","Answer 9","Answer 10","Answer 11","Answer 12","Answer 13","Answer 14","Answer 15","Answer 16","Answer 17","Answer 18","Answer 19","Answer 20","Answer 21","Answer 22","Answer 23","Answer 24","Answer 25","Answer 26","Answer 27","Answer 28","Answer 29","Answer 30","Answer 31","Answer 32","Answer 33","Answer 34","Answer 35","Answer 36","Answer 37","Answer 38"
"Describing Objects","1 scales","S10804","Approved","""sundae""","""cherry""","""chocolate""","""whipped cream""","""right""","""middle""","0","-1","3","0","13","0","0","-1","-1","-1","""FALSE""","""null""","""FALSE""","-1","-1","-1","-1","-1","-1","""chocolate sauce and a cherry on top.""","2","""describing an ice cream sundae""","""""","""23""","""f""","0","0","2","1","0","""3""","-1"
"Describing Objects","1 scales","S54944","Approved","""sundae""","""cherry""","""chocolate""","""whipped cream""","""right""","""middle""","0","-1","3","0","13","0","0","-1","-1","-1","""TRUE""","""null""","""FALSE""","-1","-1","-1","-1","-1","-1","""strawbery""","2","""Bob adn sundae""","""""","""""","""M""","0","0","2","1","0","""3""","-1"
"Describing Objects","1 scales","S61175","Approved","""sundae""","""whipped cream""","""chocolate""","""cherry""","""left""","""middle""","0","-1","3","0","13","0","0","-1","-1","-1","""TRUE""","""null""","""FALSE""","-1","-1","-1","-1","-1","-1","""three plain scoops.""","0","""Describing things to others.""","""No""","""28""","""f""","0","0","0","2","1","""3""","-1"
"Describing Objects","1 scales","S76532","Approved","""snowman""","""scarf""","""hat""","""mittens""","""right""","""left""","0","-1","3","0","13","0","0","-1","-1","-1","""TRUE""","""null""","""FALSE""","-1","-1","-1","-1","-1","-1","""Its fully dressed with a hat and scarf""","2","""Conveying a message to another person ""","""""","""34""","""male""","0","0","0","2","1","""3""","-1"
"Describing Objects","1 scales","S04642","Approved","""Christmas tree""","""ornaments""","""star""","""lights""","""right""","""middle""","0","-1","3","0","13","0","0","-1","-1","-1","""TRUE""","""null""","""FALSE""","-1","-1","-1","-1","-1","-1","""a star on top and no lights""","1","""christams trees""","""great time""","""""","""m""","0","0","1","2","0","""3""","-1"
"Describing Objects","1 scales","S71897","Approved","""Christmas tree""","""lights""","""ornaments""","""star""","""middle""","""left""","0","-1","3","0","13","0","0","-1","-1","-1","""TRUE""","""null""","""FALSE""","-1","-1","-1","-1","-1","-1","""no ornaments""","0","""christmas trees""","""thank you""","""21""","""m""","0","0","0","2","1","""3""","-1"
"Describing Objects","1 scales","S88353","Approved","""sundae""","""chocolate""","""whipped cream""","""cherry""","""left""","""right""","0","-1","3","0","13","0","0","-1","-1","-1","""TRUE""","""null""","""FALSE""","-1","-1","-1","-1","-1","-1","""no toppings, just the plain three scoops.""","0","""Ice Cream Sundaes""","""""","""19""","""f""","0","0","2","1","0","""3""","-1"
"Describing Objects","1 scales","S34951","Approved","""boat""","""cabin""","""motor""","""sail""","""left""","""middle""","0","-1","3","0","13","0","0","-1","-1","-1","""TRUE""","""null""","""FALSE""","-1","-1","-1","-1","-1","-1","""the hood""","2","""describing boats""","""""","""28""","""f""","0","0","0","2","1","""3""","-1"
"Describing Objects","1 scales","S69756","Approved","""friend""","""mustache""","""hat""","""glasses""","""middle""","""right""","0","-1","3","0","13","0","0","-1","-1","-1","""TRUE""","""null""","""FALSE""","-1","-1","-1","-1","-1","-1","""the hat but not a moustache""","1","""language""","""""","""29""","""m""","0","0","0","2","1","""3""","-1"
"Describing Objects","1 scales","S25893","Approved","""Christmas tree""","""lights""","""star""","""ornaments""","""right""","""middle""","0","-1","3","0","13","0","0","-1","-1","-1","""TRUE""","""null""","""FALSE""","-1","-1","-1","-1","-1","-1","""a star on top but no other decorations.""","1","""Describing something with precise language""","""none""","""43""","""m""","0","0","1","2","0","""3""","-1"
"Describing Objects","1 scales","S26057","Approved","""snowman""","""hat""","""mittens""","""scarf""","""left""","""middle""","0","-1","3","0","13","0","0","-1","-1","-1","""FALSE""","""null""","""FALSE""","-1","-1","-1","-1","-1","-1","""the green hat and the purple gloves.""","2","""describing snowmen accurately.""","""Thank you!""","""29""","""Male""","0","0","0","1","2","""3""","-1"
"Describing Objects","1 scales","S16945","Rejected","""pizza""","""mushrooms""","""olives""","""peppers""","""right""","""left""","0","-1","3","0","13","0","0","-1","-1","-1","""TRUE""","""null""","""FALSE""","-1","-1","-1","-1","-1","-1","""A""","1","""pizza""","""""","""""","""""","0","0","0","2","1","""3""","-1"
"Describing Objects","1 scales","S57374","Approved","""snowman""","""scarf""","""mittens""","""hat""","""left""","""right""","0","-1","3","0","13","0","0","-1","-1","-1","""TRUE""","""null""","""FALSE""","-1","-1","-1","-1","-1","-1","""mittens, no scarf""","1","""describing which snowman to pick to another turker""","""This was fun. ""","""28""","""female""","0","0","0","2","1","""3""","-1"
"Describing Objects","1 scales","S89094","Rejected","""friend""","""hat""","""mustache""","""glasses""","""middle""","""right""","0","-1","3","0","13","0","0","-1","-1","-1","""TRUE""","""null""","""FALSE""","-1","-1","-1","-1","-1","-1","""C""","1","""friends""","""""","""""","""""","0","0","0","1","2","""3""","-1"
"Describing Objects","1 scales","S15448","Approved","""snowman""","""hat""","""mittens""","""scarf""","""middle""","""right""","0","-1","3","0","13","0","0","-1","-1","-1","""TRUE""","""null""","""FALSE""","-1","-1","-1","-1","-1","-1","""the green cap.""","2","""describing a snow man to another turker""","""hi""","""30""","""m""","0","0","0","1","2","""3""","-1"
"Describing Objects","1 scales","S57542","Approved","""sundae""","""chocolate""","""cherry""","""whipped cream""","""right""","""left""","0","-1","3","0","13","0","0","-1","-1","-1","""TRUE""","""null""","""FALSE""","-1","-1","-1","-1","-1","-1","""no toppings.""","0","""Conveying information""","""Mmm, sundaes""","""25""","""f""","0","0","1","0","2","""3""","-1"
"Describing Objects","1 scales","S40926","Approved","""friend""","""mustache""","""hat""","""glasses""","""right""","""left""","0","-1","3","0","13","0","0","-1","-1","-1","""FALSE""","""null""","""FALSE""","-1","-1","-1","-1","-1","-1","""Pick the face that has a hat, but no mustache.""","1","""I don't know.""","""I'm honestly not sure if it was Joe. It might have been bob. Maybe.""","""26""","""m""","0","0","0","2","1","""3""","-1"
"Describing Objects","1 scales","S59233","Approved","""pizza""","""peppers""","""olives""","""mushrooms""","""middle""","""right""","0","-1","3","0","13","0","0","-1","-1","-1","""TRUE""","""null""","""FALSE""","-1","-1","-1","-1","-1","-1","""the green ingredients on it.""","2","""describing a pizza to another turker""","""""","""23""","""m""","0","0","2","0","1","""3""","-1"
"Describing Objects","1 scales","S34571","Approved","""boat""","""motor""","""sail""","""cabin""","""right""","""left""","0","-1","3","0","13","0","0","-1","-1","-1","""TRUE""","""null""","""FALSE""","-1","-1","-1","-1","-1","-1","""a sail and portholes but no motor.""","1","""Describing images with words.""","""""","""19""","""f""","0","0","1","0","2","""3""","-1"
"Describing Objects","1 scales","S25021","Approved","""boat""","""motor""","""cabin""","""sail""","""left""","""middle""","0","-1","3","0","13","0","0","-1","-1","-1","""TRUE""","""null""","""FALSE""","-1","-1","-1","-1","-1","-1","""no motor on the end and the top part missing.""","0","""Describing to another turker which of the three boats to pick""","""""","""24""","""Male""","0","0","2","1","0","""3""","-1"
"Describing Objects","1 scales","S08309","Approved","""Christmas tree""","""ornaments""","""lights""","""star""","""right""","""left""","0","-1","3","0","13","0","0","-1","-1","-1","""TRUE""","""null""","""FALSE""","-1","-1","-1","-1","-1","-1","""no ornaments.""","0","""communication""","""""","""22""","""f""","0","0","2","1","0","""3""","-1"
"Describing Objects","1 scales","S44346","Approved","""pizza""","""mushrooms""","""olives""","""peppers""","""right""","""left""","0","-1","3","0","13","0","0","-1","-1","-1","""TRUE""","""null""","""FALSE""","-1","-1","-1","-1","-1","-1","""only cheese""","0","""Pizza""","""clear and had no issues""","""24""","""m""","0","0","1","0","2","""3""","-1"
"Describing Objects","1 scales","S88375","Approved","""boat""","""motor""","""sail""","""cabin""","""right""","""left""","0","-1","3","0","13","0","0","-1","-1","-1","""TRUE""","""null""","""FALSE""","-1","-1","-1","-1","-1","-1","""This is a boat with no sail or motor.""","0","""Telling Bob what I saw in the photo.""","""""","""55""","""male""","0","0","0","1","2","""3""","-1"
"Describing Objects","1 scales","S94989","Approved","""pizza""","""mushrooms""","""peppers""","""olives""","""left""","""right""","0","-1","3","0","13","0","0","-1","-1","-1","""TRUE""","""null""","""FALSE""","-1","-1","-1","-1","-1","-1","""only mozzarella on it.""","0","""Conveying a sentence to someone about pizza""","""""","""34""","""f""","0","0","0","2","1","""3""","-1"
"Describing Objects","1 scales","S98893","Approved","""Christmas tree""","""lights""","""star""","""ornaments""","""left""","""right""","0","-1","3","0","13","0","0","-1","-1","-1","""TRUE""","""null""","""FALSE""","-1","-1","-1","-1","-1","-1","""the lights""","2","""decision making""","""no""","""""","""m""","0","0","1","2","0","""3""","-1"
"Describing Objects","1 scales","S64903","Approved","""boat""","""cabin""","""motor""","""sail""","""right""","""left""","0","-1","3","0","13","0","0","-1","-1","-1","""TRUE""","""null""","""FALSE""","-1","-1","-1","-1","-1","-1","""a propeller in the back but no room on the top""","1","""Describing one picture from three""","""Nope, thanks!""","""20""","""m""","0","0","1","0","2","""3""","-1"
"Describing Objects","1 scales","S75126","Approved","""Christmas tree""","""lights""","""star""","""ornaments""","""middle""","""left""","0","-1","3","0","13","0","0","-1","-1","-1","""TRUE""","""null""","""FALSE""","-1","-1","-1","-1","-1","-1","""nothing on it.""","0","""Christmas trees""","""""","""""","""m""","0","0","0","1","2","""3""","-1"
"Describing Objects","1 scales","S39548","Approved","""boat""","""sail""","""cabin""","""motor""","""right""","""middle""","0","-1","3","0","13","0","0","-1","-1","-1","""TRUE""","""null""","""FALSE""","-1","-1","-1","-1","-1","-1","""a cabin, but no sail.""","1","""Bob, his sailboat rentals, and describing the boat to others.""","""no""","""""","""""","0","0","2","0","1","""3""","-1"
"Describing Objects","1 scales","S03752","Approved","""friend""","""hat""","""glasses""","""mustache""","""middle""","""left""","0","-1","3","0","13","0","0","-1","-1","-1","""TRUE""","""null""","""FALSE""","-1","-1","-1","-1","-1","-1","""glasses but no hat.""","1","""describing bob's friend""","""no""","""35""","""f""","0","0","1","2","0","""3""","-1"
"Describing Objects","1 scales","S88085","Approved","""friend""","""mustache""","""glasses""","""hat""","""left""","""right""","0","-1","3","0","13","0","0","-1","-1","-1","""TRUE""","""null""","""FALSE""","-1","-1","-1","-1","-1","-1","""the mustache""","2","""how people describe an object""","""""","""24""","""f""","0","0","1","0","2","""3""","-1"
"Describing Objects","1 scales","S18319","Approved","""sundae""","""whipped cream""","""chocolate""","""cherry""","""left""","""right""","0","-1","3","0","13","0","0","-1","-1","-1","""TRUE""","""null""","""FALSE""","-1","-1","-1","-1","-1","-1","""toppings""","2","""To see how we describe images with our words to other turkers""","""""","""24""","""f""","0","0","1","0","2","""3""","-1"
"Describing Objects","1 scales","S28658","Approved","""friend""","""glasses""","""hat""","""mustache""","""left""","""middle""","0","-1","3","0","13","0","0","-1","-1","-1","""TRUE""","""null""","""FALSE""","-1","-1","-1","-1","-1","-1","""The man has red glasses and a brown hat.""","2","""Bob and his friends that he visits, as well as describing one of them.""","""The artwork for Bob and his friends is vastly different, it's a bit odd.""","""30""","""f""","0","0","0","2","1","""3""","-1"
"Describing Objects","1 scales","S75372","Approved","""pizza""","""mushrooms""","""peppers""","""olives""","""right""","""middle""","0","-1","3","0","13","0","0","-1","-1","-1","""TRUE""","""null""","""FALSE""","-1","-1","-1","-1","-1","-1","""the most toppings""","2","""How people describe objects""","""""","""21""","""m""","0","0","2","1","0","""3""","-1"
"Describing Objects","1 scales","S80347","Approved","""friend""","""hat""","""glasses""","""mustache""","""middle""","""right""","0","-1","3","0","13","0","0","-1","-1","-1","""TRUE""","""null""","""FALSE""","-1","-1","-1","-1","-1","-1","""smiling wearing no hat or glasses.""","0","""bob's friends""","""none""","""55""","""f""","0","0","1","2","0","""3""","-1"
"Describing Objects","1 scales","S87213","Approved","""snowman""","""hat""","""scarf""","""mittens""","""middle""","""left""","0","-1","3","0","13","0","0","-1","-1","-1","""TRUE""","""null""","""FALSE""","-1","-1","-1","-1","-1","-1","""no scarf.""","0","""Communicating with other turkers by describing one of three snowman""","""""","""25""","""m""","0","0","0","2","1","""3""","-1"
"Describing Objects","1 scales","S88231","Approved","""boat""","""sail""","""motor""","""cabin""","""middle""","""left""","0","-1","3","0","13","0","0","-1","-1","-1","""TRUE""","""null""","""FALSE""","-1","-1","-1","-1","-1","-1","""no mast and no motor""","0","""To describe something using words""","""None""","""34""","""m""","0","0","1","0","2","""3""","-1"
"Describing Objects","1 scales","S69312","Approved","""sundae""","""chocolate""","""cherry""","""whipped cream""","""left""","""middle""","0","-1","3","0","13","0","0","-1","-1","-1","""FALSE""","""null""","""FALSE""","-1","-1","-1","-1","-1","-1","""chocolate topping and a cherry""","2","""Describing ice cream toppings.""","""I did not meet anyone else in the survey, so I dunno about that question above...""","""31""","""m""","0","0","1","0","2","""3""","-1"
"Describing Objects","1 scales","S36347","Approved","""snowman""","""scarf""","""hat""","""mittens""","""left""","""right""","0","-1","3","0","13","0","0","-1","-1","-1","""TRUE""","""null""","""FALSE""","-1","-1","-1","-1","-1","-1","""a hat but no scarf.""","1","""Language""","""""","""36""","""m""","0","0","0","2","1","""3""","-1"
"Describing Objects","1 scales","S29855","Approved","""pizza""","""peppers""","""olives""","""mushrooms""","""middle""","""right""","0","-1","3","0","13","0","0","-1","-1","-1","""TRUE""","""null""","""FALSE""","-1","-1","-1","-1","-1","-1","""cheese only ""","0","""describing a picture ""","""""","""43""","""m""","0","0","0","2","1","""3""","-1"
"Describing Objects","1 scales","S29890","Approved","""Christmas tree""","""lights""","""ornaments""","""star""","""left""","""middle""","0","-1","3","0","13","0","0","-1","-1","-1","""TRUE""","""null""","""FALSE""","-1","-1","-1","-1","-1","-1","""purple bulbs and no lights.""","1","""Describing a christmas tree to another Turker""","""""","""29""","""m""","0","0","2","1","0","""3""","-1"
"Describing Objects","1 scales","S13577","Approved","""boat""","""sail""","""motor""","""cabin""","""right""","""middle""","0","-1","3","0","13","0","0","-1","-1","-1","""FALSE""","""null""","""FALSE""","-1","-1","-1","-1","-1","-1","""the lightest shade of gray.""","0","""Describing how to pick a boat""","""None""","""26""","""m""","0","0","2","0","1","""3""","-1"
"Describing Objects","1 scales","S84202","Approved","""Christmas tree""","""ornaments""","""star""","""lights""","""right""","""left""","0","-1","3","0","13","0","0","-1","-1","-1","""TRUE""","""null""","""FALSE""","-1","-1","-1","-1","-1","-1","""a star on top and no ornaments""","1","""language, possibly finding common operational definitions""","""n/a""","""23""","""m""","0","0","0","2","1","""3""","-1"
"Describing Objects","1 scales","S20295","Approved","""pizza""","""mushrooms""","""peppers""","""olives""","""middle""","""right""","0","-1","3","0","13","0","0","-1","-1","-1","""TRUE""","""null""","""FALSE""","-1","-1","-1","-1","-1","-1","""cheese only.""","0","""Describing pizza.""","""Thank you very much.""","""24""","""M""","0","0","0","1","2","""3""","-1"
"Describing Objects","1 scales","S62178","Approved","""pizza""","""olives""","""mushrooms""","""peppers""","""middle""","""left""","0","-1","3","0","13","0","0","-1","-1","-1","""TRUE""","""null""","""FALSE""","-1","-1","-1","-1","-1","-1","""The plain one with no toppings, just cheese""","0","""Describing a pizza to a turker""","""""","""23""","""m""","0","0","1","2","0","""3""","-1"
"Describing Objects","1 scales","S19060","Approved","""friend""","""hat""","""mustache""","""glasses""","""left""","""middle""","0","-1","3","0","13","0","0","-1","-1","-1","""TRUE""","""null""","""FALSE""","-1","-1","-1","-1","-1","-1","""a moustache, pale skin, and no hat.""","1","""Describing images without losing focus.""","""""","""19""","""m""","0","0","1","0","2","""3""","-1"
"Describing Objects","1 scales","S40937","Approved","""friend""","""glasses""","""hat""","""mustache""","""left""","""right""","0","-1","3","0","13","0","0","-1","-1","-1","""TRUE""","""null""","""FALSE""","-1","-1","-1","-1","-1","-1","""the least bright color of yellow.""","0","""Describing a certain friend of his to another Turker so they pick the same one.""","""Maybe a little more open on the sentence option. Allowing me complete control as long as its one complete sentence.""","""24""","""m""","0","0","1","0","2","""3""","-1"
"Describing Objects","1 scales","S90354","Approved","""Christmas tree""","""lights""","""ornaments""","""star""","""right""","""middle""","0","-1","3","0","13","0","0","-1","-1","-1","""TRUE""","""null""","""FALSE""","-1","-1","-1","-1","-1","-1","""the lights""","2","""describing the choice that would help another turker know which tree I was describing""","""No""","""31""","""m""","0","0","0","1","2","""3""","-1"
"Describing Objects","1 scales","S86306","Approved","""sundae""","""chocolate""","""cherry""","""whipped cream""","""middle""","""left""","0","-1","3","0","13","0","0","-1","-1","-1","""TRUE""","""null""","""FALSE""","-1","-1","-1","-1","-1","-1","""chocolate syrup, a cherry and, and a darker container.""","2","""Discribing objects to another person seeing the same pictures""","""""","""24""","""m""","0","0","0","1","2","""3""","-1"
"Describing Objects","1 scales","S30394","Approved","""pizza""","""mushrooms""","""olives""","""peppers""","""middle""","""right""","0","-1","3","0","13","0","0","-1","-1","-1","""TRUE""","""null""","""FALSE""","-1","-1","-1","-1","-1","-1","""the black olive toppings without the mushrooms.""","1","""Describing which pizza you chose to a fellow Turker.""","""""","""38""","""m""","0","0","2","0","1","""3""","-1"
"Describing Objects","1 scales","S84912","Approved","""sundae""","""chocolate""","""cherry""","""whipped cream""","""right""","""left""","0","-1","3","0","13","0","0","-1","-1","-1","""TRUE""","""null""","""FALSE""","-1","-1","-1","-1","-1","-1","""the cherry on top.""","1","""How people describe images.""","""""","""24""","""f""","0","0","0","2","1","""3""","-1"
"Describing Objects","1 scales","S31032","Approved","""Christmas tree""","""lights""","""ornaments""","""star""","""middle""","""right""","0","-1","3","0","13","0","0","-1","-1","-1","""TRUE""","""null""","""FALSE""","-1","-1","-1","-1","-1","-1","""Only purple ornaments""","1","""Describing for another turker a tree""","""N/A""","""22""","""F""","0","0","1","0","2","""3""","-1"
"Describing Objects","1 scales","S40377","Approved","""snowman""","""scarf""","""mittens""","""hat""","""middle""","""left""","0","-1","3","0","13","0","0","-1","-1","-1","""FALSE""","""null""","""FALSE""","-1","-1","-1","-1","-1","-1","""the blue gloves but without the red scarf.""","1","""how to describe objects to other people""","""""","""27""","""m""","0","0","2","1","0","""3""","-1"
