"","cond","expt","matrix","prior","query","object","count","p","n","cil","cih","priorType","priorValue","grouper","speaker.p","preds","tuningData","depth","low","hi","ci_low","ci_hi"
"1","0.33","baserate","simple","prior","glasses","foil",1,0.0158730158730159,63,2.85110845628313e-05,0.0603906613722844,"foil",0.0526315789473684,"baserate-63",0,0,"keep",0,0,0,0,0
"2","0.33","baserate","simple","prior","glasses","logical",11,0.174603174603175,63,0.0908006564595695,0.27426365285653,"logical",0.543859649122807,"baserate-63",0.5,0.5,"keep",0,0,0,0.5,0.5
"3","0.33","baserate","simple","prior","glasses","target",51,0.80952380952381,63,0.70707160030733,0.896916231937255,"target",0.403508771929825,"baserate-63",0.5,0.5,"keep",0,0,0,0.5,0.5
"4","0.44","baserate","simple","prior","glasses","foil",2,0.0294117647058824,68,0.00232502360660842,0.0799697548438146,"foil",0.122448979591837,"baserate-68",0,0,"keep",0,0,0,0,0
"5","0.44","baserate","simple","prior","glasses","logical",6,0.0882352941176471,68,0.031917080030165,0.163514641891754,"logical",0.469387755102041,"baserate-68",0.5,0.5,"keep",0,0,0,0.5,0.5
"6","0.44","baserate","simple","prior","glasses","target",60,0.882352941176471,68,0.798737944887376,0.948527888258358,"target",0.408163265306122,"baserate-68",0.5,0.5,"keep",0,0,0,0.5,0.5
"7","0.11","baserate","simple","prior","glasses","foil",6,0.0833333333333333,72,0.0300468445274259,0.154773559188882,"foil",0.0377358490566038,"baserate-72",0,0,"keep",0,0,0,0,0
"8","0.11","baserate","simple","prior","glasses","logical",12,0.166666666666667,72,0.0893487815930055,0.258238429075166,"logical",0.773584905660377,"baserate-72",0.5,0.5,"keep",0,0,0,0.5,0.5
"9","0.11","baserate","simple","prior","glasses","target",54,0.75,72,0.646426434067955,0.842944840154049,"target",0.188679245283019,"baserate-72",0.5,0.5,"keep",0,0,0,0.5,0.5
"10","0.77","baserate","simple","prior","glasses","foil",1,0.0133333333333333,75,2.34607327908825e-05,0.0509465479373625,"foil",0.0196078431372549,"baserate-75",0,0,"keep",0,0,0,0,0
"11","0.77","baserate","simple","prior","glasses","logical",4,0.0533333333333333,75,0.0133422929160002,0.112397872837334,"logical",0.372549019607843,"baserate-75",0.5,0.5,"keep",0,0,0,0.5,0.5
"12","0.77","baserate","simple","prior","glasses","target",70,0.933333333333333,75,0.869093740892667,0.979285200394509,"target",0.607843137254902,"baserate-75",0.5,0.5,"keep",0,0,0,0.5,0.5
"13","none","color","simple","prior","glasses","foil",1,0.0263157894736842,38,5.14612055539293e-05,0.0983727358771635,"foil",0.365714285714286,"color-38",0,0,"keep",0,0,0,0,0
"14","none","color","simple","prior","glasses","logical",7,0.184210526315789,38,0.0778279022059476,0.31581128132108,"logical",0.428571428571429,"color-38",0.5,0.5,"keep",0,0,0,0.5,0.5
"15","none","color","simple","prior","glasses","target",30,0.789473684210526,38,0.652713086400107,0.903211275764544,"target",0.205714285714286,"color-38",0.5,0.5,"keep",0,0,0,0.5,0.5
"16","target","color","simple","prior","glasses","foil",1,0.0217391304347826,46,4.0955216577707e-05,0.081893655974384,"foil",0.205882352941176,"color-46",0,0,"keep",0,0,0,0,0
"17","target","color","simple","prior","glasses","logical",6,0.130434782608696,46,0.048521986343088,0.237114602850435,"logical",0.352941176470588,"color-46",0.5,0.5,"keep",0,0,0,0.5,0.5
"18","target","color","simple","prior","glasses","target",39,0.847826086956522,46,0.735548686312952,0.936922059755903,"target",0.441176470588235,"color-46",0.5,0.5,"keep",0,0,0,0.5,0.5
"19","foil","color","simple","prior","glasses","foil",2,0.0425531914893617,47,0.00346428479986783,0.114236215458185,"foil",0.407407407407407,"color-47",0,0,"keep",0,0,0,0,0
"20","foil","color","simple","prior","glasses","logical",6,0.127659574468085,47,0.0474015602761976,0.232364835821588,"logical",0.518518518518518,"color-47",0.5,0.5,"keep",0,0,0,0.5,0.5
"21","foil","color","simple","prior","glasses","target",39,0.829787234042553,47,0.714699429396725,0.923428813113716,"target",0.0740740740740741,"color-47",0.5,0.5,"keep",0,0,0,0.5,0.5
"22","logical","color","simple","prior","glasses","foil",3,0.0625,48,0.0111820820907555,0.143133885132119,"foil",0.125,"color-48",0,0,"keep",0,0,0,0,0
"23","logical","color","simple","prior","glasses","logical",19,0.395833333333333,48,0.264193731136893,0.534016169607373,"logical",0.583333333333333,"color-48",0.5,0.5,"keep",0,0,0,0.5,0.5
"24","logical","color","simple","prior","glasses","target",26,0.541666666666667,48,0.402875305109001,0.677842648442931,"target",0.291666666666667,"color-48",0.5,0.5,"keep",0,0,0,0.5,0.5
"25","0","complex","complex","prior","hat","foil",0,0,52,0,0.0360919878459957,"foil",0.397435897435897,"complex-52",0,0,"keep",0,0,0,0,0
"26","0","complex","complex","prior","hat","logical",50,0.961538461538462,52,0.896337927311284,0.996897421830261,"logical",0.371794871794872,"complex-52",1,1,"keep",0,0,0,1,1
"27","0","complex","complex","prior","hat","target",2,0.0384615384615385,52,0.00310257816973939,0.103662072688716,"target",0.230769230769231,"complex-52",0,0,"keep",0,0,0,0,0
"28","1","complex","complex","prior","mustache","foil",44,0.758620689655172,58,0.644104873861914,0.859543892252255,"foil",0.397435897435897,"complex-58",0.5,0.5,"keep",0,0,0,0.5,0.5
"29","1","complex","complex","prior","mustache","logical",11,0.189655172413793,58,0.0992588021695639,0.296429748915672,"logical",0.371794871794872,"complex-58",0,0,"keep",0,0,0,0,0
"30","1","complex","complex","prior","mustache","target",3,0.0517241379310345,58,0.00912335897362436,0.11937156768011,"target",0.230769230769231,"complex-58",0.5,0.5,"keep",0,0,0,0.5,0.5
"31","2","complex","complex","prior","glasses","foil",4,0.0645161290322581,62,0.0163140688028883,0.135078336330298,"foil",0.397435897435897,"complex-62",0,0,"keep",0,0,0,0,0
"32","2","complex","complex","prior","glasses","logical",25,0.403225806451613,62,0.285849088794854,0.525345403452077,"logical",0.371794871794872,"complex-62",0.5,0.5,"keep",0,0,0,0.5,0.5
"33","2","complex","complex","prior","glasses","target",33,0.532258064516129,62,0.409650108925198,0.653285853364369,"target",0.230769230769231,"complex-62",0.5,0.5,"keep",0,0,0,0.5,0.5
"34","favorite","lang","simple","prior","glasses","foil",0,0,176,0,0.0108385653707431,"foil",0.08,"lang-176",0,0,"keep",0,0,0,0,0
"35","favorite","lang","simple","prior","glasses","logical",83,0.471590909090909,176,0.39859494448369,0.54508593483241,"logical",0.71,"lang-176",0.5,0.5,"keep",0,0,0,0.5,0.5
"36","favorite","lang","simple","prior","glasses","target",93,0.528409090909091,176,0.45491406516759,0.60140505551631,"target",0.21,"lang-176",0.5,0.5,"keep",0,0,0,0.5,0.5
"37","least","lang","simple","prior","glasses","foil",6,0.0697674418604651,86,0.0249327173623007,0.130374142727258,"foil",0.793103448275862,"lang-86",0,0,"keep",0,0,0,0,0
"38","least","lang","simple","prior","glasses","logical",12,0.13953488372093,86,0.0740103601269703,0.218029682954544,"logical",0.137931034482759,"lang-86",0.5,0.5,"keep",0,0,0,0.5,0.5
"39","least","lang","simple","prior","glasses","target",68,0.790697674418605,86,0.700830021658064,0.870166719423344,"target",0.0689655172413793,"lang-86",0.5,0.5,"keep",0,0,0,0.5,0.5
"40","word","oddman","oddman","prior","glasses","foil",40,0.449438202247191,89,0.34835245691022,0.55226394283585,"foil",0.402298850574713,"oddman-89",0.5,0.5,"keep",0,0,0,0.5,0.5
"41","word","oddman","oddman","prior","glasses","logical",34,0.382022471910112,89,0.284478858345451,0.483627998770905,"logical",0.310344827586207,"oddman-89",0.5,0.5,"keep",0,0,0,0.5,0.5
"42","word","oddman","oddman","prior","glasses","target",15,0.168539325842697,89,0.0977132754491688,0.250859004329517,"target",0.28735632183908,"oddman-89",0,0,"keep",0,0,0,0,0
"43","patch","oddman","oddman","prior","glasses","foil",48,0.516129032258065,93,0.415602106641984,0.616124387468064,"foil",0.402298850574713,"oddman-93",0.5,0.5,"keep",0,0,0,0.5,0.5
"44","patch","oddman","oddman","prior","glasses","logical",38,0.408602150537634,93,0.311493975217463,0.508723499709036,"logical",0.310344827586207,"oddman-93",0.5,0.5,"keep",0,0,0,0.5,0.5
"45","patch","oddman","oddman","prior","glasses","target",7,0.0752688172043011,93,0.0298322224054412,0.135053806137833,"target",0.28735632183908,"oddman-93",0,0,"keep",0,0,0,0,0
"46","1","simple","simple","prior","glasses","foil",0,0,46,0,0.0406774312230883,"foil",0.365714285714286,"simple-46",0,0,"keep",0,0,0,0,0
"47","1","simple","simple","prior","glasses","logical",9,0.195652173913043,46,0.0943423672613376,0.317100629825791,"logical",0.428571428571429,"simple-46",0.5,0.5,"keep",0,0,0,0.5,0.5
"48","1","simple","simple","prior","glasses","target",37,0.804347826086957,46,0.682899370174209,0.905657632738663,"target",0.205714285714286,"simple-46",0.5,0.5,"keep",0,0,0,0.5,0.5
"49","0","simple","simple","prior","hat","foil",0,0,49,0,0.0382477868927334,"foil",0.365714285714286,"simple-49",0,0,"keep",0,0,0,0,0
"50","0","simple","simple","prior","hat","logical",48,0.979591836734694,49,0.922947403296308,0.999961966442339,"logical",0.428571428571429,"simple-49",1,1,"keep",0,0,0,1,1
"51","0","simple","simple","prior","hat","target",1,0.0204081632653061,49,3.80335576614601e-05,0.0770525967036921,"target",0.205714285714286,"simple-49",0,0,"keep",0,0,0,0,0
"52","twin","twins","twins","prior","hat","foil",5,0.108695652173913,46,0.034896058448651,0.208927155844989,"foil",0.551724137931034,"twins-46",0,0,"keep",0,0,0,0,0
"53","twin","twins","twins","prior","hat","logical",20.5,0.445652173913043,46,0.307487045045081,0.587371836648437,"logical",0.224137931034483,"twins-46",0.5,0.5,"keep",0,0,0,0.5,0.5
"54","twin","twins","twins","prior","hat","target",20.5,0.445652173913043,46,0.307487045045081,0.587371836648437,"target",0.224137931034483,"twins-46",0.5,0.5,"keep",0,0,0,0.5,0.5
"55","uniform","twins","twins","prior","mustache","foil",23,0.383333333333333,60,0.26572311123582,0.506848269182228,"foil",0.551724137931034,"twins-60",0.333333333333333,0.333333333333333,"keep",0,0,0,0.333333333333333,0.333333333333333
"56","uniform","twins","twins","prior","mustache","logical",18.5,0.308333333333333,60,0.198729004088965,0.427654893743864,"logical",0.224137931034483,"twins-60",0.333333333333333,0.333333333333333,"keep",0,0,0,0.333333333333333,0.333333333333333
"57","uniform","twins","twins","prior","mustache","target",18.5,0.308333333333333,60,0.198729004088965,0.427654893743864,"target",0.224137931034483,"twins-60",0.333333333333333,0.333333333333333,"keep",0,0,0,0.333333333333333,0.333333333333333
"58","0.33","baserate","simple","prior","glasses","foil",1,0.0158730158730159,63,2.85110845628313e-05,0.0603906613722844,"foil",0.0526315789473684,"baserate-63",0,0,"keep",1,0,0,0,0
"59","0.33","baserate","simple","prior","glasses","logical",11,0.174603174603175,63,0.0908006564595695,0.27426365285653,"logical",0.543859649122807,"baserate-63",0.5,0.31,"keep",1,-0.0766400491400493,0.0599999999999998,0.25,0.386640049140049
"60","0.33","baserate","simple","prior","glasses","target",51,0.80952380952381,63,0.70707160030733,0.896916231937255,"target",0.403508771929825,"baserate-63",0.5,0.69,"keep",1,-0.0599999999999997,0.0766400491400492,0.613359950859951,0.75
"61","0.44","baserate","simple","prior","glasses","foil",2,0.0294117647058824,68,0.00232502360660842,0.0799697548438146,"foil",0.122448979591837,"baserate-68",0,0,"keep",1,0,0,0,0
"62","0.44","baserate","simple","prior","glasses","logical",6,0.0882352941176471,68,0.031917080030165,0.163514641891754,"logical",0.469387755102041,"baserate-68",0.5,0.27710843373494,"keep",1,-0.0800344234079171,0.0666688732953796,0.21043956043956,0.357142857142857
"63","0.44","baserate","simple","prior","glasses","target",60,0.882352941176471,68,0.798737944887376,0.948527888258358,"target",0.408163265306122,"baserate-68",0.5,0.72289156626506,"keep",1,-0.0666688732953796,0.080034423407917,0.642857142857143,0.789560439560439
"64","0.11","baserate","simple","prior","glasses","foil",6,0.0833333333333333,72,0.0300468445274259,0.154773559188882,"foil",0.0377358490566038,"baserate-72",0,0,"keep",1,0,0,0,0
"65","0.11","baserate","simple","prior","glasses","logical",12,0.166666666666667,72,0.0893487815930055,0.258238429075166,"logical",0.773584905660377,"baserate-72",0.5,0.577464788732394,"keep",1,-0.13682092555332,0.11317907444668,0.464285714285714,0.714285714285714
"66","0.11","baserate","simple","prior","glasses","target",54,0.75,72,0.646426434067955,0.842944840154049,"target",0.188679245283019,"baserate-72",0.5,0.422535211267606,"keep",1,-0.11317907444668,0.13682092555332,0.285714285714286,0.535714285714286
"67","0.77","baserate","simple","prior","glasses","foil",1,0.0133333333333333,75,2.34607327908825e-05,0.0509465479373625,"foil",0.0196078431372549,"baserate-75",0,0,"keep",1,0,0,0,0
"68","0.77","baserate","simple","prior","glasses","logical",4,0.0533333333333333,75,0.0133422929160002,0.112397872837334,"logical",0.372549019607843,"baserate-75",0.5,0.169642857142857,"keep",1,-0.0504682539682541,0.0504577519081026,0.119185105234755,0.220111111111111
"69","0.77","baserate","simple","prior","glasses","target",70,0.933333333333333,75,0.869093740892667,0.979285200394509,"target",0.607843137254902,"baserate-75",0.5,0.830357142857143,"keep",1,-0.0504577519081026,0.0504682539682539,0.779888888888889,0.880814894765245
"70","none","color","simple","prior","glasses","foil",1,0.0263157894736842,38,5.14612055539293e-05,0.0983727358771635,"foil",0.365714285714286,"color-38",0,0,"keep",1,0,0,0,0
"71","none","color","simple","prior","glasses","logical",7,0.184210526315789,38,0.0778279022059476,0.31581128132108,"logical",0.428571428571429,"color-38",0.5,0.40983606557377,"keep",1,-0.0785329183834489,0.0614492861128221,0.348386779460948,0.488368983957219
"72","none","color","simple","prior","glasses","target",30,0.789473684210526,38,0.652713086400107,0.903211275764544,"target",0.205714285714286,"color-38",0.5,0.59016393442623,"keep",1,-0.0614492861128221,0.0785329183834487,0.511631016042781,0.651613220539052
"73","target","color","simple","prior","glasses","foil",1,0.0217391304347826,46,4.0955216577707e-05,0.081893655974384,"foil",0.205882352941176,"color-46",0,0,"keep",1,0,0,0,0
"74","target","color","simple","prior","glasses","logical",6,0.130434782608696,46,0.048521986343088,0.237114602850435,"logical",0.352941176470588,"color-46",0.5,0.210526315789474,"keep",1,-0.0930451127819549,0.0832535885167464,0.127272727272727,0.303571428571429
"75","target","color","simple","prior","glasses","target",39,0.847826086956522,46,0.735548686312952,0.936922059755903,"target",0.441176470588235,"color-46",0.5,0.789473684210526,"keep",1,-0.0832535885167464,0.0930451127819549,0.696428571428572,0.872727272727273
"76","foil","color","simple","prior","glasses","foil",2,0.0425531914893617,47,0.00346428479986783,0.114236215458185,"foil",0.407407407407407,"color-47",0,0,"keep",1,0,0,0,0
"77","foil","color","simple","prior","glasses","logical",6,0.127659574468085,47,0.0474015602761976,0.232364835821588,"logical",0.518518518518518,"color-47",0.5,0.7,"keep",1,-0.3,0.221739130434782,0.478260869565217,1
"78","foil","color","simple","prior","glasses","target",39,0.829787234042553,47,0.714699429396725,0.923428813113716,"target",0.0740740740740741,"color-47",0.5,0.3,"keep",1,-0.221739130434782,0.3,0,0.521739130434783
"79","logical","color","simple","prior","glasses","foil",3,0.0625,48,0.0111820820907555,0.143133885132119,"foil",0.125,"color-48",0,0,"keep",1,0,0,0,0
"80","logical","color","simple","prior","glasses","logical",19,0.395833333333333,48,0.264193731136893,0.534016169607373,"logical",0.583333333333333,"color-48",0.5,0.4,"keep",1,-0.155555555555556,0.133333333333333,0.266666666666667,0.555555555555555
"81","logical","color","simple","prior","glasses","target",26,0.541666666666667,48,0.402875305109001,0.677842648442931,"target",0.291666666666667,"color-48",0.5,0.6,"keep",1,-0.133333333333333,0.155555555555556,0.444444444444444,0.733333333333333
"82","0","complex","complex","prior","hat","foil",0,0,52,0,0.0360919878459957,"foil",0.397435897435897,"complex-52",0,0,"keep",1,0,0,0,0
"83","0","complex","complex","prior","hat","logical",50,0.961538461538462,52,0.896337927311284,0.996897421830261,"logical",0.371794871794872,"complex-52",1,1,"keep",1,0,0,1,1
"84","0","complex","complex","prior","hat","target",2,0.0384615384615385,52,0.00310257816973939,0.103662072688716,"target",0.230769230769231,"complex-52",0,0,"keep",1,0,0,0,0
"85","1","complex","complex","prior","mustache","foil",44,0.758620689655172,58,0.644104873861914,0.859543892252255,"foil",0.397435897435897,"complex-58",0.5,0.775,"keep",1,-0.0622407291011946,0.0780961791831352,0.696903820816864,0.837240729101194
"86","1","complex","complex","prior","mustache","logical",11,0.189655172413793,58,0.0992588021695639,0.296429748915672,"logical",0.371794871794872,"complex-58",0,0,"keep",1,0,0,0,0
"87","1","complex","complex","prior","mustache","target",3,0.0517241379310345,58,0.00912335897362436,0.11937156768011,"target",0.230769230769231,"complex-58",0.5,0.225,"keep",1,-0.0780961791831353,0.0622407291011945,0.162759270898806,0.303096179183136
"88","2","complex","complex","prior","glasses","foil",4,0.0645161290322581,62,0.0163140688028883,0.135078336330298,"foil",0.397435897435897,"complex-62",0,0,"keep",1,0,0,0,0
"89","2","complex","complex","prior","glasses","logical",25,0.403225806451613,62,0.285849088794854,0.525345403452077,"logical",0.371794871794872,"complex-62",0.5,0.517857142857143,"keep",1,-0.119637362637363,0.104877603215199,0.412979539641944,0.637494505494505
"90","2","complex","complex","prior","glasses","target",33,0.532258064516129,62,0.409650108925198,0.653285853364369,"target",0.230769230769231,"complex-62",0.5,0.482142857142857,"keep",1,-0.104877603215199,0.119637362637363,0.362505494505495,0.587020460358056
"91","favorite","lang","simple","prior","glasses","foil",0,0,176,0,0.0108385653707431,"foil",0.08,"lang-176",0,0,"keep",1,0,0,0,0
"92","favorite","lang","simple","prior","glasses","logical",83,0.471590909090909,176,0.39859494448369,0.54508593483241,"logical",0.71,"lang-176",0.5,0.529850746268657,"keep",1,-0.0893468540313057,0.0770269318882386,0.452823814380418,0.619197600299962
"93","favorite","lang","simple","prior","glasses","target",93,0.528409090909091,176,0.45491406516759,0.60140505551631,"target",0.21,"lang-176",0.5,0.470149253731343,"keep",1,-0.0770269318882386,0.0893468540313056,0.380802399700038,0.547176185619582
"94","least","lang","simple","prior","glasses","foil",6,0.0697674418604651,86,0.0249327173623007,0.130374142727258,"foil",0.793103448275862,"lang-86",0,0,"keep",1,0,0,0,0
"95","least","lang","simple","prior","glasses","logical",12,0.13953488372093,86,0.0740103601269703,0.218029682954544,"logical",0.137931034482759,"lang-86",0.5,0.400000000000001,"keep",1,-0.183333333333333,0.134751636503659,0.265248363496342,0.583333333333333
"96","least","lang","simple","prior","glasses","target",68,0.790697674418605,86,0.700830021658064,0.870166719423344,"target",0.0689655172413793,"lang-86",0.5,0.599999999999999,"keep",1,-0.134751636503659,0.183333333333333,0.416666666666667,0.734751636503658
"97","word","oddman","oddman","prior","glasses","foil",40,0.449438202247191,89,0.34835245691022,0.55226394283585,"foil",0.402298850574713,"oddman-89",0.5,0.564516129032258,"keep",1,-0.0855235535074243,0.0823732718894011,0.482142857142857,0.650039682539683
"98","word","oddman","oddman","prior","glasses","logical",34,0.382022471910112,89,0.284478858345451,0.483627998770905,"logical",0.310344827586207,"oddman-89",0.5,0.435483870967742,"keep",1,-0.082373271889401,0.0855235535074243,0.349960317460317,0.517857142857143
"99","word","oddman","oddman","prior","glasses","target",15,0.168539325842697,89,0.0977132754491688,0.250859004329517,"target",0.28735632183908,"oddman-89",0,0,"keep",1,0,0,0,0
"100","patch","oddman","oddman","prior","glasses","foil",48,0.516129032258065,93,0.415602106641984,0.616124387468064,"foil",0.402298850574713,"oddman-93",0.5,0.564516129032258,"keep",1,-0.0825426944971536,0.0792442930251281,0.48527183600713,0.647058823529412
"101","patch","oddman","oddman","prior","glasses","logical",38,0.408602150537634,93,0.311493975217463,0.508723499709036,"logical",0.310344827586207,"oddman-93",0.5,0.435483870967742,"keep",1,-0.0792442930251281,0.0825426944971536,0.352941176470588,0.51472816399287
"102","patch","oddman","oddman","prior","glasses","target",7,0.0752688172043011,93,0.0298322224054412,0.135053806137833,"target",0.28735632183908,"oddman-93",0,0,"keep",1,0,0,0,0
"103","1","simple","simple","prior","glasses","foil",0,0,46,0,0.0406774312230883,"foil",0.365714285714286,"simple-46",0,0,"keep",1,0,0,0,0
"104","1","simple","simple","prior","glasses","logical",9,0.195652173913043,46,0.0943423672613376,0.317100629825791,"logical",0.428571428571429,"simple-46",0.5,0.40983606557377,"keep",1,-0.0784380132885438,0.0594221324278784,0.350413933145892,0.488274078862314
"105","1","simple","simple","prior","glasses","target",37,0.804347826086957,46,0.682899370174209,0.905657632738663,"target",0.205714285714286,"simple-46",0.5,0.59016393442623,"keep",1,-0.0594221324278785,0.0784380132885437,0.511725921137686,0.649586066854108
"106","0","simple","simple","prior","hat","foil",0,0,49,0,0.0382477868927334,"foil",0.365714285714286,"simple-49",0,0,"keep",1,0,0,0,0
"107","0","simple","simple","prior","hat","logical",48,0.979591836734694,49,0.922947403296308,0.999961966442339,"logical",0.428571428571429,"simple-49",1,1,"keep",1,0,0,1,1
"108","0","simple","simple","prior","hat","target",1,0.0204081632653061,49,3.80335576614601e-05,0.0770525967036921,"target",0.205714285714286,"simple-49",0,0,"keep",1,0,0,0,0
"109","twin","twins","twins","prior","hat","foil",5,0.108695652173913,46,0.034896058448651,0.208927155844989,"foil",0.551724137931034,"twins-46",0,0,"keep",1,0,0,0,0
"110","twin","twins","twins","prior","hat","logical",20.5,0.445652173913043,46,0.307487045045081,0.587371836648437,"logical",0.224137931034483,"twins-46",0.5,0.5,"keep",1,-0.125178571428571,0.117647058823529,0.382352941176471,0.625178571428571
"111","twin","twins","twins","prior","hat","target",20.5,0.445652173913043,46,0.307487045045081,0.587371836648437,"target",0.224137931034483,"twins-46",0.5,0.5,"keep",1,-0.117647058823529,0.125178571428571,0.374821428571429,0.617647058823529
"112","uniform","twins","twins","prior","mustache","foil",23,0.383333333333333,60,0.26572311123582,0.506848269182228,"foil",0.551724137931034,"twins-60",0.333333333333333,0.434782608695652,"keep",1,-0.0788442256858996,0.0672639345593304,0.367518674136321,0.513626834381551
"113","uniform","twins","twins","prior","mustache","logical",18.5,0.308333333333333,60,0.198729004088965,0.427654893743864,"logical",0.224137931034483,"twins-60",0.333333333333333,0.282608695652174,"keep",1,-0.0705742903598156,0.0721374914636925,0.210471204188482,0.35318298601199
"114","uniform","twins","twins","prior","mustache","target",18.5,0.308333333333333,60,0.198729004088965,0.427654893743864,"target",0.224137931034483,"twins-60",0.333333333333333,0.282608695652174,"keep",1,-0.0718633230020564,0.067245644931641,0.215363050720533,0.354472018654231
"115","0.33","baserate","simple","prior","glasses","foil",1,0.0158730158730159,63,2.85110845628313e-05,0.0603906613722844,"foil",0.0526315789473684,"baserate-63",0,0,"keep",2,0,0,0,0
"116","0.33","baserate","simple","prior","glasses","logical",11,0.174603174603175,63,0.0908006564595695,0.27426365285653,"logical",0.543859649122807,"baserate-63",0.5,0.212328767123287,"keep",2,-0.0673491989784075,0.0506521204167006,0.161676646706587,0.279677966101695
"117","0.33","baserate","simple","prior","glasses","target",51,0.80952380952381,63,0.70707160030733,0.896916231937255,"target",0.403508771929825,"baserate-63",0.5,0.787671232876712,"keep",2,-0.0506521204167009,0.0673491989784073,0.720322033898305,0.838323353293413
"118","0.44","baserate","simple","prior","glasses","foil",2,0.0294117647058824,68,0.00232502360660842,0.0799697548438146,"foil",0.122448979591837,"baserate-68",0,0,"keep",2,0,0,0,0
"119","0.44","baserate","simple","prior","glasses","logical",6,0.0882352941176471,68,0.031917080030165,0.163514641891754,"logical",0.469387755102041,"baserate-68",0.5,0.186991869918699,"keep",2,-0.0705255484898081,0.0503688375175526,0.136623032401147,0.257517418408508
"120","0.44","baserate","simple","prior","glasses","target",60,0.882352941176471,68,0.798737944887376,0.948527888258358,"target",0.408163265306122,"baserate-68",0.5,0.813008130081301,"keep",2,-0.0503688375175526,0.070525548489808,0.742482581591493,0.863376967598853
"121","0.11","baserate","simple","prior","glasses","foil",6,0.0833333333333333,72,0.0300468445274259,0.154773559188882,"foil",0.0377358490566038,"baserate-72",0,0,"keep",2,0,0,0,0
"122","0.11","baserate","simple","prior","glasses","logical",12,0.166666666666667,72,0.0893487815930055,0.258238429075166,"logical",0.773584905660377,"baserate-72",0.5,0.45054945054945,"keep",2,-0.126957761396927,0.100658146201624,0.349891304347826,0.577507211946377
"123","0.11","baserate","simple","prior","glasses","target",54,0.75,72,0.646426434067955,0.842944840154049,"target",0.188679245283019,"baserate-72",0.5,0.54945054945055,"keep",2,-0.100658146201624,0.126957761396927,0.422492788053623,0.650108695652174
"124","0.77","baserate","simple","prior","glasses","foil",1,0.0133333333333333,75,2.34607327908825e-05,0.0509465479373625,"foil",0.0196078431372549,"baserate-75",0,0,"keep",2,0,0,0,0
"125","0.77","baserate","simple","prior","glasses","logical",4,0.0533333333333333,75,0.0133422929160002,0.112397872837334,"logical",0.372549019607843,"baserate-75",0.5,0.109195402298851,"keep",2,-0.0378968436904543,0.0310102311755658,0.0781851711232847,0.147092245989305
"126","0.77","baserate","simple","prior","glasses","target",70,0.933333333333333,75,0.869093740892667,0.979285200394509,"target",0.607843137254902,"baserate-75",0.5,0.89080459770115,"keep",2,-0.0310102311755658,0.0378968436904543,0.852907754010695,0.921814828876715
"127","none","color","simple","prior","glasses","foil",1,0.0263157894736842,38,5.14612055539293e-05,0.0983727358771635,"foil",0.365714285714286,"color-38",0,0,"keep",2,0,0,0,0
"128","none","color","simple","prior","glasses","logical",7,0.184210526315789,38,0.0778279022059476,0.31581128132108,"logical",0.428571428571429,"color-38",0.5,0.294117647058823,"keep",2,-0.0724268285697923,0.0523342535570183,0.241783393501805,0.366544475628616
"129","none","color","simple","prior","glasses","target",30,0.789473684210526,38,0.652713086400107,0.903211275764544,"target",0.205714285714286,"color-38",0.5,0.705882352941177,"keep",2,-0.0523342535570184,0.072426828569792,0.633455524371385,0.758216606498195
"130","target","color","simple","prior","glasses","foil",1,0.0217391304347826,46,4.0955216577707e-05,0.081893655974384,"foil",0.205882352941176,"color-46",0,0,"keep",2,0,0,0,0
"131","target","color","simple","prior","glasses","logical",6,0.130434782608696,46,0.048521986343088,0.237114602850435,"logical",0.352941176470588,"color-46",0.5,0.137931034482759,"keep",2,-0.0725952813067151,0.0540316017493739,0.0838994327333848,0.210526315789474
"132","target","color","simple","prior","glasses","target",39,0.847826086956522,46,0.735548686312952,0.936922059755903,"target",0.441176470588235,"color-46",0.5,0.862068965517241,"keep",2,-0.0540316017493738,0.0725952813067152,0.789473684210526,0.916100567266615
"133","foil","color","simple","prior","glasses","foil",2,0.0425531914893617,47,0.00346428479986783,0.114236215458185,"foil",0.407407407407407,"color-47",0,0,"keep",2,0,0,0,0
"134","foil","color","simple","prior","glasses","logical",6,0.127659574468085,47,0.0474015602761976,0.232364835821588,"logical",0.518518518518518,"color-47",0.5,0.583333333333333,"keep",2,-0.416666666666667,0.228494623655914,0.354838709677419,1
"135","foil","color","simple","prior","glasses","target",39,0.829787234042553,47,0.714699429396725,0.923428813113716,"target",0.0740740740740741,"color-47",0.5,0.416666666666667,"keep",2,-0.228494623655914,0.416666666666667,0,0.645161290322581
"136","logical","color","simple","prior","glasses","foil",3,0.0625,48,0.0111820820907555,0.143133885132119,"foil",0.125,"color-48",0,0,"keep",2,0,0,0,0
"137","logical","color","simple","prior","glasses","logical",19,0.395833333333333,48,0.264193731136893,0.534016169607373,"logical",0.583333333333333,"color-48",0.5,0.285714285714285,"keep",2,-0.173745173745174,0.0968008825151676,0.188913403199118,0.45945945945946
"138","logical","color","simple","prior","glasses","target",26,0.541666666666667,48,0.402875305109001,0.677842648442931,"target",0.291666666666667,"color-48",0.5,0.714285714285715,"keep",2,-0.0968008825151679,0.173745173745174,0.54054054054054,0.811086596800882
"139","0","complex","complex","prior","hat","foil",0,0,52,0,0.0360919878459957,"foil",0.397435897435897,"complex-52",0,0,"keep",2,0,0,0,0
"140","0","complex","complex","prior","hat","logical",50,0.961538461538462,52,0.896337927311284,0.996897421830261,"logical",0.371794871794872,"complex-52",1,1,"keep",2,0,0,1,1
"141","0","complex","complex","prior","hat","target",2,0.0384615384615385,52,0.00310257816973939,0.103662072688716,"target",0.230769230769231,"complex-52",0,0,"keep",2,0,0,0,0
"142","1","complex","complex","prior","mustache","foil",44,0.758620689655172,58,0.644104873861914,0.859543892252255,"foil",0.397435897435897,"complex-58",0.5,0.82824427480916,"keep",2,-0.055476655423398,0.0626707696302523,0.765573505178908,0.883720930232558
"143","1","complex","complex","prior","mustache","logical",11,0.189655172413793,58,0.0992588021695639,0.296429748915672,"logical",0.371794871794872,"complex-58",0,0,"keep",2,0,0,0,0
"144","1","complex","complex","prior","mustache","target",3,0.0517241379310345,58,0.00912335897362436,0.11937156768011,"target",0.230769230769231,"complex-58",0.5,0.17175572519084,"keep",2,-0.0626707696302523,0.0554766554233981,0.116279069767442,0.234426494821092
"145","2","complex","complex","prior","glasses","foil",4,0.0645161290322581,62,0.0163140688028883,0.135078336330298,"foil",0.397435897435897,"complex-62",0,0,"keep",2,0,0,0,0
"146","2","complex","complex","prior","glasses","logical",25,0.403225806451613,62,0.285849088794854,0.525345403452077,"logical",0.371794871794872,"complex-62",0.5,0.41726618705036,"keep",2,-0.100590955806783,0.0829640889080599,0.3343020981423,0.517857142857143
"147","2","complex","complex","prior","glasses","target",33,0.532258064516129,62,0.409650108925198,0.653285853364369,"target",0.230769230769231,"complex-62",0.5,0.58273381294964,"keep",2,-0.0829640889080599,0.100590955806783,0.482142857142857,0.6656979018577
"148","favorite","lang","simple","prior","glasses","foil",0,0,176,0,0.0108385653707431,"foil",0.08,"lang-176",0,0,"keep",2,0,0,0,0
"149","favorite","lang","simple","prior","glasses","logical",83,0.471590909090909,176,0.39859494448369,0.54508593483241,"logical",0.71,"lang-176",0.5,0.403409090909091,"keep",2,-0.096590909090909,0.0683913604126369,0.335017730496454,0.5
"150","favorite","lang","simple","prior","glasses","target",93,0.528409090909091,176,0.45491406516759,0.60140505551631,"target",0.21,"lang-176",0.5,0.596590909090909,"keep",2,-0.068391360412637,0.0965909090909091,0.5,0.664982269503546
"151","least","lang","simple","prior","glasses","foil",6,0.0697674418604651,86,0.0249327173623007,0.130374142727258,"foil",0.793103448275862,"lang-86",0,0,"keep",2,0,0,0,0
"152","least","lang","simple","prior","glasses","logical",12,0.13953488372093,86,0.0740103601269703,0.218029682954544,"logical",0.137931034482759,"lang-86",0.5,0.285714285714286,"keep",2,-0.173986486486486,0.11904761904762,0.166666666666667,0.459700772200772
"153","least","lang","simple","prior","glasses","target",68,0.790697674418605,86,0.700830021658064,0.870166719423344,"target",0.0689655172413793,"lang-86",0.5,0.714285714285714,"keep",2,-0.11904761904762,0.173986486486486,0.540299227799228,0.833333333333333
"154","word","oddman","oddman","prior","glasses","foil",40,0.449438202247191,89,0.34835245691022,0.55226394283585,"foil",0.402298850574713,"oddman-89",0.5,0.564516129032258,"keep",2,-0.0748281332628237,0.0823732718894011,0.482142857142857,0.639344262295082
"155","word","oddman","oddman","prior","glasses","logical",34,0.382022471910112,89,0.284478858345451,0.483627998770905,"logical",0.310344827586207,"oddman-89",0.5,0.435483870967742,"keep",2,-0.082373271889401,0.0748281332628238,0.360655737704918,0.517857142857143
"156","word","oddman","oddman","prior","glasses","target",15,0.168539325842697,89,0.0977132754491688,0.250859004329517,"target",0.28735632183908,"oddman-89",0,0,"keep",2,0,0,0,0
"157","patch","oddman","oddman","prior","glasses","foil",48,0.516129032258065,93,0.415602106641984,0.616124387468064,"foil",0.402298850574713,"oddman-93",0.5,0.564516129032258,"keep",2,-0.0825426944971536,0.0746631878557874,0.489852941176471,0.647058823529412
"158","patch","oddman","oddman","prior","glasses","logical",38,0.408602150537634,93,0.311493975217463,0.508723499709036,"logical",0.310344827586207,"oddman-93",0.5,0.435483870967742,"keep",2,-0.0746631878557875,0.0825426944971536,0.352941176470588,0.510147058823529
"159","patch","oddman","oddman","prior","glasses","target",7,0.0752688172043011,93,0.0298322224054412,0.135053806137833,"target",0.28735632183908,"oddman-93",0,0,"keep",2,0,0,0,0
"160","1","simple","simple","prior","glasses","foil",0,0,46,0,0.0406774312230883,"foil",0.365714285714286,"simple-46",0,0,"keep",2,0,0,0,0
"161","1","simple","simple","prior","glasses","logical",9,0.195652173913043,46,0.0943423672613376,0.317100629825791,"logical",0.428571428571429,"simple-46",0.5,0.294117647058823,"keep",2,-0.0607569049125028,0.052265288039777,0.241852359019046,0.354874551971326
"162","1","simple","simple","prior","glasses","target",37,0.804347826086957,46,0.682899370174209,0.905657632738663,"target",0.205714285714286,"simple-46",0.5,0.705882352941177,"keep",2,-0.052265288039777,0.0607569049125027,0.645125448028674,0.758147640980954
"163","0","simple","simple","prior","hat","foil",0,0,49,0,0.0382477868927334,"foil",0.365714285714286,"simple-49",0,0,"keep",2,0,0,0,0
"164","0","simple","simple","prior","hat","logical",48,0.979591836734694,49,0.922947403296308,0.999961966442339,"logical",0.428571428571429,"simple-49",1,1,"keep",2,0,0,1,1
"165","0","simple","simple","prior","hat","target",1,0.0204081632653061,49,3.80335576614601e-05,0.0770525967036921,"target",0.205714285714286,"simple-49",0,0,"keep",2,0,0,0,0
"166","twin","twins","twins","prior","hat","foil",5,0.108695652173913,46,0.034896058448651,0.208927155844989,"foil",0.551724137931034,"twins-46",0,0,"keep",2,0,0,0,0
"167","twin","twins","twins","prior","hat","logical",20.5,0.445652173913043,46,0.307487045045081,0.587371836648437,"logical",0.224137931034483,"twins-46",0.5,0.5,"keep",2,-0.115466448445172,0.121621621621622,0.378378378378378,0.615466448445172
"168","twin","twins","twins","prior","hat","target",20.5,0.445652173913043,46,0.307487045045081,0.587371836648437,"target",0.224137931034483,"twins-46",0.5,0.5,"keep",2,-0.121621621621622,0.115466448445172,0.384533551554828,0.621621621621622
"169","uniform","twins","twins","prior","mustache","foil",23,0.383333333333333,60,0.26572311123582,0.506848269182228,"foil",0.551724137931034,"twins-60",0.333333333333333,0.353728489483747,"keep",2,-0.0735316435760782,0.0620695280954322,0.291658961388315,0.427260133059825
"170","uniform","twins","twins","prior","mustache","logical",18.5,0.308333333333333,60,0.198729004088965,0.427654893743864,"logical",0.224137931034483,"twins-60",0.333333333333333,0.323135755258126,"keep",2,-0.0800540381913293,0.0879486913640076,0.235187063894119,0.403189793449456
"171","uniform","twins","twins","prior","mustache","target",18.5,0.308333333333333,60,0.198729004088965,0.427654893743864,"target",0.224137931034483,"twins-60",0.333333333333333,0.323135755258126,"keep",2,-0.0826521767189691,0.0843087284438828,0.238827026814244,0.405787931977096
"172","0.33","baserate","simple","prior","glasses","foil",1,0.0158730158730159,63,2.85110845628313e-05,0.0603906613722844,"foil",0.0526315789473684,"baserate-63",0,0,"keep",3,0,0,0,0
"173","0.33","baserate","simple","prior","glasses","logical",11,0.174603174603175,63,0.0908006564595695,0.27426365285653,"logical",0.543859649122807,"baserate-63",0.5,0.161458333333333,"keep",3,-0.049105046948357,0.0405444616493318,0.120913871684001,0.21056338028169
"174","0.33","baserate","simple","prior","glasses","target",51,0.80952380952381,63,0.70707160030733,0.896916231937255,"target",0.403508771929825,"baserate-63",0.5,0.838541666666667,"keep",3,-0.0405444616493317,0.0491050469483569,0.78943661971831,0.879086128315999
"175","0.44","baserate","simple","prior","glasses","foil",2,0.0294117647058824,68,0.00232502360660842,0.0799697548438146,"foil",0.122448979591837,"baserate-68",0,0,"keep",3,0,0,0,0
"176","0.44","baserate","simple","prior","glasses","logical",6,0.0882352941176471,68,0.031917080030165,0.163514641891754,"logical",0.469387755102041,"baserate-68",0.5,0.141104294478528,"keep",3,-0.0513002434296072,0.0429447852760738,0.098159509202454,0.192404537908135
"177","0.44","baserate","simple","prior","glasses","target",60,0.882352941176471,68,0.798737944887376,0.948527888258358,"target",0.408163265306122,"baserate-68",0.5,0.858895705521472,"keep",3,-0.0429447852760738,0.0513002434296071,0.807595462091865,0.901840490797546
"178","0.11","baserate","simple","prior","glasses","foil",6,0.0833333333333333,72,0.0300468445274259,0.154773559188882,"foil",0.0377358490566038,"baserate-72",0,0,"keep",3,0,0,0,0
"179","0.11","baserate","simple","prior","glasses","logical",12,0.166666666666667,72,0.0893487815930055,0.258238429075166,"logical",0.773584905660377,"baserate-72",0.5,0.369369369369369,"keep",3,-0.136512983571807,0.0935967001484239,0.275772669220945,0.505882352941177
"180","0.11","baserate","simple","prior","glasses","target",54,0.75,72,0.646426434067955,0.842944840154049,"target",0.188679245283019,"baserate-72",0.5,0.630630630630631,"keep",3,-0.0935967001484241,0.136512983571807,0.494117647058823,0.724227330779055
"181","0.77","baserate","simple","prior","glasses","foil",1,0.0133333333333333,75,2.34607327908825e-05,0.0509465479373625,"foil",0.0196078431372549,"baserate-75",0,0,"keep",3,0,0,0,0
"182","0.77","baserate","simple","prior","glasses","logical",4,0.0533333333333333,75,0.0133422929160002,0.112397872837334,"logical",0.372549019607843,"baserate-75",0.5,0.0805084745762712,"keep",3,-0.0280400192999288,0.0243469903849986,0.0561614841912726,0.1085484938762
"183","0.77","baserate","simple","prior","glasses","target",70,0.933333333333333,75,0.869093740892667,0.979285200394509,"target",0.607843137254902,"baserate-75",0.5,0.919491525423729,"keep",3,-0.0243469903849987,0.0280400192999287,0.8914515061238,0.943838515808728
"184","none","color","simple","prior","glasses","foil",1,0.0263157894736842,38,5.14612055539293e-05,0.0983727358771635,"foil",0.365714285714286,"color-38",0,0,"keep",3,0,0,0,0
"185","none","color","simple","prior","glasses","logical",7,0.184210526315789,38,0.0778279022059476,0.31581128132108,"logical",0.428571428571429,"color-38",0.5,0.229357798165138,"keep",3,-0.0548142797569403,0.0420460260908325,0.187311772074305,0.284172077922078
"186","none","color","simple","prior","glasses","target",30,0.789473684210526,38,0.652713086400107,0.903211275764544,"target",0.205714285714286,"color-38",0.5,0.770642201834863,"keep",3,-0.0420460260908323,0.0548142797569405,0.715827922077922,0.812688227925695
"187","target","color","simple","prior","glasses","foil",1,0.0217391304347826,46,4.0955216577707e-05,0.081893655974384,"foil",0.205882352941176,"color-46",0,0,"keep",3,0,0,0,0
"188","target","color","simple","prior","glasses","logical",6,0.130434782608696,46,0.048521986343088,0.237114602850435,"logical",0.352941176470588,"color-46",0.5,0.102564102564103,"keep",3,-0.0526083112290009,0.0358974358974359,0.0666666666666667,0.155172413793103
"189","target","color","simple","prior","glasses","target",39,0.847826086956522,46,0.735548686312952,0.936922059755903,"target",0.441176470588235,"color-46",0.5,0.897435897435897,"keep",3,-0.035897435897436,0.0526083112290008,0.844827586206897,0.933333333333333
"190","foil","color","simple","prior","glasses","foil",2,0.0425531914893617,47,0.00346428479986783,0.114236215458185,"foil",0.407407407407407,"color-47",0,0,"keep",3,0,0,0,0
"191","foil","color","simple","prior","glasses","logical",6,0.127659574468085,47,0.0474015602761976,0.232364835821588,"logical",0.518518518518518,"color-47",0.5,0.5,"keep",3,-0.5,0.229166666666666,0.270833333333333,1
"192","foil","color","simple","prior","glasses","target",39,0.829787234042553,47,0.714699429396725,0.923428813113716,"target",0.0740740740740741,"color-47",0.5,0.5,"keep",3,-0.229166666666666,0.5,0,0.729166666666667
"193","logical","color","simple","prior","glasses","foil",3,0.0625,48,0.0111820820907555,0.143133885132119,"foil",0.125,"color-48",0,0,"keep",3,0,0,0,0
"194","logical","color","simple","prior","glasses","logical",19,0.395833333333333,48,0.264193731136893,0.534016169607373,"logical",0.583333333333333,"color-48",0.5,0.222222222222222,"keep",3,-0.155555555555556,0.0837606837606834,0.138461538461538,0.377777777777778
"195","logical","color","simple","prior","glasses","target",26,0.541666666666667,48,0.402875305109001,0.677842648442931,"target",0.291666666666667,"color-48",0.5,0.777777777777778,"keep",3,-0.0837606837606836,0.155555555555556,0.622222222222222,0.861538461538462
"196","0","complex","complex","prior","hat","foil",0,0,52,0,0.0360919878459957,"foil",0.397435897435897,"complex-52",0,0,"keep",3,0,0,0,0
"197","0","complex","complex","prior","hat","logical",50,0.961538461538462,52,0.896337927311284,0.996897421830261,"logical",0.371794871794872,"complex-52",1,1,"keep",3,0,0,1,1
"198","0","complex","complex","prior","hat","target",2,0.0384615384615385,52,0.00310257816973939,0.103662072688716,"target",0.230769230769231,"complex-52",0,0,"keep",3,0,0,0,0
"199","1","complex","complex","prior","mustache","foil",44,0.758620689655172,58,0.644104873861914,0.859543892252255,"foil",0.397435897435897,"complex-58",0.5,0.862125854348338,"keep",3,-0.0463874099330479,0.0603027952714426,0.801823059076896,0.908513264281386
"200","1","complex","complex","prior","mustache","logical",11,0.189655172413793,58,0.0992588021695639,0.296429748915672,"logical",0.371794871794872,"complex-58",0,0,"keep",3,0,0,0,0
"201","1","complex","complex","prior","mustache","target",3,0.0517241379310345,58,0.00912335897362436,0.11937156768011,"target",0.230769230769231,"complex-58",0.5,0.137874145651662,"keep",3,-0.0603027952714427,0.0463874099330478,0.091486735718614,0.198176940923105
"202","2","complex","complex","prior","glasses","foil",4,0.0645161290322581,62,0.0163140688028883,0.135078336330298,"foil",0.397435897435897,"complex-62",0,0,"keep",3,0,0,0,0
"203","2","complex","complex","prior","glasses","logical",25,0.403225806451613,62,0.285849088794854,0.525345403452077,"logical",0.371794871794872,"complex-62",0.5,0.343479460992196,"keep",3,-0.0976280114595061,0.0832665036005893,0.260212957391606,0.441107472451702
"204","2","complex","complex","prior","glasses","target",33,0.532258064516129,62,0.409650108925198,0.653285853364369,"target",0.230769230769231,"complex-62",0.5,0.656520539007804,"keep",3,-0.0832665036005893,0.097628011459506,0.558892527548298,0.739787042608394
"205","favorite","lang","simple","prior","glasses","foil",0,0,176,0,0.0108385653707431,"foil",0.08,"lang-176",0,0,"keep",3,0,0,0,0
"206","favorite","lang","simple","prior","glasses","logical",83,0.471590909090909,176,0.39859494448369,0.54508593483241,"logical",0.71,"lang-176",0.5,0.325688073394495,"keep",3,-0.0978413383702105,0.0626021358944954,0.2630859375,0.423529411764706
"207","favorite","lang","simple","prior","glasses","target",93,0.528409090909091,176,0.45491406516759,0.60140505551631,"target",0.21,"lang-176",0.5,0.674311926605505,"keep",3,-0.0626021358944955,0.0978413383702105,0.576470588235294,0.7369140625
"208","least","lang","simple","prior","glasses","foil",6,0.0697674418604651,86,0.0249327173623007,0.130374142727258,"foil",0.793103448275862,"lang-86",0,0,"keep",3,0,0,0,0
"209","least","lang","simple","prior","glasses","logical",12,0.13953488372093,86,0.0740103601269703,0.218029682954544,"logical",0.137931034482759,"lang-86",0.5,0.222222222222223,"keep",3,-0.185051789077212,0.0894788593903643,0.132743362831858,0.407274011299435
"210","least","lang","simple","prior","glasses","target",68,0.790697674418605,86,0.700830021658064,0.870166719423344,"target",0.0689655172413793,"lang-86",0.5,0.777777777777777,"keep",3,-0.0894788593903643,0.185051789077212,0.592725988700565,0.867256637168141
"211","word","oddman","oddman","prior","glasses","foil",40,0.449438202247191,89,0.34835245691022,0.55226394283585,"foil",0.402298850574713,"oddman-89",0.5,0.564516129032258,"keep",3,-0.0806947890818857,0.0823732718894011,0.482142857142857,0.645210918114144
"212","word","oddman","oddman","prior","glasses","logical",34,0.382022471910112,89,0.284478858345451,0.483627998770905,"logical",0.310344827586207,"oddman-89",0.5,0.435483870967742,"keep",3,-0.082373271889401,0.0806947890818857,0.354789081885856,0.517857142857143
"213","word","oddman","oddman","prior","glasses","target",15,0.168539325842697,89,0.0977132754491688,0.250859004329517,"target",0.28735632183908,"oddman-89",0,0,"keep",3,0,0,0,0
"214","patch","oddman","oddman","prior","glasses","foil",48,0.516129032258065,93,0.415602106641984,0.616124387468064,"foil",0.402298850574713,"oddman-93",0.5,0.564516129032258,"keep",3,-0.0816829659903661,0.07892089093702,0.485595238095238,0.646199095022624
"215","patch","oddman","oddman","prior","glasses","logical",38,0.408602150537634,93,0.311493975217463,0.508723499709036,"logical",0.310344827586207,"oddman-93",0.5,0.435483870967742,"keep",3,-0.07892089093702,0.0816829659903663,0.353800904977376,0.514404761904762
"216","patch","oddman","oddman","prior","glasses","target",7,0.0752688172043011,93,0.0298322224054412,0.135053806137833,"target",0.28735632183908,"oddman-93",0,0,"keep",3,0,0,0,0
"217","1","simple","simple","prior","glasses","foil",0,0,46,0,0.0406774312230883,"foil",0.365714285714286,"simple-46",0,0,"keep",3,0,0,0,0
"218","1","simple","simple","prior","glasses","logical",9,0.195652173913043,46,0.0943423672613376,0.317100629825791,"logical",0.428571428571429,"simple-46",0.5,0.229357798165138,"keep",3,-0.0621720203309731,0.0488943835309912,0.180463414634146,0.291529818496111
"219","1","simple","simple","prior","glasses","target",37,0.804347826086957,46,0.682899370174209,0.905657632738663,"target",0.205714285714286,"simple-46",0.5,0.770642201834863,"keep",3,-0.0488943835309911,0.0621720203309732,0.708470181503889,0.819536585365854
"220","0","simple","simple","prior","hat","foil",0,0,49,0,0.0382477868927334,"foil",0.365714285714286,"simple-49",0,0,"keep",3,0,0,0,0
"221","0","simple","simple","prior","hat","logical",48,0.979591836734694,49,0.922947403296308,0.999961966442339,"logical",0.428571428571429,"simple-49",1,1,"keep",3,0,0,1,1
"222","0","simple","simple","prior","hat","target",1,0.0204081632653061,49,3.80335576614601e-05,0.0770525967036921,"target",0.205714285714286,"simple-49",0,0,"keep",3,0,0,0,0
"223","twin","twins","twins","prior","hat","foil",5,0.108695652173913,46,0.034896058448651,0.208927155844989,"foil",0.551724137931034,"twins-46",0,0,"keep",3,0,0,0,0
"224","twin","twins","twins","prior","hat","logical",20.5,0.445652173913043,46,0.307487045045081,0.587371836648437,"logical",0.224137931034483,"twins-46",0.5,0.5,"keep",3,-0.112277814351547,0.109823848238482,0.390176151761518,0.612277814351547
"225","twin","twins","twins","prior","hat","target",20.5,0.445652173913043,46,0.307487045045081,0.587371836648437,"target",0.224137931034483,"twins-46",0.5,0.5,"keep",3,-0.109823848238482,0.112277814351547,0.387722185648453,0.609823848238482
"226","uniform","twins","twins","prior","mustache","foil",23,0.383333333333333,60,0.26572311123582,0.506848269182228,"foil",0.551724137931034,"twins-60",0.333333333333333,0.296258412962913,"keep",3,-0.0558405711347995,0.0572400677453771,0.239018345217536,0.352098984097712
"227","uniform","twins","twins","prior","mustache","logical",18.5,0.308333333333333,60,0.198729004088965,0.427654893743864,"logical",0.224137931034483,"twins-60",0.333333333333333,0.351870793518544,"keep",3,-0.0886629621508538,0.0834532097425931,0.26841758377595,0.440533755669397
"228","uniform","twins","twins","prior","mustache","target",18.5,0.308333333333333,60,0.198729004088965,0.427654893743864,"target",0.224137931034483,"twins-60",0.333333333333333,0.351870793518544,"keep",3,-0.0740973007953126,0.0894268715267421,0.262443921991801,0.425968094313856
"229","0.33","baserate","simple","prior","glasses","foil",1,0.0158730158730159,63,2.85110845628313e-05,0.0603906613722844,"foil",0.0526315789473684,"baserate-63",0,0,"keep",4,0,0,0,0
"230","0.33","baserate","simple","prior","glasses","logical",11,0.174603174603175,63,0.0908006564595695,0.27426365285653,"logical",0.543859649122807,"baserate-63",0.5,0.130252100840336,"keep",4,-0.0468907563025212,0.0303888789558375,0.0998632218844986,0.177142857142857
"231","0.33","baserate","simple","prior","glasses","target",51,0.80952380952381,63,0.70707160030733,0.896916231937255,"target",0.403508771929825,"baserate-63",0.5,0.869747899159664,"keep",4,-0.0303888789558375,0.0468907563025212,0.822857142857143,0.900136778115502
"232","0.44","baserate","simple","prior","glasses","foil",2,0.0294117647058824,68,0.00232502360660842,0.0799697548438146,"foil",0.122448979591837,"baserate-68",0,0,"keep",4,0,0,0,0
"233","0.44","baserate","simple","prior","glasses","logical",6,0.0882352941176471,68,0.031917080030165,0.163514641891754,"logical",0.469387755102041,"baserate-68",0.5,0.113300492610838,"keep",4,-0.0467740415506531,0.030947551434367,0.0823529411764706,0.160074534161491
"234","0.44","baserate","simple","prior","glasses","target",60,0.882352941176471,68,0.798737944887376,0.948527888258358,"target",0.408163265306122,"baserate-68",0.5,0.886699507389162,"keep",4,-0.030947551434367,0.046774041550653,0.839925465838509,0.917647058823529
"235","0.11","baserate","simple","prior","glasses","foil",6,0.0833333333333333,72,0.0300468445274259,0.154773559188882,"foil",0.0377358490566038,"baserate-72",0,0,"keep",4,0,0,0,0
"236","0.11","baserate","simple","prior","glasses","logical",12,0.166666666666667,72,0.0893487815930055,0.258238429075166,"logical",0.773584905660377,"baserate-72",0.5,0.312977099236641,"keep",4,-0.124522900763359,0.0872540736526586,0.225723025583982,0.4375
"237","0.11","baserate","simple","prior","glasses","target",54,0.75,72,0.646426434067955,0.842944840154049,"target",0.188679245283019,"baserate-72",0.5,0.687022900763359,"keep",4,-0.0872540736526587,0.124522900763359,0.5625,0.774276974416018
"238","0.77","baserate","simple","prior","glasses","foil",1,0.0133333333333333,75,2.34607327908825e-05,0.0509465479373625,"foil",0.0196078431372549,"baserate-75",0,0,"keep",4,0,0,0,0
"239","0.77","baserate","simple","prior","glasses","logical",4,0.0533333333333333,75,0.0133422929160002,0.112397872837334,"logical",0.372549019607843,"baserate-75",0.5,0.0637583892617449,"keep",4,-0.0221899280459474,0.0192378413165395,0.0445205479452055,0.0859483173076923
"240","0.77","baserate","simple","prior","glasses","target",70,0.933333333333333,75,0.869093740892667,0.979285200394509,"target",0.607843137254902,"baserate-75",0.5,0.936241610738255,"keep",4,-0.0192378413165394,0.0221899280459474,0.914051682692308,0.955479452054794
"241","none","color","simple","prior","glasses","foil",1,0.0263157894736842,38,5.14612055539293e-05,0.0983727358771635,"foil",0.365714285714286,"color-38",0,0,"keep",4,0,0,0,0
"242","none","color","simple","prior","glasses","logical",7,0.184210526315789,38,0.0778279022059476,0.31581128132108,"logical",0.428571428571429,"color-38",0.5,0.18796992481203,"keep",4,-0.0529939306096567,0.0390765646510642,0.148893360160966,0.240963855421687
"243","none","color","simple","prior","glasses","target",30,0.789473684210526,38,0.652713086400107,0.903211275764544,"target",0.205714285714286,"color-38",0.5,0.81203007518797,"keep",4,-0.039076564651064,0.0529939306096568,0.759036144578313,0.851106639839034
"244","target","color","simple","prior","glasses","foil",1,0.0217391304347826,46,4.0955216577707e-05,0.081893655974384,"foil",0.205882352941176,"color-46",0,0,"keep",4,0,0,0,0
"245","target","color","simple","prior","glasses","logical",6,0.130434782608696,46,0.048521986343088,0.237114602850435,"logical",0.352941176470588,"color-46",0.5,0.0816326530612245,"keep",4,-0.0403185664509706,0.0316326530612245,0.05,0.121951219512195
"246","target","color","simple","prior","glasses","target",39,0.847826086956522,46,0.735548686312952,0.936922059755903,"target",0.441176470588235,"color-46",0.5,0.918367346938776,"keep",4,-0.0316326530612244,0.0403185664509706,0.878048780487805,0.95
"247","foil","color","simple","prior","glasses","foil",2,0.0425531914893617,47,0.00346428479986783,0.114236215458185,"foil",0.407407407407407,"color-47",0,0,"keep",4,0,0,0,0
"248","foil","color","simple","prior","glasses","logical",6,0.127659574468085,47,0.0474015602761976,0.232364835821588,"logical",0.518518518518518,"color-47",0.5,0.4375,"keep",4,-0.5625,0.200374143526866,0.237125856473134,1
"249","foil","color","simple","prior","glasses","target",39,0.829787234042553,47,0.714699429396725,0.923428813113716,"target",0.0740740740740741,"color-47",0.5,0.5625,"keep",4,-0.200374143526866,0.5625,0,0.762874143526866
"250","logical","color","simple","prior","glasses","foil",3,0.0625,48,0.0111820820907555,0.143133885132119,"foil",0.125,"color-48",0,0,"keep",4,0,0,0,0
"251","logical","color","simple","prior","glasses","logical",19,0.395833333333333,48,0.264193731136893,0.534016169607373,"logical",0.583333333333333,"color-48",0.5,0.181818181818182,"keep",4,-0.125874125874126,0.0658126197572916,0.11600556206089,0.307692307692308
"252","logical","color","simple","prior","glasses","target",26,0.541666666666667,48,0.402875305109001,0.677842648442931,"target",0.291666666666667,"color-48",0.5,0.818181818181818,"keep",4,-0.0658126197572917,0.125874125874126,0.692307692307692,0.88399443793911
"253","0","complex","complex","prior","hat","foil",0,0,52,0,0.0360919878459957,"foil",0.397435897435897,"complex-52",0,0,"keep",4,0,0,0,0
"254","0","complex","complex","prior","hat","logical",50,0.961538461538462,52,0.896337927311284,0.996897421830261,"logical",0.371794871794872,"complex-52",1,1,"keep",4,0,0,1,1
"255","0","complex","complex","prior","hat","target",2,0.0384615384615385,52,0.00310257816973939,0.103662072688716,"target",0.230769230769231,"complex-52",0,0,"keep",4,0,0,0,0
"256","1","complex","complex","prior","mustache","foil",44,0.758620689655172,58,0.644104873861914,0.859543892252255,"foil",0.397435897435897,"complex-58",0.5,0.885615754722719,"keep",4,-0.0351053287478886,0.0513417197963099,0.834274034926409,0.920721083470608
"257","1","complex","complex","prior","mustache","logical",11,0.189655172413793,58,0.0992588021695639,0.296429748915672,"logical",0.371794871794872,"complex-58",0,0,"keep",4,0,0,0,0
"258","1","complex","complex","prior","mustache","target",3,0.0517241379310345,58,0.00912335897362436,0.11937156768011,"target",0.230769230769231,"complex-58",0.5,0.114384245277281,"keep",4,-0.0513417197963099,0.0351053287478887,0.079278916529392,0.165725965073591
"259","2","complex","complex","prior","glasses","foil",4,0.0645161290322581,62,0.0163140688028883,0.135078336330298,"foil",0.397435897435897,"complex-62",0,0,"keep",4,0,0,0,0
"260","2","complex","complex","prior","glasses","logical",25,0.403225806451613,62,0.285849088794854,0.525345403452077,"logical",0.371794871794872,"complex-62",0.5,0.28973197249262,"keep",4,-0.0943998539144,0.0804333708092068,0.209298601683413,0.38413182640702
"261","2","complex","complex","prior","glasses","target",33,0.532258064516129,62,0.409650108925198,0.653285853364369,"target",0.230769230769231,"complex-62",0.5,0.71026802750738,"keep",4,-0.0804333708092068,0.0943998539143998,0.615868173592981,0.790701398316587
"262","favorite","lang","simple","prior","glasses","foil",0,0,176,0,0.0108385653707431,"foil",0.08,"lang-176",0,0,"keep",4,0,0,0,0
"263","favorite","lang","simple","prior","glasses","logical",83,0.471590909090909,176,0.39859494448369,0.54508593483241,"logical",0.71,"lang-176",0.5,0.273076923076923,"keep",4,-0.0747786740114106,0.0568650660586144,0.216211857018309,0.347855597088334
"264","favorite","lang","simple","prior","glasses","target",93,0.528409090909091,176,0.45491406516759,0.60140505551631,"target",0.21,"lang-176",0.5,0.726923076923077,"keep",4,-0.0568650660586143,0.0747786740114107,0.652144402911666,0.783788142981691
"265","least","lang","simple","prior","glasses","foil",6,0.0697674418604651,86,0.0249327173623007,0.130374142727258,"foil",0.793103448275862,"lang-86",0,0,"keep",4,0,0,0,0
"266","least","lang","simple","prior","glasses","logical",12,0.13953488372093,86,0.0740103601269703,0.218029682954544,"logical",0.137931034482759,"lang-86",0.5,0.181818181818182,"keep",4,-0.175324675324675,0.0749723153247601,0.106845866493422,0.357142857142857
"267","least","lang","simple","prior","glasses","target",68,0.790697674418605,86,0.700830021658064,0.870166719423344,"target",0.0689655172413793,"lang-86",0.5,0.818181818181818,"keep",4,-0.0749723153247601,0.175324675324675,0.642857142857143,0.893154133506578
"268","word","oddman","oddman","prior","glasses","foil",40,0.449438202247191,89,0.34835245691022,0.55226394283585,"foil",0.402298850574713,"oddman-89",0.5,0.564516129032258,"keep",4,-0.0749363918461828,0.0798359943521234,0.484680134680135,0.639452520878441
"269","word","oddman","oddman","prior","glasses","logical",34,0.382022471910112,89,0.284478858345451,0.483627998770905,"logical",0.310344827586207,"oddman-89",0.5,0.435483870967742,"keep",4,-0.0798359943521236,0.0749363918461828,0.360547479121559,0.515319865319865
"270","word","oddman","oddman","prior","glasses","target",15,0.168539325842697,89,0.0977132754491688,0.250859004329517,"target",0.28735632183908,"oddman-89",0,0,"keep",4,0,0,0,0
"271","patch","oddman","oddman","prior","glasses","foil",48,0.516129032258065,93,0.415602106641984,0.616124387468064,"foil",0.402298850574713,"oddman-93",0.5,0.564516129032258,"keep",4,-0.0912215758857745,0.0806720430107528,0.483844086021505,0.655737704918033
"272","patch","oddman","oddman","prior","glasses","logical",38,0.408602150537634,93,0.311493975217463,0.508723499709036,"logical",0.310344827586207,"oddman-93",0.5,0.435483870967742,"keep",4,-0.0806720430107528,0.0912215758857746,0.344262295081967,0.516155913978495
"273","patch","oddman","oddman","prior","glasses","target",7,0.0752688172043011,93,0.0298322224054412,0.135053806137833,"target",0.28735632183908,"oddman-93",0,0,"keep",4,0,0,0,0
"274","1","simple","simple","prior","glasses","foil",0,0,46,0,0.0406774312230883,"foil",0.365714285714286,"simple-46",0,0,"keep",4,0,0,0,0
"275","1","simple","simple","prior","glasses","logical",9,0.195652173913043,46,0.0943423672613376,0.317100629825791,"logical",0.428571428571429,"simple-46",0.5,0.18796992481203,"keep",4,-0.0461007059984772,0.0358029943586272,0.152166930453403,0.234070630810507
"276","1","simple","simple","prior","glasses","target",37,0.804347826086957,46,0.682899370174209,0.905657632738663,"target",0.205714285714286,"simple-46",0.5,0.81203007518797,"keep",4,-0.0358029943586269,0.0461007059984773,0.765929369189493,0.847833069546597
"277","0","simple","simple","prior","hat","foil",0,0,49,0,0.0382477868927334,"foil",0.365714285714286,"simple-49",0,0,"keep",4,0,0,0,0
"278","0","simple","simple","prior","hat","logical",48,0.979591836734694,49,0.922947403296308,0.999961966442339,"logical",0.428571428571429,"simple-49",1,1,"keep",4,0,0,1,1
"279","0","simple","simple","prior","hat","target",1,0.0204081632653061,49,3.80335576614601e-05,0.0770525967036921,"target",0.205714285714286,"simple-49",0,0,"keep",4,0,0,0,0
"280","twin","twins","twins","prior","hat","foil",5,0.108695652173913,46,0.034896058448651,0.208927155844989,"foil",0.551724137931034,"twins-46",0,0,"keep",4,0,0,0,0
"281","twin","twins","twins","prior","hat","logical",20.5,0.445652173913043,46,0.307487045045081,0.587371836648437,"logical",0.224137931034483,"twins-46",0.5,0.5,"keep",4,-0.122222222222222,0.115384615384615,0.384615384615385,0.622222222222222
"282","twin","twins","twins","prior","hat","target",20.5,0.445652173913043,46,0.307487045045081,0.587371836648437,"target",0.224137931034483,"twins-46",0.5,0.5,"keep",4,-0.115384615384615,0.122222222222222,0.377777777777778,0.615384615384615
"283","uniform","twins","twins","prior","mustache","foil",23,0.383333333333333,60,0.26572311123582,0.506848269182228,"foil",0.551724137931034,"twins-60",0.333333333333333,0.254013202725802,"keep",4,-0.0629701068629861,0.0483051472132251,0.205708055512577,0.316983309588788
"284","uniform","twins","twins","prior","mustache","logical",18.5,0.308333333333333,60,0.198729004088965,0.427654893743864,"logical",0.224137931034483,"twins-60",0.333333333333333,0.372993398637099,"keep",4,-0.0965414847766259,0.100629210916758,0.272364187720341,0.469534883413725
"285","uniform","twins","twins","prior","mustache","target",18.5,0.308333333333333,60,0.198729004088965,0.427654893743864,"target",0.224137931034483,"twins-60",0.333333333333333,0.372993398637099,"keep",4,-0.0861205410989384,0.0999508457066386,0.27304255293046,0.459113939736037
"286","0.33","baserate","simple","prior","glasses","foil",1,0.0158730158730159,63,2.85110845628313e-05,0.0603906613722844,"foil",0.0526315789473684,"baserate-63",0,0,"keep",5,0,0,0,0
"287","0.33","baserate","simple","prior","glasses","logical",11,0.174603174603175,63,0.0908006564595695,0.27426365285653,"logical",0.543859649122807,"baserate-63",0.5,0.109154929577465,"keep",5,-0.0373967945604664,0.0280933204178728,0.0810616091595919,0.146551724137931
"288","0.33","baserate","simple","prior","glasses","target",51,0.80952380952381,63,0.70707160030733,0.896916231937255,"target",0.403508771929825,"baserate-63",0.5,0.890845070422535,"keep",5,-0.0280933204178728,0.0373967945604663,0.853448275862069,0.918938390840408
"289","0.44","baserate","simple","prior","glasses","foil",2,0.0294117647058824,68,0.00232502360660842,0.0799697548438146,"foil",0.122448979591837,"baserate-68",0,0,"keep",5,0,0,0,0
"290","0.44","baserate","simple","prior","glasses","logical",6,0.0882352941176471,68,0.031917080030165,0.163514641891754,"logical",0.469387755102041,"baserate-68",0.5,0.094650205761317,"keep",5,-0.0414754486889448,0.0277008009994122,0.0669494047619048,0.136125654450262
"291","0.44","baserate","simple","prior","glasses","target",60,0.882352941176471,68,0.798737944887376,0.948527888258358,"target",0.408163265306122,"baserate-68",0.5,0.905349794238683,"keep",5,-0.0277008009994122,0.0414754486889448,0.863874345549738,0.933050595238095
"292","0.11","baserate","simple","prior","glasses","foil",6,0.0833333333333333,72,0.0300468445274259,0.154773559188882,"foil",0.0377358490566038,"baserate-72",0,0,"keep",5,0,0,0,0
"293","0.11","baserate","simple","prior","glasses","logical",12,0.166666666666667,72,0.0893487815930055,0.258238429075166,"logical",0.773584905660377,"baserate-72",0.5,0.271523178807947,"keep",5,-0.123247463393888,0.0778059013210358,0.193717277486911,0.394770642201835
"294","0.11","baserate","simple","prior","glasses","target",54,0.75,72,0.646426434067955,0.842944840154049,"target",0.188679245283019,"baserate-72",0.5,0.728476821192053,"keep",5,-0.0778059013210357,0.123247463393888,0.605229357798165,0.806282722513089
"295","0.77","baserate","simple","prior","glasses","foil",1,0.0133333333333333,75,2.34607327908825e-05,0.0509465479373625,"foil",0.0196078431372549,"baserate-75",0,0,"keep",5,0,0,0,0
"296","0.77","baserate","simple","prior","glasses","logical",4,0.0533333333333333,75,0.0133422929160002,0.112397872837334,"logical",0.372549019607843,"baserate-75",0.5,0.0527777777777778,"keep",5,-0.0167086270560591,0.0170719551643722,0.0357058226134056,0.0694864048338369
"297","0.77","baserate","simple","prior","glasses","target",70,0.933333333333333,75,0.869093740892667,0.979285200394509,"target",0.607843137254902,"baserate-75",0.5,0.947222222222222,"keep",5,-0.0170719551643721,0.0167086270560591,0.930513595166163,0.964294177386594
"298","none","color","simple","prior","glasses","foil",1,0.0263157894736842,38,5.14612055539293e-05,0.0983727358771635,"foil",0.365714285714286,"color-38",0,0,"keep",5,0,0,0,0
"299","none","color","simple","prior","glasses","logical",7,0.184210526315789,38,0.0778279022059476,0.31581128132108,"logical",0.428571428571429,"color-38",0.5,0.159235668789809,"keep",5,-0.0445367332025569,0.0344720328812384,0.12476363590857,0.203772401992366
"300","none","color","simple","prior","glasses","target",30,0.789473684210526,38,0.652713086400107,0.903211275764544,"target",0.205714285714286,"color-38",0.5,0.840764331210191,"keep",5,-0.0344720328812385,0.044536733202557,0.796227598007634,0.87523636409143
"301","target","color","simple","prior","glasses","foil",1,0.0217391304347826,46,4.0955216577707e-05,0.081893655974384,"foil",0.205882352941176,"color-46",0,0,"keep",5,0,0,0,0
"302","target","color","simple","prior","glasses","logical",6,0.130434782608696,46,0.048521986343088,0.237114602850435,"logical",0.352941176470588,"color-46",0.5,0.0677966101694915,"keep",5,-0.0378944467410776,0.024417573546724,0.0433790366227675,0.105691056910569
"303","target","color","simple","prior","glasses","target",39,0.847826086956522,46,0.735548686312952,0.936922059755903,"target",0.441176470588235,"color-46",0.5,0.932203389830509,"keep",5,-0.024417573546724,0.0378944467410777,0.894308943089431,0.956620963377233
"304","foil","color","simple","prior","glasses","foil",2,0.0425531914893617,47,0.00346428479986783,0.114236215458185,"foil",0.407407407407407,"color-47",0,0,"keep",5,0,0,0,0
"305","foil","color","simple","prior","glasses","logical",6,0.127659574468085,47,0.0474015602761976,0.232364835821588,"logical",0.518518518518518,"color-47",0.5,0.388888888888889,"keep",5,-0.611111111111111,0.174603174603174,0.214285714285714,1
"306","foil","color","simple","prior","glasses","target",39,0.829787234042553,47,0.714699429396725,0.923428813113716,"target",0.0740740740740741,"color-47",0.5,0.611111111111111,"keep",5,-0.174603174603174,0.611111111111111,0,0.785714285714286
"307","logical","color","simple","prior","glasses","foil",3,0.0625,48,0.0111820820907555,0.143133885132119,"foil",0.125,"color-48",0,0,"keep",5,0,0,0,0
"308","logical","color","simple","prior","glasses","logical",19,0.395833333333333,48,0.264193731136893,0.534016169607373,"logical",0.583333333333333,"color-48",0.5,0.153846153846154,"keep",5,-0.125038379297111,0.0629712392870285,0.0908749145591251,0.278884533143264
"309","logical","color","simple","prior","glasses","target",26,0.541666666666667,48,0.402875305109001,0.677842648442931,"target",0.291666666666667,"color-48",0.5,0.846153846153846,"keep",5,-0.0629712392870286,0.125038379297111,0.721115466856736,0.909125085440875
"310","0","complex","complex","prior","hat","foil",0,0,52,0,0.0360919878459957,"foil",0.397435897435897,"complex-52",0,0,"keep",5,0,0,0,0
"311","0","complex","complex","prior","hat","logical",50,0.961538461538462,52,0.896337927311284,0.996897421830261,"logical",0.371794871794872,"complex-52",1,1,"keep",5,0,0,1,1
"312","0","complex","complex","prior","hat","target",2,0.0384615384615385,52,0.00310257816973939,0.103662072688716,"target",0.230769230769231,"complex-52",0,0,"keep",5,0,0,0,0
"313","1","complex","complex","prior","mustache","foil",44,0.758620689655172,58,0.644104873861914,0.859543892252255,"foil",0.397435897435897,"complex-58",0.5,0.902673451542855,"keep",5,-0.0355249981142835,0.0399822645770378,0.862691186965818,0.938198449657139
"314","1","complex","complex","prior","mustache","logical",11,0.189655172413793,58,0.0992588021695639,0.296429748915672,"logical",0.371794871794872,"complex-58",0,0,"keep",5,0,0,0,0
"315","1","complex","complex","prior","mustache","target",3,0.0517241379310345,58,0.00912335897362436,0.11937156768011,"target",0.230769230769231,"complex-58",0.5,0.0973265484571446,"keep",5,-0.039982264577038,0.0355249981142835,0.0618015503428611,0.137308813034183
"316","2","complex","complex","prior","glasses","foil",4,0.0645161290322581,62,0.0163140688028883,0.135078336330298,"foil",0.397435897435897,"complex-62",0,0,"keep",5,0,0,0,0
"317","2","complex","complex","prior","glasses","logical",25,0.403225806451613,62,0.285849088794854,0.525345403452077,"logical",0.371794871794872,"complex-62",0.5,0.249555876256043,"keep",5,-0.0942880979921884,0.0682388056993619,0.181317070556681,0.343843974248231
"318","2","complex","complex","prior","glasses","target",33,0.532258064516129,62,0.409650108925198,0.653285853364369,"target",0.230769230769231,"complex-62",0.5,0.750444123743957,"keep",5,-0.0682388056993621,0.0942880979921885,0.656156025751769,0.818682929443319
"319","favorite","lang","simple","prior","glasses","foil",0,0,176,0,0.0108385653707431,"foil",0.08,"lang-176",0,0,"keep",5,0,0,0,0
"320","favorite","lang","simple","prior","glasses","logical",83,0.471590909090909,176,0.39859494448369,0.54508593483241,"logical",0.71,"lang-176",0.5,0.235099337748344,"keep",5,-0.0802533593470913,0.0487132633380339,0.18638607441031,0.315352697095436
"321","favorite","lang","simple","prior","glasses","target",93,0.528409090909091,176,0.45491406516759,0.60140505551631,"target",0.21,"lang-176",0.5,0.764900662251656,"keep",5,-0.0487132633380339,0.0802533593470914,0.684647302904564,0.81361392558969
"322","least","lang","simple","prior","glasses","foil",6,0.0697674418604651,86,0.0249327173623007,0.130374142727258,"foil",0.793103448275862,"lang-86",0,0,"keep",5,0,0,0,0
"323","least","lang","simple","prior","glasses","logical",12,0.13953488372093,86,0.0740103601269703,0.218029682954544,"logical",0.137931034482759,"lang-86",0.5,0.153846153846154,"keep",5,-0.112820512820512,0.0705128205128209,0.0833333333333333,0.266666666666667
"324","least","lang","simple","prior","glasses","target",68,0.790697674418605,86,0.700830021658064,0.870166719423344,"target",0.0689655172413793,"lang-86",0.5,0.846153846153846,"keep",5,-0.0705128205128209,0.112820512820512,0.733333333333333,0.916666666666667
"325","word","oddman","oddman","prior","glasses","foil",40,0.449438202247191,89,0.34835245691022,0.55226394283585,"foil",0.402298850574713,"oddman-89",0.5,0.564516129032258,"keep",5,-0.08666427970629,0.0735847564832383,0.49093137254902,0.651180408738548
"326","word","oddman","oddman","prior","glasses","logical",34,0.382022471910112,89,0.284478858345451,0.483627998770905,"logical",0.310344827586207,"oddman-89",0.5,0.435483870967742,"keep",5,-0.0735847564832386,0.0866642797062901,0.348819591261452,0.50906862745098
"327","word","oddman","oddman","prior","glasses","target",15,0.168539325842697,89,0.0977132754491688,0.250859004329517,"target",0.28735632183908,"oddman-89",0,0,"keep",5,0,0,0,0
"328","patch","oddman","oddman","prior","glasses","foil",48,0.516129032258065,93,0.415602106641984,0.616124387468064,"foil",0.402298850574713,"oddman-93",0.5,0.564516129032258,"keep",5,-0.0869990224828934,0.0812115313311088,0.483304597701149,0.651515151515152
"329","patch","oddman","oddman","prior","glasses","logical",38,0.408602150537634,93,0.311493975217463,0.508723499709036,"logical",0.310344827586207,"oddman-93",0.5,0.435483870967742,"keep",5,-0.0812115313311087,0.0869990224828933,0.348484848484849,0.51669540229885
"330","patch","oddman","oddman","prior","glasses","target",7,0.0752688172043011,93,0.0298322224054412,0.135053806137833,"target",0.28735632183908,"oddman-93",0,0,"keep",5,0,0,0,0
"331","1","simple","simple","prior","glasses","foil",0,0,46,0,0.0406774312230883,"foil",0.365714285714286,"simple-46",0,0,"keep",5,0,0,0,0
"332","1","simple","simple","prior","glasses","logical",9,0.195652173913043,46,0.0943423672613376,0.317100629825791,"logical",0.428571428571429,"simple-46",0.5,0.159235668789809,"keep",5,-0.0403183218205197,0.0328818781760905,0.126353790613718,0.199553990610329
"333","1","simple","simple","prior","glasses","target",37,0.804347826086957,46,0.682899370174209,0.905657632738663,"target",0.205714285714286,"simple-46",0.5,0.840764331210191,"keep",5,-0.0328818781760905,0.0403183218205198,0.800446009389671,0.873646209386282
"334","0","simple","simple","prior","hat","foil",0,0,49,0,0.0382477868927334,"foil",0.365714285714286,"simple-49",0,0,"keep",5,0,0,0,0
"335","0","simple","simple","prior","hat","logical",48,0.979591836734694,49,0.922947403296308,0.999961966442339,"logical",0.428571428571429,"simple-49",1,1,"keep",5,0,0,1,1
"336","0","simple","simple","prior","hat","target",1,0.0204081632653061,49,3.80335576614601e-05,0.0770525967036921,"target",0.205714285714286,"simple-49",0,0,"keep",5,0,0,0,0
"337","twin","twins","twins","prior","hat","foil",5,0.108695652173913,46,0.034896058448651,0.208927155844989,"foil",0.551724137931034,"twins-46",0,0,"keep",5,0,0,0,0
"338","twin","twins","twins","prior","hat","logical",20.5,0.445652173913043,46,0.307487045045081,0.587371836648437,"logical",0.224137931034483,"twins-46",0.5,0.5,"keep",5,-0.111324786324786,0.119047619047619,0.380952380952381,0.611324786324786
"339","twin","twins","twins","prior","hat","target",20.5,0.445652173913043,46,0.307487045045081,0.587371836648437,"target",0.224137931034483,"twins-46",0.5,0.5,"keep",5,-0.119047619047619,0.111324786324786,0.388675213675214,0.619047619047619
"340","uniform","twins","twins","prior","mustache","foil",23,0.383333333333333,60,0.26572311123582,0.506848269182228,"foil",0.551724137931034,"twins-60",0.333333333333333,0.221889034492763,"keep",5,-0.0581044758184489,0.0448355085784617,0.177053525914302,0.279993510311212
"341","uniform","twins","twins","prior","mustache","logical",18.5,0.308333333333333,60,0.198729004088965,0.427654893743864,"logical",0.224137931034483,"twins-60",0.333333333333333,0.389055482753618,"keep",5,-0.0899496592618761,0.0908783363894369,0.298177146364182,0.479005142015494
"342","uniform","twins","twins","prior","mustache","target",18.5,0.308333333333333,60,0.198729004088965,0.427654893743864,"target",0.224137931034483,"twins-60",0.333333333333333,0.389055482753618,"keep",5,-0.095416819529149,0.0903553243580089,0.298700158395609,0.484472302282767
