"title"	"description"	"keywords"	"reward"	"creationtime"	"assignments"	"numavailable"	"numpending"	"numcomplete"	"hitstatus"	"reviewstatus"	"annotation"	"assignmentduration"	"autoapprovaldelay"	"hitlifetime"	"workerid"	"assignmentstatus"	"deadline"	"Answer.item"	"Answer.target_property"	"Answer.target_frequency"	"Answer.target_position"	"Answer.familiarization_cond"	"Answer.participant_response_type_condition"	"Answer.participant_feature_count_condition"	"Answer.linguistic_framing_condition"	"Answer.target_filler_sequence_condition"	"Answer.question_type_condition"	"Answer.manip_check_target"	"Answer.manip_check_dist"	"Answer.name_check_correct"	"Answer.choice"	"Answer.choice_correct"	"Answer.money_allocated_to_foil"	"Answer.money_allocated_to_target"	"Answer.money_allocated_to_logical"	"Answer.Likert_value_foil"	"Answer.Likert_value_target"	"Answer.Likert_value_logical"	"Answer.about"	"Answer.comment"	"Answer.age"	"Answer.gender"	"Answer.familiarization_present_in_study"
"What is he talking about? (1-2 mins)"	"Short and fun! A 1-2 minute word game about what someone is talking about."	"experiment, psychology, game"	"$0.20"	"Sun Jan 12 18:00:26 PST 2014"	"100"	"0"	"0"	"100"	"Reviewable"	"NotReviewed"	"1 scales"	"600"	"60000"	"Sun Jan 19 18:00:26 PST 2014"	"S78280"	"Approved"	""	"""friend"""	"""glasses"""	"0"	"""right"""	"-1"	"0"	"1"	"2"	"0"	"0"	"""2"""	"""1"""	"""TRUE"""	"""logical"""	"""FALSE"""	"-1"	"-1"	"-1"	"-1"	"-1"	"-1"	"""Bob's decision"""	"""No"""	""""""	"""F"""	"0"
"What is he talking about? (1-2 mins)"	"Short and fun! A 1-2 minute word game about what someone is talking about."	"experiment, psychology, game"	"$0.20"	"Sun Jan 12 18:00:26 PST 2014"	"100"	"0"	"0"	"100"	"Reviewable"	"NotReviewed"	"1 scales"	"600"	"60000"	"Sun Jan 19 18:00:26 PST 2014"	"S90024"	"Approved"	""	"""snowman"""	"""hat"""	"0"	"""left"""	"-1"	"0"	"1"	"2"	"0"	"0"	"""2"""	"""1"""	"""TRUE"""	"""foil"""	"""FALSE"""	"-1"	"-1"	"-1"	"-1"	"-1"	"-1"	"""bob least favorite snowman"""	"""no"""	"""32"""	"""m"""	"0"
"What is he talking about? (1-2 mins)"	"Short and fun! A 1-2 minute word game about what someone is talking about."	"experiment, psychology, game"	"$0.20"	"Sun Jan 12 18:00:26 PST 2014"	"100"	"0"	"0"	"100"	"Reviewable"	"NotReviewed"	"1 scales"	"600"	"60000"	"Sun Jan 19 18:00:26 PST 2014"	"S37797"	"Approved"	""	"""pizza"""	"""mushrooms"""	"0"	"""right"""	"-1"	"0"	"1"	"2"	"0"	"0"	"""2"""	"""1"""	"""TRUE"""	"""logical"""	"""FALSE"""	"-1"	"-1"	"-1"	"-1"	"-1"	"-1"	"""bob likes pizza"""	""""""	""""""	"""f"""	"0"
"What is he talking about? (1-2 mins)"	"Short and fun! A 1-2 minute word game about what someone is talking about."	"experiment, psychology, game"	"$0.20"	"Sun Jan 12 18:00:26 PST 2014"	"100"	"0"	"0"	"100"	"Reviewable"	"NotReviewed"	"1 scales"	"600"	"60000"	"Sun Jan 19 18:00:26 PST 2014"	"S25199"	"Approved"	""	"""snowman"""	"""scarf"""	"0"	"""left"""	"-1"	"0"	"1"	"2"	"0"	"0"	"""2"""	"""1"""	"""FALSE"""	"""target"""	"""TRUE"""	"-1"	"-1"	"-1"	"-1"	"-1"	"-1"	"""My interpretation to what Joe is saying"""	""""""	"""38"""	"""f"""	"0"
"What is he talking about? (1-2 mins)"	"Short and fun! A 1-2 minute word game about what someone is talking about."	"experiment, psychology, game"	"$0.20"	"Sun Jan 12 18:00:26 PST 2014"	"100"	"0"	"0"	"100"	"Reviewable"	"NotReviewed"	"1 scales"	"600"	"60000"	"Sun Jan 19 18:00:26 PST 2014"	"S05857"	"Approved"	""	"""pizza"""	"""mushrooms"""	"0"	"""right"""	"-1"	"0"	"1"	"2"	"0"	"0"	"""2"""	"""1"""	"""TRUE"""	"""logical"""	"""FALSE"""	"-1"	"-1"	"-1"	"-1"	"-1"	"-1"	"""Some guy who likes pizza"""	"""it was either bob or tim but i think bob"""	"""21"""	"""M"""	"0"
"What is he talking about? (1-2 mins)"	"Short and fun! A 1-2 minute word game about what someone is talking about."	"experiment, psychology, game"	"$0.20"	"Sun Jan 12 18:00:26 PST 2014"	"100"	"0"	"0"	"100"	"Reviewable"	"NotReviewed"	"1 scales"	"600"	"60000"	"Sun Jan 19 18:00:26 PST 2014"	"S97910"	"Approved"	""	"""friend"""	"""glasses"""	"0"	"""middle"""	"-1"	"0"	"1"	"2"	"0"	"0"	"""2"""	"""1"""	"""TRUE"""	"""target"""	"""TRUE"""	"-1"	"-1"	"-1"	"-1"	"-1"	"-1"	"""Bob's least favorite friedn"""	"""Nope"""	"""27"""	"""m"""	"0"
"What is he talking about? (1-2 mins)"	"Short and fun! A 1-2 minute word game about what someone is talking about."	"experiment, psychology, game"	"$0.20"	"Sun Jan 12 18:00:26 PST 2014"	"100"	"0"	"0"	"100"	"Reviewable"	"NotReviewed"	"1 scales"	"600"	"60000"	"Sun Jan 19 18:00:26 PST 2014"	"S71495"	"Approved"	""	"""snowman"""	"""mittens"""	"0"	"""left"""	"-1"	"0"	"1"	"2"	"0"	"0"	"""2"""	"""1"""	"""TRUE"""	"""target"""	"""TRUE"""	"-1"	"-1"	"-1"	"-1"	"-1"	"-1"	"""If  you could figure out which snowman was Bob's favorite."""	"""Thanks!"""	"""40"""	"""F"""	"0"
"What is he talking about? (1-2 mins)"	"Short and fun! A 1-2 minute word game about what someone is talking about."	"experiment, psychology, game"	"$0.20"	"Sun Jan 12 18:00:26 PST 2014"	"100"	"0"	"0"	"100"	"Reviewable"	"NotReviewed"	"1 scales"	"600"	"60000"	"Sun Jan 19 18:00:26 PST 2014"	"S50147"	"Approved"	""	"""snowman"""	"""scarf"""	"0"	"""middle"""	"-1"	"0"	"1"	"2"	"0"	"0"	"""2"""	"""1"""	"""TRUE"""	"""target"""	"""TRUE"""	"-1"	"-1"	"-1"	"-1"	"-1"	"-1"	"""A kid making snowmen"""	""""""	"""29"""	"""m"""	"0"
"What is he talking about? (1-2 mins)"	"Short and fun! A 1-2 minute word game about what someone is talking about."	"experiment, psychology, game"	"$0.20"	"Sun Jan 12 18:00:26 PST 2014"	"100"	"0"	"0"	"100"	"Reviewable"	"NotReviewed"	"1 scales"	"600"	"60000"	"Sun Jan 19 18:00:26 PST 2014"	"S12912"	"Approved"	""	"""friend"""	"""glasses"""	"0"	"""left"""	"-1"	"0"	"1"	"2"	"0"	"0"	"""2"""	"""1"""	"""TRUE"""	"""target"""	"""TRUE"""	"-1"	"-1"	"-1"	"-1"	"-1"	"-1"	"""Deciding who is the actual person he is talking about when both have glasses"""	""""""	"""23"""	"""f"""	"0"
"What is he talking about? (1-2 mins)"	"Short and fun! A 1-2 minute word game about what someone is talking about."	"experiment, psychology, game"	"$0.20"	"Sun Jan 12 18:00:26 PST 2014"	"100"	"0"	"0"	"100"	"Reviewable"	"NotReviewed"	"1 scales"	"600"	"60000"	"Sun Jan 19 18:00:26 PST 2014"	"S83034"	"Approved"	""	"""boat"""	"""cabin"""	"0"	"""left"""	"-1"	"0"	"1"	"2"	"0"	"0"	"""2"""	"""1"""	"""TRUE"""	"""target"""	"""TRUE"""	"-1"	"-1"	"-1"	"-1"	"-1"	"-1"	"""The survey was about what boat Bob didn't like."""	""""""	"""67"""	"""Female"""	"0"
"What is he talking about? (1-2 mins)"	"Short and fun! A 1-2 minute word game about what someone is talking about."	"experiment, psychology, game"	"$0.20"	"Sun Jan 12 18:00:26 PST 2014"	"100"	"0"	"0"	"100"	"Reviewable"	"NotReviewed"	"1 scales"	"600"	"60000"	"Sun Jan 19 18:00:26 PST 2014"	"S65094"	"Approved"	""	"""friend"""	"""glasses"""	"0"	"""left"""	"-1"	"0"	"1"	"2"	"0"	"0"	"""2"""	"""1"""	"""TRUE"""	"""target"""	"""TRUE"""	"-1"	"-1"	"-1"	"-1"	"-1"	"-1"	"""perception"""	""""""	"""33"""	"""f"""	"0"
"What is he talking about? (1-2 mins)"	"Short and fun! A 1-2 minute word game about what someone is talking about."	"experiment, psychology, game"	"$0.20"	"Sun Jan 12 18:00:26 PST 2014"	"100"	"0"	"0"	"100"	"Reviewable"	"NotReviewed"	"1 scales"	"600"	"60000"	"Sun Jan 19 18:00:26 PST 2014"	"S69772"	"Approved"	""	"""friend"""	"""hat"""	"0"	"""left"""	"-1"	"0"	"1"	"2"	"0"	"0"	"""2"""	"""1"""	"""TRUE"""	"""target"""	"""TRUE"""	"-1"	"-1"	"-1"	"-1"	"-1"	"-1"	"""His friends"""	"""nope"""	"""30"""	"""m"""	"0"
"What is he talking about? (1-2 mins)"	"Short and fun! A 1-2 minute word game about what someone is talking about."	"experiment, psychology, game"	"$0.20"	"Sun Jan 12 18:00:26 PST 2014"	"100"	"0"	"0"	"100"	"Reviewable"	"NotReviewed"	"1 scales"	"600"	"60000"	"Sun Jan 19 18:00:26 PST 2014"	"S29087"	"Approved"	""	"""boat"""	"""cabin"""	"0"	"""left"""	"-1"	"0"	"1"	"2"	"0"	"0"	"""2"""	"""1"""	"""TRUE"""	"""target"""	"""TRUE"""	"-1"	"-1"	"-1"	"-1"	"-1"	"-1"	"""what boats bob has rented"""	""""""	"""42"""	"""m"""	"0"
"What is he talking about? (1-2 mins)"	"Short and fun! A 1-2 minute word game about what someone is talking about."	"experiment, psychology, game"	"$0.20"	"Sun Jan 12 18:00:26 PST 2014"	"100"	"0"	"0"	"100"	"Reviewable"	"NotReviewed"	"1 scales"	"600"	"60000"	"Sun Jan 19 18:00:26 PST 2014"	"S15339"	"Approved"	""	"""friend"""	"""glasses"""	"0"	"""right"""	"-1"	"0"	"1"	"2"	"0"	"0"	"""2"""	"""1"""	"""TRUE"""	"""logical"""	"""FALSE"""	"-1"	"-1"	"-1"	"-1"	"-1"	"-1"	"""Trying to figure out what a person is talking about"""	"""None"""	"""19"""	"""M"""	"0"
"What is he talking about? (1-2 mins)"	"Short and fun! A 1-2 minute word game about what someone is talking about."	"experiment, psychology, game"	"$0.20"	"Sun Jan 12 18:00:26 PST 2014"	"100"	"0"	"0"	"100"	"Reviewable"	"NotReviewed"	"1 scales"	"600"	"60000"	"Sun Jan 19 18:00:26 PST 2014"	"S38991"	"Approved"	""	"""snowman"""	"""hat"""	"0"	"""right"""	"-1"	"0"	"1"	"2"	"0"	"0"	"""2"""	"""1"""	"""TRUE"""	"""target"""	"""TRUE"""	"-1"	"-1"	"-1"	"-1"	"-1"	"-1"	"""Trying to understand what a person meant by their sentence that could be understood in different ways."""	"""no"""	"""31"""	"""f"""	"0"
"What is he talking about? (1-2 mins)"	"Short and fun! A 1-2 minute word game about what someone is talking about."	"experiment, psychology, game"	"$0.20"	"Sun Jan 12 18:00:26 PST 2014"	"100"	"0"	"0"	"100"	"Reviewable"	"NotReviewed"	"1 scales"	"600"	"60000"	"Sun Jan 19 18:00:26 PST 2014"	"S29725"	"Approved"	""	"""pizza"""	"""mushrooms"""	"0"	"""right"""	"-1"	"0"	"1"	"2"	"0"	"0"	"""2"""	"""1"""	"""TRUE"""	"""target"""	"""TRUE"""	"-1"	"-1"	"-1"	"-1"	"-1"	"-1"	"""interpreting language"""	"""fun"""	"""45"""	"""female"""	"0"
"What is he talking about? (1-2 mins)"	"Short and fun! A 1-2 minute word game about what someone is talking about."	"experiment, psychology, game"	"$0.20"	"Sun Jan 12 18:00:26 PST 2014"	"100"	"0"	"0"	"100"	"Reviewable"	"NotReviewed"	"1 scales"	"600"	"60000"	"Sun Jan 19 18:00:26 PST 2014"	"S95473"	"Approved"	""	"""snowman"""	"""scarf"""	"0"	"""right"""	"-1"	"0"	"1"	"2"	"0"	"0"	"""2"""	"""1"""	"""TRUE"""	"""target"""	"""TRUE"""	"-1"	"-1"	"-1"	"-1"	"-1"	"-1"	"""bob and the snowmen that he creates ever year"""	""""""	"""31"""	"""f"""	"0"
"What is he talking about? (1-2 mins)"	"Short and fun! A 1-2 minute word game about what someone is talking about."	"experiment, psychology, game"	"$0.20"	"Sun Jan 12 18:00:26 PST 2014"	"100"	"0"	"0"	"100"	"Reviewable"	"NotReviewed"	"1 scales"	"600"	"60000"	"Sun Jan 19 18:00:26 PST 2014"	"S10120"	"Approved"	""	"""pizza"""	"""mushrooms"""	"0"	"""right"""	"-1"	"0"	"1"	"2"	"0"	"0"	"""2"""	"""1"""	"""TRUE"""	"""target"""	"""TRUE"""	"-1"	"-1"	"-1"	"-1"	"-1"	"-1"	"""Bob's favorite pizzas"""	"""Nope"""	"""20"""	"""m"""	"0"
"What is he talking about? (1-2 mins)"	"Short and fun! A 1-2 minute word game about what someone is talking about."	"experiment, psychology, game"	"$0.20"	"Sun Jan 12 18:00:26 PST 2014"	"100"	"0"	"0"	"100"	"Reviewable"	"NotReviewed"	"1 scales"	"600"	"60000"	"Sun Jan 19 18:00:26 PST 2014"	"S35013"	"Approved"	""	"""snowman"""	"""hat"""	"0"	"""right"""	"-1"	"0"	"1"	"2"	"0"	"0"	"""2"""	"""1"""	"""TRUE"""	"""logical"""	"""FALSE"""	"-1"	"-1"	"-1"	"-1"	"-1"	"-1"	"""our opinions on what people like"""	""""""	"""27"""	"""m"""	"0"
"What is he talking about? (1-2 mins)"	"Short and fun! A 1-2 minute word game about what someone is talking about."	"experiment, psychology, game"	"$0.20"	"Sun Jan 12 18:00:26 PST 2014"	"100"	"0"	"0"	"100"	"Reviewable"	"NotReviewed"	"1 scales"	"600"	"60000"	"Sun Jan 19 18:00:26 PST 2014"	"S73701"	"Approved"	""	"""boat"""	"""cabin"""	"0"	"""left"""	"-1"	"0"	"1"	"2"	"0"	"0"	"""2"""	"""1"""	"""TRUE"""	"""target"""	"""TRUE"""	"-1"	"-1"	"-1"	"-1"	"-1"	"-1"	"""deduction"""	""""""	"""39"""	"""m"""	"0"
"What is he talking about? (1-2 mins)"	"Short and fun! A 1-2 minute word game about what someone is talking about."	"experiment, psychology, game"	"$0.20"	"Sun Jan 12 18:00:26 PST 2014"	"100"	"0"	"0"	"100"	"Reviewable"	"NotReviewed"	"1 scales"	"600"	"60000"	"Sun Jan 19 18:00:26 PST 2014"	"S09649"	"Approved"	""	"""snowman"""	"""hat"""	"0"	"""left"""	"-1"	"0"	"1"	"2"	"0"	"0"	"""2"""	"""1"""	"""TRUE"""	"""foil"""	"""FALSE"""	"-1"	"-1"	"-1"	"-1"	"-1"	"-1"	"""Bob's opinion on snowmen"""	"""interesting survey"""	"""36"""	"""m"""	"0"
"What is he talking about? (1-2 mins)"	"Short and fun! A 1-2 minute word game about what someone is talking about."	"experiment, psychology, game"	"$0.20"	"Sun Jan 12 18:00:26 PST 2014"	"100"	"0"	"0"	"100"	"Reviewable"	"NotReviewed"	"1 scales"	"600"	"60000"	"Sun Jan 19 18:00:26 PST 2014"	"S91809"	"Approved"	""	"""friend"""	"""glasses"""	"0"	"""middle"""	"-1"	"0"	"1"	"2"	"0"	"0"	"""1"""	"""1"""	"""TRUE"""	"""target"""	"""TRUE"""	"-1"	"-1"	"-1"	"-1"	"-1"	"-1"	"""bobs friends"""	"""Fun little short survey. """	"""22"""	"""Male"""	"0"
"What is he talking about? (1-2 mins)"	"Short and fun! A 1-2 minute word game about what someone is talking about."	"experiment, psychology, game"	"$0.20"	"Sun Jan 12 18:00:26 PST 2014"	"100"	"0"	"0"	"100"	"Reviewable"	"NotReviewed"	"1 scales"	"600"	"60000"	"Sun Jan 19 18:00:26 PST 2014"	"S49462"	"Approved"	""	"""snowman"""	"""mittens"""	"0"	"""right"""	"-1"	"0"	"1"	"2"	"0"	"0"	"""2"""	"""1"""	"""TRUE"""	"""target"""	"""TRUE"""	"-1"	"-1"	"-1"	"-1"	"-1"	"-1"	"""Implied communication? Deduction?"""	""""""	"""24"""	"""male"""	"0"
"What is he talking about? (1-2 mins)"	"Short and fun! A 1-2 minute word game about what someone is talking about."	"experiment, psychology, game"	"$0.20"	"Sun Jan 12 18:00:26 PST 2014"	"100"	"0"	"0"	"100"	"Reviewable"	"NotReviewed"	"1 scales"	"600"	"60000"	"Sun Jan 19 18:00:26 PST 2014"	"S42706"	"Approved"	""	"""friend"""	"""glasses"""	"0"	"""left"""	"-1"	"0"	"1"	"2"	"0"	"0"	"""2"""	"""1"""	"""TRUE"""	"""target"""	"""TRUE"""	"-1"	"-1"	"-1"	"-1"	"-1"	"-1"	"""hats and glasses (and Bob's least favorite friend)"""	"""scrofula"""	"""36"""	"""m"""	"0"
"What is he talking about? (1-2 mins)"	"Short and fun! A 1-2 minute word game about what someone is talking about."	"experiment, psychology, game"	"$0.20"	"Sun Jan 12 18:00:26 PST 2014"	"100"	"0"	"0"	"100"	"Reviewable"	"NotReviewed"	"1 scales"	"600"	"60000"	"Sun Jan 19 18:00:26 PST 2014"	"S94016"	"Approved"	""	"""boat"""	"""cabin"""	"0"	"""middle"""	"-1"	"0"	"1"	"2"	"0"	"0"	"""2"""	"""1"""	"""TRUE"""	"""target"""	"""TRUE"""	"-1"	"-1"	"-1"	"-1"	"-1"	"-1"	"""meaning"""	""""""	"""32"""	"""f"""	"0"
"What is he talking about? (1-2 mins)"	"Short and fun! A 1-2 minute word game about what someone is talking about."	"experiment, psychology, game"	"$0.20"	"Sun Jan 12 18:00:26 PST 2014"	"100"	"0"	"0"	"100"	"Reviewable"	"NotReviewed"	"1 scales"	"600"	"60000"	"Sun Jan 19 18:00:26 PST 2014"	"S24929"	"Approved"	""	"""friend"""	"""glasses"""	"0"	"""middle"""	"-1"	"0"	"1"	"2"	"0"	"0"	"""2"""	"""1"""	"""TRUE"""	"""target"""	"""TRUE"""	"-1"	"-1"	"-1"	"-1"	"-1"	"-1"	"""Bob and his friends"""	"""no"""	"""32"""	"""F"""	"0"
"What is he talking about? (1-2 mins)"	"Short and fun! A 1-2 minute word game about what someone is talking about."	"experiment, psychology, game"	"$0.20"	"Sun Jan 12 18:00:26 PST 2014"	"100"	"0"	"0"	"100"	"Reviewable"	"NotReviewed"	"1 scales"	"600"	"60000"	"Sun Jan 19 18:00:26 PST 2014"	"S09738"	"Approved"	""	"""friend"""	"""hat"""	"0"	"""left"""	"-1"	"0"	"1"	"2"	"0"	"0"	"""2"""	"""1"""	"""TRUE"""	"""target"""	"""TRUE"""	"-1"	"-1"	"-1"	"-1"	"-1"	"-1"	"""Deciding what someone means?"""	"""thank you"""	"""54"""	"""f"""	"0"
"What is he talking about? (1-2 mins)"	"Short and fun! A 1-2 minute word game about what someone is talking about."	"experiment, psychology, game"	"$0.20"	"Sun Jan 12 18:00:26 PST 2014"	"100"	"0"	"0"	"100"	"Reviewable"	"NotReviewed"	"1 scales"	"600"	"60000"	"Sun Jan 19 18:00:26 PST 2014"	"S60906"	"Approved"	""	"""pizza"""	"""olives"""	"0"	"""left"""	"-1"	"0"	"1"	"2"	"0"	"0"	"""2"""	"""1"""	"""TRUE"""	"""target"""	"""TRUE"""	"-1"	"-1"	"-1"	"-1"	"-1"	"-1"	"""what bob's least favorite pizza is."""	""""""	"""40"""	"""m"""	"0"
"What is he talking about? (1-2 mins)"	"Short and fun! A 1-2 minute word game about what someone is talking about."	"experiment, psychology, game"	"$0.20"	"Sun Jan 12 18:00:26 PST 2014"	"100"	"0"	"0"	"100"	"Reviewable"	"NotReviewed"	"1 scales"	"600"	"60000"	"Sun Jan 19 18:00:26 PST 2014"	"S74859"	"Approved"	""	"""boat"""	"""motor"""	"0"	"""middle"""	"-1"	"0"	"1"	"2"	"0"	"0"	"""2"""	"""1"""	"""TRUE"""	"""target"""	"""TRUE"""	"-1"	"-1"	"-1"	"-1"	"-1"	"-1"	"""bob's boat preference"""	""""""	"""41"""	"""m"""	"0"
"What is he talking about? (1-2 mins)"	"Short and fun! A 1-2 minute word game about what someone is talking about."	"experiment, psychology, game"	"$0.20"	"Sun Jan 12 18:00:26 PST 2014"	"100"	"0"	"0"	"100"	"Reviewable"	"NotReviewed"	"1 scales"	"600"	"60000"	"Sun Jan 19 18:00:26 PST 2014"	"S65381"	"Approved"	""	"""boat"""	"""cabin"""	"0"	"""middle"""	"-1"	"0"	"1"	"2"	"0"	"0"	"""2"""	"""1"""	"""TRUE"""	"""target"""	"""TRUE"""	"-1"	"-1"	"-1"	"-1"	"-1"	"-1"	"""What Bob meant by what he said"""	"""no"""	"""30"""	"""f"""	"0"
"What is he talking about? (1-2 mins)"	"Short and fun! A 1-2 minute word game about what someone is talking about."	"experiment, psychology, game"	"$0.20"	"Sun Jan 12 18:00:26 PST 2014"	"100"	"0"	"0"	"100"	"Reviewable"	"NotReviewed"	"1 scales"	"600"	"60000"	"Sun Jan 19 18:00:26 PST 2014"	"S48451"	"Approved"	""	"""snowman"""	"""hat"""	"0"	"""middle"""	"-1"	"0"	"1"	"2"	"0"	"0"	"""2"""	"""1"""	"""TRUE"""	"""target"""	"""TRUE"""	"-1"	"-1"	"-1"	"-1"	"-1"	"-1"	"""I do not know."""	""""""	"""52"""	"""f"""	"0"
"What is he talking about? (1-2 mins)"	"Short and fun! A 1-2 minute word game about what someone is talking about."	"experiment, psychology, game"	"$0.20"	"Sun Jan 12 18:00:26 PST 2014"	"100"	"0"	"0"	"100"	"Reviewable"	"NotReviewed"	"1 scales"	"600"	"60000"	"Sun Jan 19 18:00:26 PST 2014"	"S66291"	"Approved"	""	"""pizza"""	"""mushrooms"""	"0"	"""left"""	"-1"	"0"	"1"	"2"	"0"	"0"	"""2"""	"""1"""	"""TRUE"""	"""target"""	"""TRUE"""	"-1"	"-1"	"-1"	"-1"	"-1"	"-1"	"""Bob's favorite pizza's"""	""""""	"""18"""	"""m"""	"0"
"What is he talking about? (1-2 mins)"	"Short and fun! A 1-2 minute word game about what someone is talking about."	"experiment, psychology, game"	"$0.20"	"Sun Jan 12 18:00:26 PST 2014"	"100"	"0"	"0"	"100"	"Reviewable"	"NotReviewed"	"1 scales"	"600"	"60000"	"Sun Jan 19 18:00:26 PST 2014"	"S75289"	"Approved"	""	"""pizza"""	"""olives"""	"0"	"""left"""	"-1"	"0"	"1"	"2"	"0"	"0"	"""2"""	"""1"""	"""TRUE"""	"""target"""	"""TRUE"""	"-1"	"-1"	"-1"	"-1"	"-1"	"-1"	"""Communication"""	"""thank you"""	"""27"""	"""male"""	"0"
"What is he talking about? (1-2 mins)"	"Short and fun! A 1-2 minute word game about what someone is talking about."	"experiment, psychology, game"	"$0.20"	"Sun Jan 12 18:00:26 PST 2014"	"100"	"0"	"0"	"100"	"Reviewable"	"NotReviewed"	"1 scales"	"600"	"60000"	"Sun Jan 19 18:00:26 PST 2014"	"S81602"	"Approved"	""	"""snowman"""	"""mittens"""	"0"	"""right"""	"-1"	"0"	"1"	"2"	"0"	"0"	"""2"""	"""1"""	"""TRUE"""	"""target"""	"""TRUE"""	"-1"	"-1"	"-1"	"-1"	"-1"	"-1"	"""snowmen"""	""""""	"""25"""	"""m"""	"0"
"What is he talking about? (1-2 mins)"	"Short and fun! A 1-2 minute word game about what someone is talking about."	"experiment, psychology, game"	"$0.20"	"Sun Jan 12 18:00:26 PST 2014"	"100"	"0"	"0"	"100"	"Reviewable"	"NotReviewed"	"1 scales"	"600"	"60000"	"Sun Jan 19 18:00:26 PST 2014"	"S50341"	"Approved"	""	"""friend"""	"""mustache"""	"0"	"""right"""	"-1"	"0"	"1"	"2"	"0"	"0"	"""2"""	"""1"""	"""TRUE"""	"""target"""	"""TRUE"""	"-1"	"-1"	"-1"	"-1"	"-1"	"-1"	"""Bob's friends' facial hair."""	"""No"""	"""23"""	"""F"""	"0"
"What is he talking about? (1-2 mins)"	"Short and fun! A 1-2 minute word game about what someone is talking about."	"experiment, psychology, game"	"$0.20"	"Sun Jan 12 18:00:26 PST 2014"	"100"	"0"	"0"	"100"	"Reviewable"	"NotReviewed"	"1 scales"	"600"	"60000"	"Sun Jan 19 18:00:26 PST 2014"	"S85097"	"Approved"	""	"""boat"""	"""cabin"""	"0"	"""middle"""	"-1"	"0"	"1"	"2"	"0"	"0"	"""2"""	"""1"""	"""TRUE"""	"""target"""	"""TRUE"""	"-1"	"-1"	"-1"	"-1"	"-1"	"-1"	"""Bob"""	"""no"""	"""34"""	"""f"""	"0"
"What is he talking about? (1-2 mins)"	"Short and fun! A 1-2 minute word game about what someone is talking about."	"experiment, psychology, game"	"$0.20"	"Sun Jan 12 18:00:26 PST 2014"	"100"	"0"	"0"	"100"	"Reviewable"	"NotReviewed"	"1 scales"	"600"	"60000"	"Sun Jan 19 18:00:26 PST 2014"	"S96769"	"Approved"	""	"""friend"""	"""glasses"""	"0"	"""left"""	"-1"	"0"	"1"	"2"	"0"	"0"	"""2"""	"""1"""	"""TRUE"""	"""logical"""	"""FALSE"""	"-1"	"-1"	"-1"	"-1"	"-1"	"-1"	"""No idea"""	"""No"""	"""26"""	"""m"""	"0"
"What is he talking about? (1-2 mins)"	"Short and fun! A 1-2 minute word game about what someone is talking about."	"experiment, psychology, game"	"$0.20"	"Sun Jan 12 18:00:26 PST 2014"	"100"	"0"	"0"	"100"	"Reviewable"	"NotReviewed"	"1 scales"	"600"	"60000"	"Sun Jan 19 18:00:26 PST 2014"	"S29324"	"Approved"	""	"""friend"""	"""mustache"""	"0"	"""right"""	"-1"	"0"	"1"	"2"	"0"	"0"	"""2"""	"""1"""	"""TRUE"""	"""target"""	"""TRUE"""	"-1"	"-1"	"-1"	"-1"	"-1"	"-1"	"""Deciding who Bob didn't like. """	"""No."""	"""26"""	"""f"""	"0"
"What is he talking about? (1-2 mins)"	"Short and fun! A 1-2 minute word game about what someone is talking about."	"experiment, psychology, game"	"$0.20"	"Sun Jan 12 18:00:26 PST 2014"	"100"	"0"	"0"	"100"	"Reviewable"	"NotReviewed"	"1 scales"	"600"	"60000"	"Sun Jan 19 18:00:26 PST 2014"	"S09195"	"Approved"	""	"""boat"""	"""cabin"""	"0"	"""right"""	"-1"	"0"	"1"	"2"	"0"	"0"	"""2"""	"""1"""	"""TRUE"""	"""target"""	"""TRUE"""	"-1"	"-1"	"-1"	"-1"	"-1"	"-1"	"""bobs dislike of boats with cabins"""	""""""	""""""	""""""	"0"
"What is he talking about? (1-2 mins)"	"Short and fun! A 1-2 minute word game about what someone is talking about."	"experiment, psychology, game"	"$0.20"	"Sun Jan 12 18:00:26 PST 2014"	"100"	"0"	"0"	"100"	"Reviewable"	"NotReviewed"	"1 scales"	"600"	"60000"	"Sun Jan 19 18:00:26 PST 2014"	"S45666"	"Approved"	""	"""friend"""	"""glasses"""	"0"	"""right"""	"-1"	"0"	"1"	"2"	"0"	"0"	"""2"""	"""1"""	"""FALSE"""	"""target"""	"""TRUE"""	"-1"	"-1"	"-1"	"-1"	"-1"	"-1"	"""Which \""friend\"" was his favorite"""	"""n/a"""	"""33"""	"""f"""	"0"
"What is he talking about? (1-2 mins)"	"Short and fun! A 1-2 minute word game about what someone is talking about."	"experiment, psychology, game"	"$0.20"	"Sun Jan 12 18:00:26 PST 2014"	"100"	"0"	"0"	"100"	"Reviewable"	"NotReviewed"	"1 scales"	"600"	"60000"	"Sun Jan 19 18:00:26 PST 2014"	"S08655"	"Approved"	""	"""boat"""	"""motor"""	"0"	"""left"""	"-1"	"0"	"1"	"2"	"0"	"0"	"""2"""	"""1"""	"""TRUE"""	"""target"""	"""TRUE"""	"-1"	"-1"	"-1"	"-1"	"-1"	"-1"	"""Language cognition"""	"""No"""	"""31"""	"""f"""	"0"
"What is he talking about? (1-2 mins)"	"Short and fun! A 1-2 minute word game about what someone is talking about."	"experiment, psychology, game"	"$0.20"	"Sun Jan 12 18:00:26 PST 2014"	"100"	"0"	"0"	"100"	"Reviewable"	"NotReviewed"	"1 scales"	"600"	"60000"	"Sun Jan 19 18:00:26 PST 2014"	"S07439"	"Approved"	""	"""boat"""	"""cabin"""	"0"	"""left"""	"-1"	"0"	"1"	"2"	"0"	"0"	"""3"""	"""1"""	"""TRUE"""	"""foil"""	"""FALSE"""	"-1"	"-1"	"-1"	"-1"	"-1"	"-1"	"""Bob's Boat"""	""""""	"""24"""	"""Female"""	"0"
"What is he talking about? (1-2 mins)"	"Short and fun! A 1-2 minute word game about what someone is talking about."	"experiment, psychology, game"	"$0.20"	"Sun Jan 12 18:00:26 PST 2014"	"100"	"0"	"0"	"100"	"Reviewable"	"NotReviewed"	"1 scales"	"600"	"60000"	"Sun Jan 19 18:00:26 PST 2014"	"S86565"	"Approved"	""	"""boat"""	"""cabin"""	"0"	"""middle"""	"-1"	"0"	"1"	"2"	"0"	"0"	"""2"""	"""1"""	"""FALSE"""	"""target"""	"""TRUE"""	"-1"	"-1"	"-1"	"-1"	"-1"	"-1"	"""Reading comprehension."""	""""""	"""24"""	"""m"""	"0"
"What is he talking about? (1-2 mins)"	"Short and fun! A 1-2 minute word game about what someone is talking about."	"experiment, psychology, game"	"$0.20"	"Sun Jan 12 18:00:26 PST 2014"	"100"	"0"	"0"	"100"	"Reviewable"	"NotReviewed"	"1 scales"	"600"	"60000"	"Sun Jan 19 18:00:26 PST 2014"	"S54643"	"Approved"	""	"""friend"""	"""hat"""	"0"	"""middle"""	"-1"	"0"	"1"	"2"	"0"	"0"	"""2"""	"""1"""	"""TRUE"""	"""target"""	"""TRUE"""	"-1"	"-1"	"-1"	"-1"	"-1"	"-1"	"""Choosing the least favorite friend."""	""""""	"""25"""	"""m"""	"0"
"What is he talking about? (1-2 mins)"	"Short and fun! A 1-2 minute word game about what someone is talking about."	"experiment, psychology, game"	"$0.20"	"Sun Jan 12 18:00:26 PST 2014"	"100"	"0"	"0"	"100"	"Reviewable"	"NotReviewed"	"1 scales"	"600"	"60000"	"Sun Jan 19 18:00:26 PST 2014"	"S70673"	"Approved"	""	"""friend"""	"""glasses"""	"0"	"""left"""	"-1"	"0"	"1"	"2"	"0"	"0"	"""2"""	"""1"""	"""TRUE"""	"""logical"""	"""FALSE"""	"-1"	"-1"	"-1"	"-1"	"-1"	"-1"	"""Bob's friends"""	"""no"""	"""19"""	"""f"""	"0"
"What is he talking about? (1-2 mins)"	"Short and fun! A 1-2 minute word game about what someone is talking about."	"experiment, psychology, game"	"$0.20"	"Sun Jan 12 18:00:26 PST 2014"	"100"	"0"	"0"	"100"	"Reviewable"	"NotReviewed"	"1 scales"	"600"	"60000"	"Sun Jan 19 18:00:26 PST 2014"	"S57616"	"Approved"	""	"""boat"""	"""sail"""	"0"	"""right"""	"-1"	"0"	"1"	"2"	"0"	"0"	"""2"""	"""1"""	"""TRUE"""	"""target"""	"""TRUE"""	"-1"	"-1"	"-1"	"-1"	"-1"	"-1"	"""Deciphering someone's language"""	""""""	"""24"""	"""m"""	"0"
"What is he talking about? (1-2 mins)"	"Short and fun! A 1-2 minute word game about what someone is talking about."	"experiment, psychology, game"	"$0.20"	"Sun Jan 12 18:00:26 PST 2014"	"100"	"0"	"0"	"100"	"Reviewable"	"NotReviewed"	"1 scales"	"600"	"60000"	"Sun Jan 19 18:00:26 PST 2014"	"S46240"	"Approved"	""	"""boat"""	"""cabin"""	"0"	"""right"""	"-1"	"0"	"1"	"2"	"0"	"0"	"""2"""	"""1"""	"""TRUE"""	"""target"""	"""TRUE"""	"-1"	"-1"	"-1"	"-1"	"-1"	"-1"	"""Not sure"""	""""""	"""35"""	"""Male"""	"0"
"What is he talking about? (1-2 mins)"	"Short and fun! A 1-2 minute word game about what someone is talking about."	"experiment, psychology, game"	"$0.20"	"Sun Jan 12 18:00:26 PST 2014"	"100"	"0"	"0"	"100"	"Reviewable"	"NotReviewed"	"1 scales"	"600"	"60000"	"Sun Jan 19 18:00:26 PST 2014"	"S20920"	"Approved"	""	"""friend"""	"""mustache"""	"0"	"""middle"""	"-1"	"0"	"1"	"2"	"0"	"0"	"""2"""	"""1"""	"""TRUE"""	"""target"""	"""TRUE"""	"-1"	"-1"	"-1"	"-1"	"-1"	"-1"	"""How to refer to people."""	"""Cute pictures!"""	"""34"""	"""f"""	"0"
"What is he talking about? (1-2 mins)"	"Short and fun! A 1-2 minute word game about what someone is talking about."	"experiment, psychology, game"	"$0.20"	"Sun Jan 12 18:00:26 PST 2014"	"100"	"0"	"0"	"100"	"Reviewable"	"NotReviewed"	"1 scales"	"600"	"60000"	"Sun Jan 19 18:00:26 PST 2014"	"S84114"	"Approved"	""	"""friend"""	"""hat"""	"0"	"""right"""	"-1"	"0"	"1"	"2"	"0"	"0"	"""2"""	"""1"""	"""TRUE"""	"""target"""	"""TRUE"""	"-1"	"-1"	"-1"	"-1"	"-1"	"-1"	"""Bob's least favorite friend."""	""""""	"""23"""	"""f"""	"0"
"What is he talking about? (1-2 mins)"	"Short and fun! A 1-2 minute word game about what someone is talking about."	"experiment, psychology, game"	"$0.20"	"Sun Jan 12 18:00:26 PST 2014"	"100"	"0"	"0"	"100"	"Reviewable"	"NotReviewed"	"1 scales"	"600"	"60000"	"Sun Jan 19 18:00:26 PST 2014"	"S50780"	"Approved"	""	"""boat"""	"""motor"""	"0"	"""middle"""	"-1"	"0"	"1"	"2"	"0"	"0"	"""2"""	"""1"""	"""TRUE"""	"""target"""	"""TRUE"""	"-1"	"-1"	"-1"	"-1"	"-1"	"-1"	"""Deciding what Bob is referring to"""	"""No"""	"""32"""	"""m"""	"0"
"What is he talking about? (1-2 mins)"	"Short and fun! A 1-2 minute word game about what someone is talking about."	"experiment, psychology, game"	"$0.20"	"Sun Jan 12 18:00:26 PST 2014"	"100"	"0"	"0"	"100"	"Reviewable"	"NotReviewed"	"1 scales"	"600"	"60000"	"Sun Jan 19 18:00:26 PST 2014"	"S94087"	"Approved"	""	"""friend"""	"""glasses"""	"0"	"""left"""	"-1"	"0"	"1"	"2"	"0"	"0"	"""2"""	"""1"""	"""TRUE"""	"""target"""	"""TRUE"""	"-1"	"-1"	"-1"	"-1"	"-1"	"-1"	"""Bobs friends"""	""""""	"""20"""	"""male"""	"0"
"What is he talking about? (1-2 mins)"	"Short and fun! A 1-2 minute word game about what someone is talking about."	"experiment, psychology, game"	"$0.20"	"Sun Jan 12 18:00:26 PST 2014"	"100"	"0"	"0"	"100"	"Reviewable"	"NotReviewed"	"1 scales"	"600"	"60000"	"Sun Jan 19 18:00:26 PST 2014"	"S42197"	"Approved"	""	"""boat"""	"""sail"""	"0"	"""middle"""	"-1"	"0"	"1"	"2"	"0"	"0"	"""2"""	"""1"""	"""TRUE"""	"""target"""	"""TRUE"""	"-1"	"-1"	"-1"	"-1"	"-1"	"-1"	"""Boats"""	"""no"""	"""23"""	"""F"""	"0"
"What is he talking about? (1-2 mins)"	"Short and fun! A 1-2 minute word game about what someone is talking about."	"experiment, psychology, game"	"$0.20"	"Sun Jan 12 18:00:26 PST 2014"	"100"	"0"	"0"	"100"	"Reviewable"	"NotReviewed"	"1 scales"	"600"	"60000"	"Sun Jan 19 18:00:26 PST 2014"	"S97893"	"Approved"	""	"""pizza"""	"""peppers"""	"0"	"""left"""	"-1"	"0"	"1"	"2"	"0"	"0"	"""2"""	"""1"""	"""TRUE"""	"""foil"""	"""FALSE"""	"-1"	"-1"	"-1"	"-1"	"-1"	"-1"	"""Pizza"""	"""I enjoyed the animations, great job!"""	"""24"""	"""Male"""	"0"
"What is he talking about? (1-2 mins)"	"Short and fun! A 1-2 minute word game about what someone is talking about."	"experiment, psychology, game"	"$0.20"	"Sun Jan 12 18:00:26 PST 2014"	"100"	"0"	"0"	"100"	"Reviewable"	"NotReviewed"	"1 scales"	"600"	"60000"	"Sun Jan 19 18:00:26 PST 2014"	"S46445"	"Approved"	""	"""pizza"""	"""mushrooms"""	"0"	"""middle"""	"-1"	"0"	"1"	"2"	"0"	"0"	"""2"""	"""1"""	"""TRUE"""	"""target"""	"""TRUE"""	"-1"	"-1"	"-1"	"-1"	"-1"	"-1"	"""I have no idea, but I hope the results help."""	"""Thanks!"""	"""25"""	"""m"""	"0"
"What is he talking about? (1-2 mins)"	"Short and fun! A 1-2 minute word game about what someone is talking about."	"experiment, psychology, game"	"$0.20"	"Sun Jan 12 18:00:26 PST 2014"	"100"	"0"	"0"	"100"	"Reviewable"	"NotReviewed"	"1 scales"	"600"	"60000"	"Sun Jan 19 18:00:26 PST 2014"	"S55959"	"Approved"	""	"""pizza"""	"""peppers"""	"0"	"""middle"""	"-1"	"0"	"1"	"2"	"0"	"0"	"""2"""	"""1"""	"""TRUE"""	"""foil"""	"""FALSE"""	"-1"	"-1"	"-1"	"-1"	"-1"	"-1"	"""do not know"""	""""""	"""28"""	"""f"""	"0"
"What is he talking about? (1-2 mins)"	"Short and fun! A 1-2 minute word game about what someone is talking about."	"experiment, psychology, game"	"$0.20"	"Sun Jan 12 18:00:26 PST 2014"	"100"	"0"	"0"	"100"	"Reviewable"	"NotReviewed"	"1 scales"	"600"	"60000"	"Sun Jan 19 18:00:26 PST 2014"	"S29617"	"Approved"	""	"""boat"""	"""motor"""	"0"	"""right"""	"-1"	"0"	"1"	"2"	"0"	"0"	"""2"""	"""1"""	"""TRUE"""	"""logical"""	"""FALSE"""	"-1"	"-1"	"-1"	"-1"	"-1"	"-1"	"""How people draw conclusions from limited information? """	"""Nope, thanks."""	"""27"""	"""m"""	"0"
"What is he talking about? (1-2 mins)"	"Short and fun! A 1-2 minute word game about what someone is talking about."	"experiment, psychology, game"	"$0.20"	"Sun Jan 12 18:00:26 PST 2014"	"100"	"0"	"0"	"100"	"Reviewable"	"NotReviewed"	"1 scales"	"600"	"60000"	"Sun Jan 19 18:00:26 PST 2014"	"S00250"	"Approved"	""	"""snowman"""	"""mittens"""	"0"	"""right"""	"-1"	"0"	"1"	"2"	"0"	"0"	"""2"""	"""1"""	"""TRUE"""	"""target"""	"""TRUE"""	"-1"	"-1"	"-1"	"-1"	"-1"	"-1"	"""snowmen and Bob"""	"""i like bob"""	"""27"""	"""M"""	"0"
"What is he talking about? (1-2 mins)"	"Short and fun! A 1-2 minute word game about what someone is talking about."	"experiment, psychology, game"	"$0.20"	"Sun Jan 12 18:00:26 PST 2014"	"100"	"0"	"0"	"100"	"Reviewable"	"NotReviewed"	"1 scales"	"600"	"60000"	"Sun Jan 19 18:00:26 PST 2014"	"S06404"	"Approved"	""	"""boat"""	"""cabin"""	"0"	"""left"""	"-1"	"0"	"1"	"2"	"0"	"0"	"""2"""	"""1"""	"""TRUE"""	"""target"""	"""TRUE"""	"-1"	"-1"	"-1"	"-1"	"-1"	"-1"	"""Boats and cabins and sails and what bob likes"""	"""none"""	"""21"""	"""m"""	"0"
"What is he talking about? (1-2 mins)"	"Short and fun! A 1-2 minute word game about what someone is talking about."	"experiment, psychology, game"	"$0.20"	"Sun Jan 12 18:00:26 PST 2014"	"100"	"0"	"0"	"100"	"Reviewable"	"NotReviewed"	"1 scales"	"600"	"60000"	"Sun Jan 19 18:00:26 PST 2014"	"S91514"	"Approved"	""	"""friend"""	"""mustache"""	"0"	"""right"""	"-1"	"0"	"1"	"2"	"0"	"0"	"""2"""	"""1"""	"""TRUE"""	"""target"""	"""TRUE"""	"-1"	"-1"	"-1"	"-1"	"-1"	"-1"	"""Bob's friends"""	"""nope"""	"""43"""	"""f"""	"0"
"What is he talking about? (1-2 mins)"	"Short and fun! A 1-2 minute word game about what someone is talking about."	"experiment, psychology, game"	"$0.20"	"Sun Jan 12 18:00:26 PST 2014"	"100"	"0"	"0"	"100"	"Reviewable"	"NotReviewed"	"1 scales"	"600"	"60000"	"Sun Jan 19 18:00:26 PST 2014"	"S85903"	"Approved"	""	"""boat"""	"""sail"""	"0"	"""middle"""	"-1"	"0"	"1"	"2"	"0"	"0"	"""2"""	"""1"""	"""TRUE"""	"""target"""	"""TRUE"""	"-1"	"-1"	"-1"	"-1"	"-1"	"-1"	"""which boat Bob prefers of three - two with sails, one with a motor and one with neither"""	"""no"""	"""55"""	"""f"""	"0"
"What is he talking about? (1-2 mins)"	"Short and fun! A 1-2 minute word game about what someone is talking about."	"experiment, psychology, game"	"$0.20"	"Sun Jan 12 18:00:26 PST 2014"	"100"	"0"	"0"	"100"	"Reviewable"	"NotReviewed"	"1 scales"	"600"	"60000"	"Sun Jan 19 18:00:26 PST 2014"	"S35396"	"Approved"	""	"""snowman"""	"""scarf"""	"0"	"""left"""	"-1"	"0"	"1"	"2"	"0"	"0"	"""2"""	"""1"""	"""TRUE"""	"""target"""	"""TRUE"""	"-1"	"-1"	"-1"	"-1"	"-1"	"-1"	"""deciding what the person was talking about"""	"""none"""	"""21"""	"""f"""	"0"
"What is he talking about? (1-2 mins)"	"Short and fun! A 1-2 minute word game about what someone is talking about."	"experiment, psychology, game"	"$0.20"	"Sun Jan 12 18:00:26 PST 2014"	"100"	"0"	"0"	"100"	"Reviewable"	"NotReviewed"	"1 scales"	"600"	"60000"	"Sun Jan 19 18:00:26 PST 2014"	"S56395"	"Approved"	""	"""snowman"""	"""hat"""	"0"	"""middle"""	"-1"	"0"	"1"	"2"	"0"	"0"	"""2"""	"""1"""	"""FALSE"""	"""target"""	"""TRUE"""	"-1"	"-1"	"-1"	"-1"	"-1"	"-1"	"""Snowmen, and which snowman Joe doesnt like."""	"""Thanks."""	"""26"""	"""f"""	"0"
"What is he talking about? (1-2 mins)"	"Short and fun! A 1-2 minute word game about what someone is talking about."	"experiment, psychology, game"	"$0.20"	"Sun Jan 12 18:00:26 PST 2014"	"100"	"0"	"0"	"100"	"Reviewable"	"NotReviewed"	"1 scales"	"600"	"60000"	"Sun Jan 19 18:00:26 PST 2014"	"S94041"	"Approved"	""	"""snowman"""	"""scarf"""	"0"	"""left"""	"-1"	"0"	"1"	"2"	"0"	"0"	"""2"""	"""1"""	"""TRUE"""	"""target"""	"""TRUE"""	"-1"	"-1"	"-1"	"-1"	"-1"	"-1"	"""Bob and his snowmen"""	""""""	"""25"""	"""f"""	"0"
"What is he talking about? (1-2 mins)"	"Short and fun! A 1-2 minute word game about what someone is talking about."	"experiment, psychology, game"	"$0.20"	"Sun Jan 12 18:00:26 PST 2014"	"100"	"0"	"0"	"100"	"Reviewable"	"NotReviewed"	"1 scales"	"600"	"60000"	"Sun Jan 19 18:00:26 PST 2014"	"S85530"	"Approved"	""	"""boat"""	"""sail"""	"0"	"""right"""	"-1"	"0"	"1"	"2"	"0"	"0"	"""2"""	"""1"""	"""TRUE"""	"""target"""	"""TRUE"""	"-1"	"-1"	"-1"	"-1"	"-1"	"-1"	"""Boats"""	""""""	"""24"""	"""m"""	"0"
"What is he talking about? (1-2 mins)"	"Short and fun! A 1-2 minute word game about what someone is talking about."	"experiment, psychology, game"	"$0.20"	"Sun Jan 12 18:00:26 PST 2014"	"100"	"0"	"0"	"100"	"Reviewable"	"NotReviewed"	"1 scales"	"600"	"60000"	"Sun Jan 19 18:00:26 PST 2014"	"S12906"	"Approved"	""	"""friend"""	"""mustache"""	"0"	"""right"""	"-1"	"0"	"1"	"2"	"0"	"0"	"""2"""	"""1"""	"""TRUE"""	"""target"""	"""TRUE"""	"-1"	"-1"	"-1"	"-1"	"-1"	"-1"	"""Bob's friends that he visits, and interpreting his description of who he likes the least"""	""""""	"""56"""	"""f"""	"0"
"What is he talking about? (1-2 mins)"	"Short and fun! A 1-2 minute word game about what someone is talking about."	"experiment, psychology, game"	"$0.20"	"Sun Jan 12 18:00:26 PST 2014"	"100"	"0"	"0"	"100"	"Reviewable"	"NotReviewed"	"1 scales"	"600"	"60000"	"Sun Jan 19 18:00:26 PST 2014"	"S11291"	"Approved"	""	"""friend"""	"""glasses"""	"0"	"""middle"""	"-1"	"0"	"1"	"2"	"0"	"0"	"""2"""	"""1"""	"""TRUE"""	"""target"""	"""TRUE"""	"-1"	"-1"	"-1"	"-1"	"-1"	"-1"	"""How we perceive descriptions """	""""""	"""22"""	"""m"""	"0"
"What is he talking about? (1-2 mins)"	"Short and fun! A 1-2 minute word game about what someone is talking about."	"experiment, psychology, game"	"$0.20"	"Sun Jan 12 18:00:26 PST 2014"	"100"	"0"	"0"	"100"	"Reviewable"	"NotReviewed"	"1 scales"	"600"	"60000"	"Sun Jan 19 18:00:26 PST 2014"	"S21609"	"Approved"	""	"""snowman"""	"""mittens"""	"0"	"""right"""	"-1"	"0"	"1"	"2"	"0"	"0"	"""2"""	"""1"""	"""TRUE"""	"""target"""	"""TRUE"""	"-1"	"-1"	"-1"	"-1"	"-1"	"-1"	"""bob and his snowmen. to check about inferences"""	""""""	"""46"""	"""f"""	"0"
"What is he talking about? (1-2 mins)"	"Short and fun! A 1-2 minute word game about what someone is talking about."	"experiment, psychology, game"	"$0.20"	"Sun Jan 12 18:00:26 PST 2014"	"100"	"0"	"0"	"100"	"Reviewable"	"NotReviewed"	"1 scales"	"600"	"60000"	"Sun Jan 19 18:00:26 PST 2014"	"S53577"	"Approved"	""	"""friend"""	"""mustache"""	"0"	"""left"""	"-1"	"0"	"1"	"2"	"0"	"0"	"""2"""	"""1"""	"""TRUE"""	"""target"""	"""TRUE"""	"-1"	"-1"	"-1"	"-1"	"-1"	"-1"	"""Trying to see how people interpret and choose given a description that fits more than one person."""	"""I guess B would have been person with glasses."""	"""23"""	"""m"""	"0"
"What is he talking about? (1-2 mins)"	"Short and fun! A 1-2 minute word game about what someone is talking about."	"experiment, psychology, game"	"$0.20"	"Sun Jan 12 18:00:26 PST 2014"	"100"	"0"	"0"	"100"	"Reviewable"	"NotReviewed"	"1 scales"	"600"	"60000"	"Sun Jan 19 18:00:26 PST 2014"	"S44024"	"Approved"	""	"""friend"""	"""glasses"""	"0"	"""left"""	"-1"	"0"	"1"	"2"	"0"	"0"	"""2"""	"""1"""	"""TRUE"""	"""target"""	"""TRUE"""	"-1"	"-1"	"-1"	"-1"	"-1"	"-1"	"""Which friend was Bob's least favorite"""	""""""	"""24"""	"""f"""	"0"
"What is he talking about? (1-2 mins)"	"Short and fun! A 1-2 minute word game about what someone is talking about."	"experiment, psychology, game"	"$0.20"	"Sun Jan 12 18:00:26 PST 2014"	"100"	"0"	"0"	"100"	"Reviewable"	"NotReviewed"	"1 scales"	"600"	"60000"	"Sun Jan 19 18:00:26 PST 2014"	"S79395"	"Approved"	""	"""boat"""	"""cabin"""	"0"	"""left"""	"-1"	"0"	"1"	"2"	"0"	"0"	"""2"""	"""1"""	"""TRUE"""	"""target"""	"""TRUE"""	"-1"	"-1"	"-1"	"-1"	"-1"	"-1"	"""I don't know"""	""""""	"""23"""	"""f"""	"0"
"What is he talking about? (1-2 mins)"	"Short and fun! A 1-2 minute word game about what someone is talking about."	"experiment, psychology, game"	"$0.20"	"Sun Jan 12 18:00:26 PST 2014"	"100"	"0"	"0"	"100"	"Reviewable"	"NotReviewed"	"1 scales"	"600"	"60000"	"Sun Jan 19 18:00:26 PST 2014"	"S08549"	"Approved"	""	"""boat"""	"""motor"""	"0"	"""left"""	"-1"	"0"	"1"	"2"	"0"	"0"	"""2"""	"""1"""	"""TRUE"""	"""target"""	"""TRUE"""	"-1"	"-1"	"-1"	"-1"	"-1"	"-1"	"""Bob liking to sail boats"""	""""""	"""35"""	"""f"""	"0"
"What is he talking about? (1-2 mins)"	"Short and fun! A 1-2 minute word game about what someone is talking about."	"experiment, psychology, game"	"$0.20"	"Sun Jan 12 18:00:26 PST 2014"	"100"	"0"	"0"	"100"	"Reviewable"	"NotReviewed"	"1 scales"	"600"	"60000"	"Sun Jan 19 18:00:26 PST 2014"	"S00516"	"Approved"	""	"""pizza"""	"""olives"""	"0"	"""right"""	"-1"	"0"	"1"	"2"	"0"	"0"	"""2"""	"""1"""	"""TRUE"""	"""logical"""	"""FALSE"""	"-1"	"-1"	"-1"	"-1"	"-1"	"-1"	"""I'm not sure."""	"""No comments, thanks!"""	"""20"""	"""m"""	"0"
"What is he talking about? (1-2 mins)"	"Short and fun! A 1-2 minute word game about what someone is talking about."	"experiment, psychology, game"	"$0.20"	"Sun Jan 12 18:00:26 PST 2014"	"100"	"0"	"0"	"100"	"Reviewable"	"NotReviewed"	"1 scales"	"600"	"60000"	"Sun Jan 19 18:00:26 PST 2014"	"S16600"	"Approved"	""	"""pizza"""	"""mushrooms"""	"0"	"""left"""	"-1"	"0"	"1"	"2"	"0"	"0"	"""2"""	"""1"""	"""TRUE"""	"""target"""	"""TRUE"""	"-1"	"-1"	"-1"	"-1"	"-1"	"-1"	"""pizza and toppings"""	"""no"""	""""""	"""m"""	"0"
"What is he talking about? (1-2 mins)"	"Short and fun! A 1-2 minute word game about what someone is talking about."	"experiment, psychology, game"	"$0.20"	"Sun Jan 12 18:00:26 PST 2014"	"100"	"0"	"0"	"100"	"Reviewable"	"NotReviewed"	"1 scales"	"600"	"60000"	"Sun Jan 19 18:00:26 PST 2014"	"S84378"	"Approved"	""	"""boat"""	"""cabin"""	"0"	"""middle"""	"-1"	"0"	"1"	"2"	"0"	"0"	"""2"""	"""1"""	"""TRUE"""	"""logical"""	"""FALSE"""	"-1"	"-1"	"-1"	"-1"	"-1"	"-1"	"""not a clue"""	""""""	""""""	"""f"""	"0"
"What is he talking about? (1-2 mins)"	"Short and fun! A 1-2 minute word game about what someone is talking about."	"experiment, psychology, game"	"$0.20"	"Sun Jan 12 18:00:26 PST 2014"	"100"	"0"	"0"	"100"	"Reviewable"	"NotReviewed"	"1 scales"	"600"	"60000"	"Sun Jan 19 18:00:26 PST 2014"	"S82276"	"Approved"	""	"""pizza"""	"""peppers"""	"0"	"""middle"""	"-1"	"0"	"1"	"2"	"0"	"0"	"""2"""	"""1"""	"""TRUE"""	"""target"""	"""TRUE"""	"-1"	"-1"	"-1"	"-1"	"-1"	"-1"	"""pizza toppings"""	""""""	"""44"""	"""f"""	"0"
"What is he talking about? (1-2 mins)"	"Short and fun! A 1-2 minute word game about what someone is talking about."	"experiment, psychology, game"	"$0.20"	"Sun Jan 12 18:00:26 PST 2014"	"100"	"0"	"0"	"100"	"Reviewable"	"NotReviewed"	"1 scales"	"600"	"60000"	"Sun Jan 19 18:00:26 PST 2014"	"S73979"	"Approved"	""	"""pizza"""	"""peppers"""	"0"	"""middle"""	"-1"	"0"	"1"	"2"	"0"	"0"	"""2"""	"""1"""	"""TRUE"""	"""target"""	"""TRUE"""	"-1"	"-1"	"-1"	"-1"	"-1"	"-1"	"""Bob, pizzas, peppers"""	"""fun and quick, thanks!"""	"""23"""	"""m"""	"0"
"What is he talking about? (1-2 mins)"	"Short and fun! A 1-2 minute word game about what someone is talking about."	"experiment, psychology, game"	"$0.20"	"Sun Jan 12 18:00:26 PST 2014"	"100"	"0"	"0"	"100"	"Reviewable"	"NotReviewed"	"1 scales"	"600"	"60000"	"Sun Jan 19 18:00:26 PST 2014"	"S43785"	"Approved"	""	"""boat"""	"""motor"""	"0"	"""right"""	"-1"	"0"	"1"	"2"	"0"	"0"	"""2"""	"""1"""	"""TRUE"""	"""foil"""	"""FALSE"""	"-1"	"-1"	"-1"	"-1"	"-1"	"-1"	"""How Bob likes to rent boats and prefers boats with motors."""	""""""	"""39"""	"""m"""	"0"
"What is he talking about? (1-2 mins)"	"Short and fun! A 1-2 minute word game about what someone is talking about."	"experiment, psychology, game"	"$0.20"	"Sun Jan 12 18:00:26 PST 2014"	"100"	"0"	"0"	"100"	"Reviewable"	"NotReviewed"	"1 scales"	"600"	"60000"	"Sun Jan 19 18:00:26 PST 2014"	"S04519"	"Approved"	""	"""friend"""	"""glasses"""	"0"	"""middle"""	"-1"	"0"	"1"	"2"	"0"	"0"	"""2"""	"""1"""	"""TRUE"""	"""logical"""	"""FALSE"""	"-1"	"-1"	"-1"	"-1"	"-1"	"-1"	"""Bob and his friends"""	""""""	"""50"""	"""f"""	"0"
"What is he talking about? (1-2 mins)"	"Short and fun! A 1-2 minute word game about what someone is talking about."	"experiment, psychology, game"	"$0.20"	"Sun Jan 12 18:00:26 PST 2014"	"100"	"0"	"0"	"100"	"Reviewable"	"NotReviewed"	"1 scales"	"600"	"60000"	"Sun Jan 19 18:00:26 PST 2014"	"S13394"	"Approved"	""	"""pizza"""	"""olives"""	"0"	"""right"""	"-1"	"0"	"1"	"2"	"0"	"0"	"""2"""	"""1"""	"""TRUE"""	"""target"""	"""TRUE"""	"-1"	"-1"	"-1"	"-1"	"-1"	"-1"	"""Which Pizza Bob would like least considering his dislike of olives."""	""""""	"""21"""	"""m"""	"0"
"What is he talking about? (1-2 mins)"	"Short and fun! A 1-2 minute word game about what someone is talking about."	"experiment, psychology, game"	"$0.20"	"Sun Jan 12 18:00:26 PST 2014"	"100"	"0"	"0"	"100"	"Reviewable"	"NotReviewed"	"1 scales"	"600"	"60000"	"Sun Jan 19 18:00:26 PST 2014"	"S71795"	"Approved"	""	"""boat"""	"""cabin"""	"0"	"""right"""	"-1"	"0"	"1"	"2"	"0"	"0"	"""2"""	"""1"""	"""TRUE"""	"""target"""	"""TRUE"""	"-1"	"-1"	"-1"	"-1"	"-1"	"-1"	"""perception of descriptions"""	"""no"""	"""26"""	"""m"""	"0"
"What is he talking about? (1-2 mins)"	"Short and fun! A 1-2 minute word game about what someone is talking about."	"experiment, psychology, game"	"$0.20"	"Sun Jan 12 18:00:26 PST 2014"	"100"	"0"	"0"	"100"	"Reviewable"	"NotReviewed"	"1 scales"	"600"	"60000"	"Sun Jan 19 18:00:26 PST 2014"	"S87315"	"Approved"	""	"""snowman"""	"""mittens"""	"0"	"""right"""	"-1"	"0"	"1"	"2"	"0"	"0"	"""2"""	"""1"""	"""TRUE"""	"""logical"""	"""FALSE"""	"-1"	"-1"	"-1"	"-1"	"-1"	"-1"	"""Who Bob likes least"""	""""""	"""35"""	"""f"""	"0"
"What is he talking about? (1-2 mins)"	"Short and fun! A 1-2 minute word game about what someone is talking about."	"experiment, psychology, game"	"$0.20"	"Sun Jan 12 18:00:26 PST 2014"	"100"	"0"	"0"	"100"	"Reviewable"	"NotReviewed"	"1 scales"	"600"	"60000"	"Sun Jan 19 18:00:26 PST 2014"	"S36264"	"Approved"	""	"""snowman"""	"""hat"""	"0"	"""middle"""	"-1"	"0"	"1"	"2"	"0"	"0"	"""2"""	"""1"""	"""TRUE"""	"""target"""	"""TRUE"""	"-1"	"-1"	"-1"	"-1"	"-1"	"-1"	"""Picking the least favorite snowman"""	""""""	"""24"""	"""m"""	"0"
"What is he talking about? (1-2 mins)"	"Short and fun! A 1-2 minute word game about what someone is talking about."	"experiment, psychology, game"	"$0.20"	"Sun Jan 12 18:00:26 PST 2014"	"100"	"0"	"0"	"100"	"Reviewable"	"NotReviewed"	"1 scales"	"600"	"60000"	"Sun Jan 19 18:00:26 PST 2014"	"S25037"	"Approved"	""	"""pizza"""	"""peppers"""	"0"	"""middle"""	"-1"	"0"	"1"	"2"	"0"	"0"	"""2"""	"""1"""	"""TRUE"""	"""target"""	"""TRUE"""	"-1"	"-1"	"-1"	"-1"	"-1"	"-1"	"""Pizza choices"""	"""Fun HIT, thanks"""	"""27"""	"""m"""	"0"
"What is he talking about? (1-2 mins)"	"Short and fun! A 1-2 minute word game about what someone is talking about."	"experiment, psychology, game"	"$0.20"	"Sun Jan 12 18:00:26 PST 2014"	"100"	"0"	"0"	"100"	"Reviewable"	"NotReviewed"	"1 scales"	"600"	"60000"	"Sun Jan 19 18:00:26 PST 2014"	"S32782"	"Approved"	""	"""friend"""	"""glasses"""	"0"	"""right"""	"-1"	"0"	"1"	"2"	"0"	"0"	"""2"""	"""1"""	"""TRUE"""	"""target"""	"""TRUE"""	"-1"	"-1"	"-1"	"-1"	"-1"	"-1"	"""no idea!"""	""""""	""""""	"""f"""	"0"
"What is he talking about? (1-2 mins)"	"Short and fun! A 1-2 minute word game about what someone is talking about."	"experiment, psychology, game"	"$0.20"	"Sun Jan 12 18:00:26 PST 2014"	"100"	"0"	"0"	"100"	"Reviewable"	"NotReviewed"	"1 scales"	"600"	"60000"	"Sun Jan 19 18:00:26 PST 2014"	"S81591"	"Approved"	""	"""boat"""	"""sail"""	"0"	"""left"""	"-1"	"0"	"1"	"2"	"0"	"0"	"""2"""	"""1"""	"""TRUE"""	"""target"""	"""TRUE"""	"-1"	"-1"	"-1"	"-1"	"-1"	"-1"	"""This survey was about Bob and which boat he didn't like."""	""""""	"""25"""	"""M"""	"0"
"What is he talking about? (1-2 mins)"	"Short and fun! A 1-2 minute word game about what someone is talking about."	"experiment, psychology, game"	"$0.20"	"Sun Jan 12 18:00:26 PST 2014"	"100"	"0"	"0"	"100"	"Reviewable"	"NotReviewed"	"1 scales"	"600"	"60000"	"Sun Jan 19 18:00:26 PST 2014"	"S02113"	"Approved"	""	"""snowman"""	"""mittens"""	"0"	"""middle"""	"-1"	"0"	"1"	"2"	"0"	"0"	"""2"""	"""1"""	"""TRUE"""	"""target"""	"""TRUE"""	"-1"	"-1"	"-1"	"-1"	"-1"	"-1"	"""Perception of meaning."""	""""""	"""36"""	"""f"""	"0"
"What is he talking about? (1-2 mins)"	"Short and fun! A 1-2 minute word game about what someone is talking about."	"experiment, psychology, game"	"$0.20"	"Sun Jan 12 18:00:26 PST 2014"	"100"	"0"	"0"	"100"	"Reviewable"	"NotReviewed"	"1 scales"	"600"	"60000"	"Sun Jan 19 18:00:26 PST 2014"	"S00077"	"Approved"	""	"""pizza"""	"""mushrooms"""	"0"	"""middle"""	"-1"	"0"	"1"	"2"	"0"	"0"	"""1"""	"""1"""	"""TRUE"""	"""target"""	"""TRUE"""	"-1"	"-1"	"-1"	"-1"	"-1"	"-1"	"""Bobs least favorite pizza"""	"""He eates them on wednesdays """	"""32"""	"""f"""	"0"
"What is he talking about? (1-2 mins)"	"Short and fun! A 1-2 minute word game about what someone is talking about."	"experiment, psychology, game"	"$0.20"	"Sun Jan 12 18:00:26 PST 2014"	"100"	"0"	"0"	"100"	"Reviewable"	"NotReviewed"	"1 scales"	"600"	"60000"	"Sun Jan 19 18:00:26 PST 2014"	"S72694"	"Approved"	""	"""snowman"""	"""mittens"""	"0"	"""middle"""	"-1"	"0"	"1"	"2"	"0"	"0"	"""2"""	"""1"""	"""TRUE"""	"""target"""	"""TRUE"""	"-1"	"-1"	"-1"	"-1"	"-1"	"-1"	"""Bob and the snowmen he makes."""	"""no"""	"""23"""	"""m"""	"0"
"What is he talking about? (1-2 mins)"	"Short and fun! A 1-2 minute word game about what someone is talking about."	"experiment, psychology, game"	"$0.20"	"Sun Jan 12 18:00:26 PST 2014"	"100"	"0"	"0"	"100"	"Reviewable"	"NotReviewed"	"1 scales"	"600"	"60000"	"Sun Jan 19 18:00:26 PST 2014"	"S06876"	"Approved"	""	"""pizza"""	"""mushrooms"""	"0"	"""left"""	"-1"	"0"	"1"	"2"	"0"	"0"	"""1"""	"""1"""	"""TRUE"""	"""target"""	"""TRUE"""	"-1"	"-1"	"-1"	"-1"	"-1"	"-1"	"""Pizza"""	"""no"""	"""21"""	"""m"""	"0"
"What is he talking about? (1-2 mins)"	"Short and fun! A 1-2 minute word game about what someone is talking about."	"experiment, psychology, game"	"$0.20"	"Sun Jan 12 18:00:26 PST 2014"	"100"	"0"	"0"	"100"	"Reviewable"	"NotReviewed"	"1 scales"	"600"	"60000"	"Sun Jan 19 18:00:26 PST 2014"	"S65200"	"Approved"	""	"""friend"""	"""glasses"""	"0"	"""middle"""	"-1"	"0"	"1"	"2"	"0"	"0"	"""2"""	"""1"""	"""TRUE"""	"""target"""	"""TRUE"""	"-1"	"-1"	"-1"	"-1"	"-1"	"-1"	"""Bob's friends"""	"""Nope, thanks!"""	"""28"""	"""m"""	"0"
"What is he talking about? (1-2 mins)"	"Short and fun! A 1-2 minute word game about what someone is talking about."	"experiment, psychology, game"	"$0.20"	"Sun Jan 12 18:00:26 PST 2014"	"100"	"0"	"0"	"100"	"Reviewable"	"NotReviewed"	"1 scales"	"600"	"60000"	"Sun Jan 19 18:00:26 PST 2014"	"S16501"	"Approved"	""	"""friend"""	"""mustache"""	"0"	"""right"""	"-1"	"0"	"1"	"2"	"0"	"0"	"""2"""	"""1"""	"""TRUE"""	"""logical"""	"""FALSE"""	"-1"	"-1"	"-1"	"-1"	"-1"	"-1"	"""Friends"""	""""""	"""40"""	"""m"""	"0"
"What is he talking about? (1-2 mins)"	"Short and fun! A 1-2 minute word game about what someone is talking about."	"experiment, psychology, game"	"$0.20"	"Sun Jan 12 18:00:26 PST 2014"	"100"	"0"	"0"	"100"	"Reviewable"	"NotReviewed"	"1 scales"	"600"	"60000"	"Sun Jan 19 18:00:26 PST 2014"	"S08209"	"Approved"	""	"""boat"""	"""motor"""	"0"	"""middle"""	"-1"	"0"	"1"	"2"	"0"	"0"	"""2"""	"""1"""	"""TRUE"""	"""target"""	"""TRUE"""	"-1"	"-1"	"-1"	"-1"	"-1"	"-1"	"""It is describing Bob. I have to pick what boat he didn't like."""	""""""	""""""	""""""	"0"
"What is he talking about? (1-2 mins)"	"Short and fun! A 1-2 minute word game about what someone is talking about."	"experiment, psychology, game"	"$0.20"	"Sun Jan 12 18:00:26 PST 2014"	"100"	"0"	"0"	"100"	"Reviewable"	"NotReviewed"	"1 scales"	"600"	"60000"	"Sun Jan 19 18:00:26 PST 2014"	"S85436"	"Approved"	""	"""friend"""	"""mustache"""	"0"	"""middle"""	"-1"	"0"	"1"	"2"	"0"	"0"	"""2"""	"""1"""	"""TRUE"""	"""target"""	"""TRUE"""	"-1"	"-1"	"-1"	"-1"	"-1"	"-1"	"""Bob visits a friend every sunday"""	"""no"""	"""38"""	"""m"""	"0"
"What is he talking about? (1-2 mins)"	"Short and fun! A 1-2 minute word game about what someone is talking about."	"experiment, psychology, game"	"$0.20"	"Sun Jan 12 18:00:26 PST 2014"	"100"	"0"	"0"	"100"	"Reviewable"	"NotReviewed"	"1 scales"	"600"	"60000"	"Sun Jan 19 18:00:26 PST 2014"	"S29059"	"Approved"	""	"""friend"""	"""glasses"""	"0"	"""left"""	"-1"	"0"	"1"	"2"	"0"	"0"	"""2"""	"""1"""	"""TRUE"""	"""target"""	"""TRUE"""	"-1"	"-1"	"-1"	"-1"	"-1"	"-1"	"""How memorable a name sticks? I only have a low confidence feel it was Bob."""	""""""	"""32"""	"""m"""	"0"
"What is he talking about? (1-2 mins)"	"Short and fun! A 1-2 minute word game about what someone is talking about."	"experiment, psychology, game"	"$0.20"	"Sun Jan 12 18:00:26 PST 2014"	"100"	"0"	"0"	"100"	"Reviewable"	"NotReviewed"	"1 scales"	"600"	"60000"	"Sun Jan 19 18:00:26 PST 2014"	"S83004"	"Approved"	""	"""pizza"""	"""olives"""	"0"	"""middle"""	"-1"	"0"	"1"	"2"	"0"	"0"	"""2"""	"""1"""	"""TRUE"""	"""target"""	"""TRUE"""	"-1"	"-1"	"-1"	"-1"	"-1"	"-1"	"""what pizza he likes"""	""""""	"""23"""	"""m"""	"0"
"What is he talking about? (1-2 mins)"	"Short and fun! A 1-2 minute word game about what someone is talking about."	"experiment, psychology, game"	"$0.20"	"Sun Jan 12 18:00:26 PST 2014"	"100"	"0"	"0"	"100"	"Reviewable"	"NotReviewed"	"1 scales"	"600"	"60000"	"Sun Jan 19 18:00:26 PST 2014"	"S22847"	"Approved"	""	"""snowman"""	"""hat"""	"0"	"""right"""	"-1"	"0"	"1"	"2"	"0"	"0"	"""2"""	"""1"""	"""TRUE"""	"""foil"""	"""FALSE"""	"-1"	"-1"	"-1"	"-1"	"-1"	"-1"	"""Which snowman is Bob's least favorite"""	""""""	"""18"""	"""f"""	"0"
"What is he talking about? (1-2 mins)"	"Short and fun! A 1-2 minute word game about what someone is talking about."	"experiment, psychology, game"	"$0.20"	"Sun Jan 12 18:00:26 PST 2014"	"100"	"0"	"0"	"100"	"Reviewable"	"NotReviewed"	"1 scales"	"600"	"60000"	"Sun Jan 19 18:00:26 PST 2014"	"S11781"	"Approved"	""	"""boat"""	"""motor"""	"0"	"""middle"""	"-1"	"0"	"1"	"2"	"0"	"0"	"""2"""	"""1"""	"""TRUE"""	"""target"""	"""TRUE"""	"-1"	"-1"	"-1"	"-1"	"-1"	"-1"	"""bob and his boats"""	"""no"""	"""41"""	"""f"""	"0"
"What is he talking about? (1-2 mins)"	"Short and fun! A 1-2 minute word game about what someone is talking about."	"experiment, psychology, game"	"$0.20"	"Sun Jan 12 18:00:26 PST 2014"	"100"	"0"	"0"	"100"	"Reviewable"	"NotReviewed"	"1 scales"	"600"	"60000"	"Sun Jan 19 18:00:26 PST 2014"	"S17566"	"Approved"	""	"""snowman"""	"""mittens"""	"0"	"""left"""	"-1"	"0"	"1"	"2"	"0"	"0"	"""2"""	"""1"""	"""TRUE"""	"""target"""	"""TRUE"""	"-1"	"-1"	"-1"	"-1"	"-1"	"-1"	"""Importance of traits"""	""""""	"""27"""	"""M"""	"0"
"What is he talking about? (1-2 mins)"	"Short and fun! A 1-2 minute word game about what someone is talking about."	"experiment, psychology, game"	"$0.20"	"Sun Jan 12 18:00:26 PST 2014"	"100"	"0"	"0"	"100"	"Reviewable"	"NotReviewed"	"1 scales"	"600"	"60000"	"Sun Jan 19 18:00:26 PST 2014"	"S05580"	"Approved"	""	"""boat"""	"""cabin"""	"0"	"""middle"""	"-1"	"0"	"1"	"2"	"0"	"0"	"""2"""	"""1"""	"""TRUE"""	"""target"""	"""TRUE"""	"-1"	"-1"	"-1"	"-1"	"-1"	"-1"	"""Boats and Bob"""	"""no comment"""	"""35"""	"""F"""	"0"
"What is he talking about? (1-2 mins)"	"Short and fun! A 1-2 minute word game about what someone is talking about."	"experiment, psychology, game"	"$0.20"	"Sun Jan 12 18:00:26 PST 2014"	"100"	"0"	"0"	"100"	"Reviewable"	"NotReviewed"	"1 scales"	"600"	"60000"	"Sun Jan 19 18:00:26 PST 2014"	"S68120"	"Approved"	""	"""snowman"""	"""scarf"""	"0"	"""middle"""	"-1"	"0"	"1"	"2"	"0"	"0"	"""2"""	"""1"""	"""TRUE"""	"""target"""	"""TRUE"""	"-1"	"-1"	"-1"	"-1"	"-1"	"-1"	"""Bob and snowmen"""	""""""	""""""	"""m"""	"0"
