"title"	"description"	"keywords"	"reward"	"creationtime"	"assignments"	"numavailable"	"numpending"	"numcomplete"	"hitstatus"	"reviewstatus"	"annotation"	"assignmentduration"	"autoapprovaldelay"	"hitlifetime"	"workerid"	"assignmentstatus"	"deadline"	"Answer.target_property"	"Answer.familiarization_cond"	"Answer.money_allocated_to_logical"	"Answer.Likert_value_target"	"Answer.participant_response_type_condition"	"Answer.linguistic_framing_condition"	"Answer.target_frequency"	"Answer.participant_feature_count_condition"	"Answer.target_filler_sequence_condition"	"Answer.target_position"	"Answer.name_check_correct"	"Answer.Likert_value_foil"	"Answer.debugVariable"	"Answer.comment"	"Answer.manip_check_dist"	"Answer.item"	"Answer.Likert_value_logical"	"Answer.question_type_condition"	"Answer.choice"	"Answer.money_allocated_to_target"	"Answer.about"	"Answer.manip_check_target"	"Answer.choice_correct"	"Answer.money_allocated_to_foil"
"What is he talking about? (2-3 mins)"	"Short and fun! A 2-3 minute word game about what someone is talking about."	"experiment, psychology, game"	"$0.25"	"Mon Nov 04 05:30:03 PST 2013"	"100"	"0"	"0"	"100"	"Reviewable"	"NotReviewed"	"1 scales"	"600"	"60000"	"Mon Nov 11 05:30:03 PST 2013"	"S92414"	"Approved"	""	"""mustache"""	"0"	"-1"	"-1"	"0"	"0"	"0.22"	"1"	"0"	"""right"""	"""TRUE"""	"-1"	"-1"	"""Thanks."""	"""1"""	"""friend"""	"-1"	"0"	"""logical"""	"-1"	"""Not the slightest clue. Seemed random/odd."""	"""2"""	"""FALSE"""	"-1"
"What is he talking about? (2-3 mins)"	"Short and fun! A 2-3 minute word game about what someone is talking about."	"experiment, psychology, game"	"$0.25"	"Mon Nov 04 05:30:03 PST 2013"	"100"	"0"	"0"	"100"	"Reviewable"	"NotReviewed"	"1 scales"	"600"	"60000"	"Mon Nov 11 05:30:03 PST 2013"	"S27717"	"Approved"	""	"""glasses"""	"0"	"-1"	"""6"""	"2"	"0"	"0.22"	"1"	"0"	"""left"""	"""TRUE"""	"""2"""	"-1"	"""The directions for the last page were in the wrong place (bottom instead of top)."""	"""2"""	"""friend"""	"""5"""	"0"	"""null"""	"-1"	"""Who is his favorite friend?"""	"""2"""	"""FALSE"""	"-1"
"What is he talking about? (2-3 mins)"	"Short and fun! A 2-3 minute word game about what someone is talking about."	"experiment, psychology, game"	"$0.25"	"Mon Nov 04 05:30:03 PST 2013"	"100"	"0"	"0"	"100"	"Reviewable"	"NotReviewed"	"1 scales"	"600"	"60000"	"Mon Nov 11 05:30:03 PST 2013"	"S48288"	"Approved"	""	"""glasses"""	"0"	"-1"	"""6"""	"2"	"0"	"0.22"	"1"	"0"	"""middle"""	"""TRUE"""	"""2"""	"-1"	""""""	"""1"""	"""friend"""	"""6"""	"0"	"""null"""	"-1"	"""Bobs friends"""	"""2"""	"""FALSE"""	"-1"
"What is he talking about? (2-3 mins)"	"Short and fun! A 2-3 minute word game about what someone is talking about."	"experiment, psychology, game"	"$0.25"	"Mon Nov 04 05:30:03 PST 2013"	"100"	"0"	"0"	"100"	"Reviewable"	"NotReviewed"	"1 scales"	"600"	"60000"	"Mon Nov 11 05:30:03 PST 2013"	"S16680"	"Approved"	""	"""glasses"""	"0"	"75"	"-1"	"1"	"0"	"0.22"	"1"	"0"	"""middle"""	"""TRUE"""	"-1"	"-1"	""""""	"""1"""	"""friend"""	"-1"	"0"	"""null"""	"25"	"""Remembering how many friends had glasses"""	"""2"""	"""FALSE"""	"0"
"What is he talking about? (2-3 mins)"	"Short and fun! A 2-3 minute word game about what someone is talking about."	"experiment, psychology, game"	"$0.25"	"Mon Nov 04 05:30:03 PST 2013"	"100"	"0"	"0"	"100"	"Reviewable"	"NotReviewed"	"1 scales"	"600"	"60000"	"Mon Nov 11 05:30:03 PST 2013"	"S58554"	"Approved"	""	"""glasses"""	"0"	"10"	"-1"	"1"	"0"	"0.22"	"1"	"0"	"""right"""	"""TRUE"""	"-1"	"-1"	""""""	"""1"""	"""friend"""	"-1"	"0"	"""null"""	"80"	"""I'm not really sure what the survey was about."""	"""2"""	"""FALSE"""	"10"
"What is he talking about? (2-3 mins)"	"Short and fun! A 2-3 minute word game about what someone is talking about."	"experiment, psychology, game"	"$0.25"	"Mon Nov 04 05:30:03 PST 2013"	"100"	"0"	"0"	"100"	"Reviewable"	"NotReviewed"	"1 scales"	"600"	"60000"	"Mon Nov 11 05:30:03 PST 2013"	"S04781"	"Approved"	""	"""hat"""	"1"	"100"	"-1"	"1"	"0"	"0.44"	"1"	"0"	"""left"""	"""TRUE"""	"-1"	"-1"	""""""	"""1"""	"""friend"""	"-1"	"0"	"""null"""	"0"	"""Risk"""	"""2"""	"""FALSE"""	"0"
"What is he talking about? (2-3 mins)"	"Short and fun! A 2-3 minute word game about what someone is talking about."	"experiment, psychology, game"	"$0.25"	"Mon Nov 04 05:30:03 PST 2013"	"100"	"0"	"0"	"100"	"Reviewable"	"NotReviewed"	"1 scales"	"600"	"60000"	"Mon Nov 11 05:30:03 PST 2013"	"S52702"	"Approved"	""	"""hat"""	"1"	"-1"	"""4"""	"2"	"0"	"0.44"	"1"	"0"	"""right"""	"""TRUE"""	"""1"""	"-1"	"""n/a"""	"""1"""	"""friend"""	"""4"""	"0"	"""null"""	"-1"	"""logic"""	"""2"""	"""FALSE"""	"-1"
"What is he talking about? (2-3 mins)"	"Short and fun! A 2-3 minute word game about what someone is talking about."	"experiment, psychology, game"	"$0.25"	"Mon Nov 04 05:30:03 PST 2013"	"100"	"0"	"0"	"100"	"Reviewable"	"NotReviewed"	"1 scales"	"600"	"60000"	"Mon Nov 11 05:30:03 PST 2013"	"S30871"	"Approved"	""	"""mustache"""	"1"	"-1"	"""4"""	"2"	"0"	"0.44"	"1"	"0"	"""left"""	"""TRUE"""	"""1"""	"-1"	""""""	"""1"""	"""friend"""	"""6"""	"0"	"""null"""	"-1"	"""WHich one of the friends was his best friend"""	"""2"""	"""FALSE"""	"-1"
"What is he talking about? (2-3 mins)"	"Short and fun! A 2-3 minute word game about what someone is talking about."	"experiment, psychology, game"	"$0.25"	"Mon Nov 04 05:30:03 PST 2013"	"100"	"0"	"0"	"100"	"Reviewable"	"NotReviewed"	"1 scales"	"600"	"60000"	"Mon Nov 11 05:30:03 PST 2013"	"S93337"	"Approved"	""	"""glasses"""	"1"	"70"	"-1"	"1"	"0"	"0.44"	"1"	"0"	"""middle"""	"""TRUE"""	"-1"	"-1"	""""""	"""1"""	"""friend"""	"-1"	"0"	"""null"""	"20"	"""who bob likes more"""	"""2"""	"""FALSE"""	"10"
"What is he talking about? (2-3 mins)"	"Short and fun! A 2-3 minute word game about what someone is talking about."	"experiment, psychology, game"	"$0.25"	"Mon Nov 04 05:30:03 PST 2013"	"100"	"0"	"0"	"100"	"Reviewable"	"NotReviewed"	"1 scales"	"600"	"60000"	"Mon Nov 11 05:30:03 PST 2013"	"S00006"	"Approved"	""	"""glasses"""	"1"	"-1"	"-1"	"0"	"0"	"0.44"	"1"	"0"	"""middle"""	"""TRUE"""	"-1"	"-1"	""""""	"""1"""	"""friend"""	"-1"	"0"	"""logical"""	"-1"	"""Bob visiting one friend a week."""	"""2"""	"""FALSE"""	"-1"
"What is he talking about? (2-3 mins)"	"Short and fun! A 2-3 minute word game about what someone is talking about."	"experiment, psychology, game"	"$0.25"	"Mon Nov 04 05:30:03 PST 2013"	"100"	"0"	"0"	"100"	"Reviewable"	"NotReviewed"	"1 scales"	"600"	"60000"	"Mon Nov 11 05:30:03 PST 2013"	"S81364"	"Approved"	""	"""hat"""	"2"	"-1"	"-1"	"0"	"0"	"0.667"	"1"	"0"	"""left"""	"""FALSE"""	"-1"	"-1"	"""No"""	"""1"""	"""friend"""	"-1"	"0"	"""logical"""	"-1"	"""I have no idea"""	"""2"""	"""FALSE"""	"-1"
"What is he talking about? (2-3 mins)"	"Short and fun! A 2-3 minute word game about what someone is talking about."	"experiment, psychology, game"	"$0.25"	"Mon Nov 04 05:30:03 PST 2013"	"100"	"0"	"0"	"100"	"Reviewable"	"NotReviewed"	"1 scales"	"600"	"60000"	"Mon Nov 11 05:30:03 PST 2013"	"S88871"	"Approved"	""	"""hat"""	"1"	"-1"	"""5"""	"2"	"0"	"0.44"	"1"	"0"	"""middle"""	"""TRUE"""	"""1"""	"-1"	"""Short and fun"""	"""5"""	"""friend"""	"""7"""	"0"	"""null"""	"-1"	"""Bobs freinds"""	"""5"""	"""FALSE"""	"-1"
"What is he talking about? (2-3 mins)"	"Short and fun! A 2-3 minute word game about what someone is talking about."	"experiment, psychology, game"	"$0.25"	"Mon Nov 04 05:30:03 PST 2013"	"100"	"0"	"0"	"100"	"Reviewable"	"NotReviewed"	"1 scales"	"600"	"60000"	"Mon Nov 11 05:30:03 PST 2013"	"S69336"	"Approved"	""	"""hat"""	"2"	"-1"	"""4"""	"2"	"0"	"0.667"	"1"	"0"	"""right"""	"""TRUE"""	"""4"""	"-1"	""""""	"""1"""	"""friend"""	"""2"""	"0"	"""null"""	"-1"	"""guessing which friend he likes the most"""	"""2"""	"""FALSE"""	"-1"
"What is he talking about? (2-3 mins)"	"Short and fun! A 2-3 minute word game about what someone is talking about."	"experiment, psychology, game"	"$0.25"	"Mon Nov 04 05:30:03 PST 2013"	"100"	"0"	"0"	"100"	"Reviewable"	"NotReviewed"	"1 scales"	"600"	"60000"	"Mon Nov 11 05:30:03 PST 2013"	"S63963"	"Approved"	""	"""mustache"""	"2"	"25"	"-1"	"1"	"0"	"0.667"	"1"	"0"	"""left"""	"""TRUE"""	"-1"	"-1"	"""I have no comments."""	"""1"""	"""friend"""	"-1"	"0"	"""null"""	"75"	"""I think this study will be used to help determine how people determine the meaning of sentences."""	"""2"""	"""FALSE"""	"0"
"What is he talking about? (2-3 mins)"	"Short and fun! A 2-3 minute word game about what someone is talking about."	"experiment, psychology, game"	"$0.25"	"Mon Nov 04 05:30:03 PST 2013"	"100"	"0"	"0"	"100"	"Reviewable"	"NotReviewed"	"1 scales"	"600"	"60000"	"Mon Nov 11 05:30:03 PST 2013"	"S22334"	"Approved"	""	"""glasses"""	"3"	"50"	"-1"	"1"	"0"	"0.89"	"1"	"0"	"""middle"""	"""TRUE"""	"-1"	"-1"	"""Nice Survey Thanks!"""	"""1"""	"""friend"""	"-1"	"0"	"""null"""	"50"	"""What he was talking about."""	"""2"""	"""FALSE"""	"0"
"What is he talking about? (2-3 mins)"	"Short and fun! A 2-3 minute word game about what someone is talking about."	"experiment, psychology, game"	"$0.25"	"Mon Nov 04 05:30:03 PST 2013"	"100"	"0"	"0"	"100"	"Reviewable"	"NotReviewed"	"1 scales"	"600"	"60000"	"Mon Nov 11 05:30:03 PST 2013"	"S75206"	"Approved"	""	"""mustache"""	"3"	"50"	"-1"	"1"	"0"	"0.89"	"1"	"0"	"""middle"""	"""TRUE"""	"-1"	"-1"	""""""	"""1"""	"""friend"""	"-1"	"0"	"""null"""	"50"	"""I have no idea."""	"""2"""	"""FALSE"""	"0"
"What is he talking about? (2-3 mins)"	"Short and fun! A 2-3 minute word game about what someone is talking about."	"experiment, psychology, game"	"$0.25"	"Mon Nov 04 05:30:03 PST 2013"	"100"	"0"	"0"	"100"	"Reviewable"	"NotReviewed"	"1 scales"	"600"	"60000"	"Mon Nov 11 05:30:03 PST 2013"	"S45178"	"Approved"	""	"""mustache"""	"3"	"-1"	"""6"""	"2"	"0"	"0.89"	"1"	"0"	"""middle"""	"""TRUE"""	"""3"""	"-1"	""""""	"""1"""	"""friend"""	"""1"""	"0"	"""null"""	"-1"	"""Seeing what we think of people based on looks."""	"""2"""	"""FALSE"""	"-1"
"What is he talking about? (2-3 mins)"	"Short and fun! A 2-3 minute word game about what someone is talking about."	"experiment, psychology, game"	"$0.25"	"Mon Nov 04 05:30:03 PST 2013"	"100"	"0"	"0"	"100"	"Reviewable"	"NotReviewed"	"1 scales"	"600"	"60000"	"Mon Nov 11 05:30:03 PST 2013"	"S22064"	"Approved"	""	"""hat"""	"3"	"0"	"-1"	"1"	"0"	"0.89"	"1"	"0"	"""middle"""	"""TRUE"""	"-1"	"-1"	""""""	"""1"""	"""friend"""	"-1"	"0"	"""null"""	"100"	"""friends"""	"""2"""	"""FALSE"""	"0"
"What is he talking about? (2-3 mins)"	"Short and fun! A 2-3 minute word game about what someone is talking about."	"experiment, psychology, game"	"$0.25"	"Mon Nov 04 05:30:03 PST 2013"	"100"	"0"	"0"	"100"	"Reviewable"	"NotReviewed"	"1 scales"	"600"	"60000"	"Mon Nov 11 05:30:03 PST 2013"	"S81158"	"Approved"	""	"""mustache"""	"3"	"20"	"-1"	"1"	"0"	"0.89"	"1"	"0"	"""middle"""	"""TRUE"""	"-1"	"-1"	""""""	"""1"""	"""friend"""	"-1"	"0"	"""null"""	"80"	"""trying to form a conclusion based on information that was provided.  also it involved memory to see if we could recall what the faces looked like."""	"""2"""	"""FALSE"""	"0"
"What is he talking about? (2-3 mins)"	"Short and fun! A 2-3 minute word game about what someone is talking about."	"experiment, psychology, game"	"$0.25"	"Mon Nov 04 05:30:03 PST 2013"	"100"	"0"	"0"	"100"	"Reviewable"	"NotReviewed"	"1 scales"	"600"	"60000"	"Mon Nov 11 05:30:03 PST 2013"	"S63608"	"Approved"	""	"""mustache"""	"2"	"-1"	"-1"	"0"	"0"	"0.667"	"1"	"0"	"""right"""	"""FALSE"""	"-1"	"-1"	"""nope"""	"""1"""	"""friend"""	"-1"	"0"	"""target"""	"-1"	"""Language"""	"""2"""	"""TRUE"""	"-1"
"What is he talking about? (2-3 mins)"	"Short and fun! A 2-3 minute word game about what someone is talking about."	"experiment, psychology, game"	"$0.25"	"Mon Nov 04 05:30:03 PST 2013"	"100"	"0"	"0"	"100"	"Reviewable"	"NotReviewed"	"1 scales"	"600"	"60000"	"Mon Nov 11 05:30:03 PST 2013"	"S31969"	"Approved"	""	"""hat"""	"2"	"-1"	"""7"""	"2"	"0"	"0.667"	"1"	"0"	"""left"""	"""TRUE"""	"""1"""	"-1"	"""Nope."""	"""1"""	"""friend"""	"""5"""	"0"	"""null"""	"-1"	"""Who knows.  Friends and hats. """	"""2"""	"""FALSE"""	"-1"
"What is he talking about? (2-3 mins)"	"Short and fun! A 2-3 minute word game about what someone is talking about."	"experiment, psychology, game"	"$0.25"	"Mon Nov 04 05:30:03 PST 2013"	"100"	"0"	"0"	"100"	"Reviewable"	"NotReviewed"	"1 scales"	"600"	"60000"	"Mon Nov 11 05:30:03 PST 2013"	"S00636"	"Approved"	""	"""hat"""	"0"	"-1"	"-1"	"0"	"0"	"0.22"	"1"	"0"	"""middle"""	"""TRUE"""	"-1"	"-1"	""""""	"""1"""	"""friend"""	"-1"	"0"	"""logical"""	"-1"	"""basic understanding"""	"""2"""	"""FALSE"""	"-1"
"What is he talking about? (2-3 mins)"	"Short and fun! A 2-3 minute word game about what someone is talking about."	"experiment, psychology, game"	"$0.25"	"Mon Nov 04 05:30:03 PST 2013"	"100"	"0"	"0"	"100"	"Reviewable"	"NotReviewed"	"1 scales"	"600"	"60000"	"Mon Nov 11 05:30:03 PST 2013"	"S57515"	"Approved"	""	"""mustache"""	"0"	"-1"	"-1"	"0"	"0"	"0.22"	"1"	"0"	"""middle"""	"""TRUE"""	"-1"	"-1"	"""Thank you"""	"""1"""	"""friend"""	"-1"	"0"	"""logical"""	"-1"	"""Not sure"""	"""2"""	"""FALSE"""	"-1"
"What is he talking about? (2-3 mins)"	"Short and fun! A 2-3 minute word game about what someone is talking about."	"experiment, psychology, game"	"$0.25"	"Mon Nov 04 05:30:03 PST 2013"	"100"	"0"	"0"	"100"	"Reviewable"	"NotReviewed"	"1 scales"	"600"	"60000"	"Mon Nov 11 05:30:03 PST 2013"	"S32432"	"Approved"	""	"""mustache"""	"2"	"-1"	"-1"	"0"	"0"	"0.667"	"1"	"0"	"""right"""	"""TRUE"""	"-1"	"-1"	""""""	"""1"""	"""friend"""	"-1"	"0"	"""target"""	"-1"	"""English"""	"""2"""	"""TRUE"""	"-1"
"What is he talking about? (2-3 mins)"	"Short and fun! A 2-3 minute word game about what someone is talking about."	"experiment, psychology, game"	"$0.25"	"Mon Nov 04 05:30:03 PST 2013"	"100"	"0"	"0"	"100"	"Reviewable"	"NotReviewed"	"1 scales"	"600"	"60000"	"Mon Nov 11 05:30:03 PST 2013"	"S86969"	"Approved"	""	"""glasses"""	"0"	"-1"	"""2"""	"2"	"0"	"0.22"	"1"	"0"	"""left"""	"""TRUE"""	"""1"""	"-1"	""""""	"""1"""	"""friend"""	"""6"""	"0"	"""null"""	"-1"	"""I dont know"""	"""2"""	"""FALSE"""	"-1"
"What is he talking about? (2-3 mins)"	"Short and fun! A 2-3 minute word game about what someone is talking about."	"experiment, psychology, game"	"$0.25"	"Mon Nov 04 05:30:03 PST 2013"	"100"	"0"	"0"	"100"	"Reviewable"	"NotReviewed"	"1 scales"	"600"	"60000"	"Mon Nov 11 05:30:03 PST 2013"	"S63401"	"Approved"	""	"""hat"""	"0"	"-1"	"""5"""	"2"	"0"	"0.22"	"1"	"0"	"""right"""	"""TRUE"""	"""1"""	"-1"	"""ty"""	"""1"""	"""friend"""	"""5"""	"0"	"""null"""	"-1"	"""about Bob"""	"""2"""	"""FALSE"""	"-1"
"What is he talking about? (2-3 mins)"	"Short and fun! A 2-3 minute word game about what someone is talking about."	"experiment, psychology, game"	"$0.25"	"Mon Nov 04 05:30:03 PST 2013"	"100"	"0"	"0"	"100"	"Reviewable"	"NotReviewed"	"1 scales"	"600"	"60000"	"Mon Nov 11 05:30:03 PST 2013"	"S19462"	"Approved"	""	"""glasses"""	"0"	"-1"	"-1"	"0"	"0"	"0.22"	"1"	"0"	"""middle"""	"""TRUE"""	"-1"	"-1"	""""""	"""1"""	"""friend"""	"-1"	"0"	"""logical"""	"-1"	"""Judgements on what people are talking about"""	"""2"""	"""FALSE"""	"-1"
"What is he talking about? (2-3 mins)"	"Short and fun! A 2-3 minute word game about what someone is talking about."	"experiment, psychology, game"	"$0.25"	"Mon Nov 04 05:30:03 PST 2013"	"100"	"0"	"0"	"100"	"Reviewable"	"NotReviewed"	"1 scales"	"600"	"60000"	"Mon Nov 11 05:30:03 PST 2013"	"S52149"	"Approved"	""	"""mustache"""	"0"	"90"	"-1"	"1"	"0"	"0.22"	"1"	"0"	"""middle"""	"""TRUE"""	"-1"	"-1"	"""Thanks! This was fun."""	"""0"""	"""friend"""	"-1"	"0"	"""null"""	"10"	"""Risk taking and perception of who is Bob's best friend?"""	"""2"""	"""FALSE"""	"0"
"What is he talking about? (2-3 mins)"	"Short and fun! A 2-3 minute word game about what someone is talking about."	"experiment, psychology, game"	"$0.25"	"Mon Nov 04 05:30:03 PST 2013"	"100"	"0"	"0"	"100"	"Reviewable"	"NotReviewed"	"1 scales"	"600"	"60000"	"Mon Nov 11 05:30:03 PST 2013"	"S60860"	"Approved"	""	"""glasses"""	"1"	"-1"	"""3"""	"2"	"0"	"0.44"	"1"	"0"	"""middle"""	"""TRUE"""	"""1"""	"-1"	""""""	"""5"""	"""friend"""	"""5"""	"0"	"""null"""	"-1"	"""Bob's friends"""	"""8"""	"""FALSE"""	"-1"
"What is he talking about? (2-3 mins)"	"Short and fun! A 2-3 minute word game about what someone is talking about."	"experiment, psychology, game"	"$0.25"	"Mon Nov 04 05:30:03 PST 2013"	"100"	"0"	"0"	"100"	"Reviewable"	"NotReviewed"	"1 scales"	"600"	"60000"	"Mon Nov 11 05:30:03 PST 2013"	"S57038"	"Approved"	""	"""mustache"""	"0"	"-1"	"""4"""	"2"	"0"	"0.22"	"1"	"0"	"""right"""	"""TRUE"""	"""2"""	"-1"	""""""	"""7"""	"""friend"""	"""7"""	"0"	"""null"""	"-1"	"""The friends he meets every week"""	"""8"""	"""FALSE"""	"-1"
"What is he talking about? (2-3 mins)"	"Short and fun! A 2-3 minute word game about what someone is talking about."	"experiment, psychology, game"	"$0.25"	"Mon Nov 04 05:30:03 PST 2013"	"100"	"0"	"0"	"100"	"Reviewable"	"NotReviewed"	"1 scales"	"600"	"60000"	"Mon Nov 11 05:30:03 PST 2013"	"S58338"	"Approved"	""	"""glasses"""	"1"	"-1"	"-1"	"0"	"0"	"0.44"	"1"	"0"	"""right"""	"""TRUE"""	"-1"	"-1"	"""no"""	"""2"""	"""friend"""	"-1"	"0"	"""foil"""	"-1"	"""bob"""	"""4"""	"""FALSE"""	"-1"
"What is he talking about? (2-3 mins)"	"Short and fun! A 2-3 minute word game about what someone is talking about."	"experiment, psychology, game"	"$0.25"	"Mon Nov 04 05:30:03 PST 2013"	"100"	"0"	"0"	"100"	"Reviewable"	"NotReviewed"	"1 scales"	"600"	"60000"	"Mon Nov 11 05:30:03 PST 2013"	"S74545"	"Approved"	""	"""mustache"""	"3"	"10"	"-1"	"1"	"0"	"0.89"	"1"	"0"	"""right"""	"""TRUE"""	"-1"	"-1"	""""""	"""1"""	"""friend"""	"-1"	"0"	"""null"""	"80"	"""risk based on info provided"""	"""2"""	"""FALSE"""	"10"
"What is he talking about? (2-3 mins)"	"Short and fun! A 2-3 minute word game about what someone is talking about."	"experiment, psychology, game"	"$0.25"	"Mon Nov 04 05:30:03 PST 2013"	"100"	"0"	"0"	"100"	"Reviewable"	"NotReviewed"	"1 scales"	"600"	"60000"	"Mon Nov 11 05:30:03 PST 2013"	"S91514"	"Approved"	""	"""glasses"""	"1"	"-1"	"""5"""	"2"	"0"	"0.44"	"1"	"0"	"""right"""	"""TRUE"""	"""1"""	"-1"	"""nope!"""	"""1"""	"""friend"""	"""6"""	"0"	"""null"""	"-1"	"""Bob visiting people"""	"""2"""	"""FALSE"""	"-1"
"What is he talking about? (2-3 mins)"	"Short and fun! A 2-3 minute word game about what someone is talking about."	"experiment, psychology, game"	"$0.25"	"Mon Nov 04 05:30:03 PST 2013"	"100"	"0"	"0"	"100"	"Reviewable"	"NotReviewed"	"1 scales"	"600"	"60000"	"Mon Nov 11 05:30:03 PST 2013"	"S26082"	"Approved"	""	"""mustache"""	"1"	"-1"	"""3"""	"2"	"0"	"0.44"	"1"	"0"	"""middle"""	"""TRUE"""	"""1"""	"-1"	"""Quick and fun.  Thanks!"""	"""1"""	"""friend"""	"""6"""	"0"	"""null"""	"-1"	"""Figuring out which was Bob's favorite friend based on limited information."""	"""2"""	"""FALSE"""	"-1"
"What is he talking about? (2-3 mins)"	"Short and fun! A 2-3 minute word game about what someone is talking about."	"experiment, psychology, game"	"$0.25"	"Mon Nov 04 05:30:03 PST 2013"	"100"	"0"	"0"	"100"	"Reviewable"	"NotReviewed"	"1 scales"	"600"	"60000"	"Mon Nov 11 05:30:03 PST 2013"	"S30892"	"Approved"	""	"""hat"""	"2"	"-1"	"""6"""	"2"	"0"	"0.667"	"1"	"0"	"""left"""	"""TRUE"""	"""1"""	"-1"	"""no"""	"""1"""	"""friend"""	"""4"""	"0"	"""null"""	"-1"	"""The friends Bob visits each week and who his favorite friend is."""	"""2"""	"""FALSE"""	"-1"
"What is he talking about? (2-3 mins)"	"Short and fun! A 2-3 minute word game about what someone is talking about."	"experiment, psychology, game"	"$0.25"	"Mon Nov 04 05:30:03 PST 2013"	"100"	"0"	"0"	"100"	"Reviewable"	"NotReviewed"	"1 scales"	"600"	"60000"	"Mon Nov 11 05:30:03 PST 2013"	"S22631"	"Approved"	""	"""glasses"""	"2"	"-1"	"""6"""	"2"	"0"	"0.667"	"1"	"0"	"""middle"""	"""TRUE"""	"""4"""	"-1"	""""""	"""1"""	"""friend"""	"""5"""	"0"	"""null"""	"-1"	"""Bob's friends"""	"""2"""	"""FALSE"""	"-1"
"What is he talking about? (2-3 mins)"	"Short and fun! A 2-3 minute word game about what someone is talking about."	"experiment, psychology, game"	"$0.25"	"Mon Nov 04 05:30:03 PST 2013"	"100"	"0"	"0"	"100"	"Reviewable"	"NotReviewed"	"1 scales"	"600"	"60000"	"Mon Nov 11 05:30:03 PST 2013"	"S35082"	"Approved"	""	"""mustache"""	"3"	"-1"	"-1"	"0"	"0"	"0.89"	"1"	"0"	"""left"""	"""TRUE"""	"-1"	"-1"	""""""	"""1"""	"""friend"""	"-1"	"0"	"""target"""	"-1"	"""Who Bob met and which friend he's talking about"""	"""2"""	"""TRUE"""	"-1"
"What is he talking about? (2-3 mins)"	"Short and fun! A 2-3 minute word game about what someone is talking about."	"experiment, psychology, game"	"$0.25"	"Mon Nov 04 05:30:03 PST 2013"	"100"	"0"	"0"	"100"	"Reviewable"	"NotReviewed"	"1 scales"	"600"	"60000"	"Mon Nov 11 05:30:03 PST 2013"	"S14245"	"Approved"	""	"""hat"""	"3"	"-1"	"""6"""	"2"	"0"	"0.89"	"1"	"0"	"""left"""	"""TRUE"""	"""1"""	"-1"	"""no"""	"""1"""	"""friend"""	"""4"""	"0"	"""null"""	"-1"	"""who i think his favorite friend is"""	"""2"""	"""FALSE"""	"-1"
"What is he talking about? (2-3 mins)"	"Short and fun! A 2-3 minute word game about what someone is talking about."	"experiment, psychology, game"	"$0.25"	"Mon Nov 04 05:30:03 PST 2013"	"100"	"0"	"0"	"100"	"Reviewable"	"NotReviewed"	"1 scales"	"600"	"60000"	"Mon Nov 11 05:30:03 PST 2013"	"S18327"	"Approved"	""	"""glasses"""	"2"	"-1"	"-1"	"0"	"0"	"0.667"	"1"	"0"	"""middle"""	"""TRUE"""	"-1"	"-1"	""""""	"""1"""	"""friend"""	"-1"	"0"	"""target"""	"-1"	"""How we perceive what people say"""	"""2"""	"""TRUE"""	"-1"
"What is he talking about? (2-3 mins)"	"Short and fun! A 2-3 minute word game about what someone is talking about."	"experiment, psychology, game"	"$0.25"	"Mon Nov 04 05:30:03 PST 2013"	"100"	"0"	"0"	"100"	"Reviewable"	"NotReviewed"	"1 scales"	"600"	"60000"	"Mon Nov 11 05:30:03 PST 2013"	"S28066"	"Approved"	""	"""hat"""	"2"	"20"	"-1"	"1"	"0"	"0.667"	"1"	"0"	"""right"""	"""TRUE"""	"-1"	"-1"	""""""	"""1"""	"""friend"""	"-1"	"0"	"""null"""	"80"	"""memory"""	"""2"""	"""FALSE"""	"0"
"What is he talking about? (2-3 mins)"	"Short and fun! A 2-3 minute word game about what someone is talking about."	"experiment, psychology, game"	"$0.25"	"Mon Nov 04 05:30:03 PST 2013"	"100"	"0"	"0"	"100"	"Reviewable"	"NotReviewed"	"1 scales"	"600"	"60000"	"Mon Nov 11 05:30:03 PST 2013"	"S49244"	"Approved"	""	"""glasses"""	"3"	"33"	"-1"	"1"	"0"	"0.89"	"1"	"0"	"""right"""	"""TRUE"""	"-1"	"-1"	""""""	"""1"""	"""friend"""	"-1"	"0"	"""null"""	"34"	"""favoritism"""	"""2"""	"""FALSE"""	"33"
"What is he talking about? (2-3 mins)"	"Short and fun! A 2-3 minute word game about what someone is talking about."	"experiment, psychology, game"	"$0.25"	"Mon Nov 04 05:30:03 PST 2013"	"100"	"0"	"0"	"100"	"Reviewable"	"NotReviewed"	"1 scales"	"600"	"60000"	"Mon Nov 11 05:30:03 PST 2013"	"S81466"	"Approved"	""	"""glasses"""	"1"	"-1"	"-1"	"0"	"0"	"0.44"	"1"	"0"	"""middle"""	"""TRUE"""	"-1"	"-1"	"""Oh! two had glasses! oops!"""	"""1"""	"""friend"""	"-1"	"0"	"""target"""	"-1"	"""I'm not sure"""	"""1"""	"""TRUE"""	"-1"
"What is he talking about? (2-3 mins)"	"Short and fun! A 2-3 minute word game about what someone is talking about."	"experiment, psychology, game"	"$0.25"	"Mon Nov 04 05:30:03 PST 2013"	"100"	"0"	"0"	"100"	"Reviewable"	"NotReviewed"	"1 scales"	"600"	"60000"	"Mon Nov 11 05:30:03 PST 2013"	"S23774"	"Approved"	""	"""glasses"""	"1"	"-1"	"""3"""	"2"	"0"	"0.44"	"1"	"0"	"""left"""	"""TRUE"""	"""1"""	"-1"	"""It was an interesting study. """	"""5"""	"""friend"""	"""5"""	"0"	"""null"""	"-1"	"""who his favorite friend was to visit"""	"""3"""	"""FALSE"""	"-1"
"What is he talking about? (2-3 mins)"	"Short and fun! A 2-3 minute word game about what someone is talking about."	"experiment, psychology, game"	"$0.25"	"Mon Nov 04 05:30:03 PST 2013"	"100"	"0"	"0"	"100"	"Reviewable"	"NotReviewed"	"1 scales"	"600"	"60000"	"Mon Nov 11 05:30:03 PST 2013"	"S00673"	"Approved"	""	"""glasses"""	"2"	"-1"	"""4"""	"2"	"0"	"0.667"	"1"	"0"	"""right"""	"""TRUE"""	"""1"""	"-1"	""""""	"""1"""	"""friend"""	"""7"""	"0"	"""null"""	"-1"	"""About which friend was bobs"""	"""2"""	"""FALSE"""	"-1"
"What is he talking about? (2-3 mins)"	"Short and fun! A 2-3 minute word game about what someone is talking about."	"experiment, psychology, game"	"$0.25"	"Mon Nov 04 05:30:03 PST 2013"	"100"	"0"	"0"	"100"	"Reviewable"	"NotReviewed"	"1 scales"	"600"	"60000"	"Mon Nov 11 05:30:03 PST 2013"	"S72616"	"Approved"	""	"""hat"""	"2"	"-1"	"""3"""	"2"	"0"	"0.667"	"1"	"0"	"""right"""	"""TRUE"""	"""4"""	"-1"	""""""	"""1"""	"""friend"""	"""6"""	"0"	"""null"""	"-1"	"""Figuring out which friend was Bob's favorite"""	"""2"""	"""FALSE"""	"-1"
"What is he talking about? (2-3 mins)"	"Short and fun! A 2-3 minute word game about what someone is talking about."	"experiment, psychology, game"	"$0.25"	"Mon Nov 04 05:30:03 PST 2013"	"100"	"0"	"0"	"100"	"Reviewable"	"NotReviewed"	"1 scales"	"600"	"60000"	"Mon Nov 11 05:30:03 PST 2013"	"S11558"	"Approved"	""	"""hat"""	"2"	"20"	"-1"	"1"	"0"	"0.667"	"1"	"0"	"""right"""	"""TRUE"""	"-1"	"-1"	""""""	"""1"""	"""friend"""	"-1"	"0"	"""null"""	"80"	"""identifying bobs favorite friend"""	"""2"""	"""FALSE"""	"0"
"What is he talking about? (2-3 mins)"	"Short and fun! A 2-3 minute word game about what someone is talking about."	"experiment, psychology, game"	"$0.25"	"Mon Nov 04 05:30:03 PST 2013"	"100"	"0"	"0"	"100"	"Reviewable"	"NotReviewed"	"1 scales"	"600"	"60000"	"Mon Nov 11 05:30:03 PST 2013"	"S58947"	"Approved"	""	"""hat"""	"2"	"-1"	"-1"	"0"	"0"	"0.667"	"1"	"0"	"""right"""	"""TRUE"""	"-1"	"-1"	""""""	"""1"""	"""friend"""	"-1"	"0"	"""logical"""	"-1"	"""No idea"""	"""2"""	"""FALSE"""	"-1"
"What is he talking about? (2-3 mins)"	"Short and fun! A 2-3 minute word game about what someone is talking about."	"experiment, psychology, game"	"$0.25"	"Mon Nov 04 05:30:03 PST 2013"	"100"	"0"	"0"	"100"	"Reviewable"	"NotReviewed"	"1 scales"	"600"	"60000"	"Mon Nov 11 05:30:03 PST 2013"	"S38922"	"Approved"	""	"""mustache"""	"3"	"-1"	"""7"""	"2"	"0"	"0.89"	"1"	"0"	"""left"""	"""TRUE"""	"""1"""	"-1"	""""""	"""1"""	"""friend"""	"""3"""	"0"	"""null"""	"-1"	"""deciding who his favorite friend is"""	"""2"""	"""FALSE"""	"-1"
"What is he talking about? (2-3 mins)"	"Short and fun! A 2-3 minute word game about what someone is talking about."	"experiment, psychology, game"	"$0.25"	"Mon Nov 04 05:30:03 PST 2013"	"100"	"0"	"0"	"100"	"Reviewable"	"NotReviewed"	"1 scales"	"600"	"60000"	"Mon Nov 11 05:30:03 PST 2013"	"S38793"	"Approved"	""	"""glasses"""	"3"	"-1"	"""7"""	"2"	"0"	"0.89"	"1"	"0"	"""left"""	"""TRUE"""	"""1"""	"-1"	""""""	"""1"""	"""friend"""	"""3"""	"0"	"""null"""	"-1"	"""friends!"""	"""2"""	"""FALSE"""	"-1"
"What is he talking about? (2-3 mins)"	"Short and fun! A 2-3 minute word game about what someone is talking about."	"experiment, psychology, game"	"$0.25"	"Mon Nov 04 05:30:03 PST 2013"	"100"	"0"	"0"	"100"	"Reviewable"	"NotReviewed"	"1 scales"	"600"	"60000"	"Mon Nov 11 05:30:03 PST 2013"	"S56257"	"Approved"	""	"""hat"""	"3"	"-1"	"-1"	"0"	"0"	"0.89"	"1"	"0"	"""right"""	"""TRUE"""	"-1"	"-1"	"""n/a"""	"""1"""	"""friend"""	"-1"	"0"	"""target"""	"-1"	"""unsure"""	"""2"""	"""TRUE"""	"-1"
"What is he talking about? (2-3 mins)"	"Short and fun! A 2-3 minute word game about what someone is talking about."	"experiment, psychology, game"	"$0.25"	"Mon Nov 04 05:30:03 PST 2013"	"100"	"0"	"0"	"100"	"Reviewable"	"NotReviewed"	"1 scales"	"600"	"60000"	"Mon Nov 11 05:30:03 PST 2013"	"S01030"	"Approved"	""	"""mustache"""	"3"	"-1"	"-1"	"0"	"0"	"0.89"	"1"	"0"	"""left"""	"""TRUE"""	"-1"	"-1"	"""Thanks!"""	"""1"""	"""friend"""	"-1"	"0"	"""target"""	"-1"	"""Probability"""	"""7"""	"""TRUE"""	"-1"
"What is he talking about? (2-3 mins)"	"Short and fun! A 2-3 minute word game about what someone is talking about."	"experiment, psychology, game"	"$0.25"	"Mon Nov 04 05:30:03 PST 2013"	"100"	"0"	"0"	"100"	"Reviewable"	"NotReviewed"	"1 scales"	"600"	"60000"	"Mon Nov 11 05:30:03 PST 2013"	"S20628"	"Approved"	""	"""mustache"""	"0"	"-1"	"""2"""	"2"	"0"	"0.22"	"1"	"0"	"""middle"""	"""TRUE"""	"""1"""	"-1"	""""""	"""1"""	"""friend"""	"""7"""	"0"	"""null"""	"-1"	"""No idea"""	"""2"""	"""FALSE"""	"-1"
"What is he talking about? (2-3 mins)"	"Short and fun! A 2-3 minute word game about what someone is talking about."	"experiment, psychology, game"	"$0.25"	"Mon Nov 04 05:30:03 PST 2013"	"100"	"0"	"0"	"100"	"Reviewable"	"NotReviewed"	"1 scales"	"600"	"60000"	"Mon Nov 11 05:30:03 PST 2013"	"S29339"	"Approved"	""	"""glasses"""	"1"	"-1"	"-1"	"0"	"0"	"0.44"	"1"	"0"	"""left"""	"""TRUE"""	"-1"	"-1"	""""""	"""1"""	"""friend"""	"-1"	"0"	"""logical"""	"-1"	"""Bob's friend choices"""	"""2"""	"""FALSE"""	"-1"
"What is he talking about? (2-3 mins)"	"Short and fun! A 2-3 minute word game about what someone is talking about."	"experiment, psychology, game"	"$0.25"	"Mon Nov 04 05:30:03 PST 2013"	"100"	"0"	"0"	"100"	"Reviewable"	"NotReviewed"	"1 scales"	"600"	"60000"	"Mon Nov 11 05:30:03 PST 2013"	"S38380"	"Approved"	""	"""hat"""	"0"	"-1"	"-1"	"0"	"0"	"0.22"	"1"	"0"	"""middle"""	"""TRUE"""	"-1"	"-1"	""""""	"""1"""	"""friend"""	"-1"	"0"	"""logical"""	"-1"	"""language comprehension"""	"""2"""	"""FALSE"""	"-1"
"What is he talking about? (2-3 mins)"	"Short and fun! A 2-3 minute word game about what someone is talking about."	"experiment, psychology, game"	"$0.25"	"Mon Nov 04 05:30:03 PST 2013"	"100"	"0"	"0"	"100"	"Reviewable"	"NotReviewed"	"1 scales"	"600"	"60000"	"Mon Nov 11 05:30:03 PST 2013"	"S15916"	"Approved"	""	"""glasses"""	"0"	"-1"	"""1"""	"2"	"0"	"0.22"	"1"	"0"	"""right"""	"""FALSE"""	"""1"""	"-1"	""""""	"""1"""	"""friend"""	"""7"""	"0"	"""null"""	"-1"	"""Finding a pattern in decisions"""	"""2"""	"""FALSE"""	"-1"
"What is he talking about? (2-3 mins)"	"Short and fun! A 2-3 minute word game about what someone is talking about."	"experiment, psychology, game"	"$0.25"	"Mon Nov 04 05:30:03 PST 2013"	"100"	"0"	"0"	"100"	"Reviewable"	"NotReviewed"	"1 scales"	"600"	"60000"	"Mon Nov 11 05:30:03 PST 2013"	"S97659"	"Approved"	""	"""glasses"""	"0"	"-1"	"""3"""	"2"	"0"	"0.22"	"1"	"0"	"""middle"""	"""TRUE"""	"""1"""	"-1"	""""""	"""1"""	"""friend"""	"""6"""	"0"	"""null"""	"-1"	"""Perceptions of statements"""	"""2"""	"""FALSE"""	"-1"
"What is he talking about? (2-3 mins)"	"Short and fun! A 2-3 minute word game about what someone is talking about."	"experiment, psychology, game"	"$0.25"	"Mon Nov 04 05:30:03 PST 2013"	"100"	"0"	"0"	"100"	"Reviewable"	"NotReviewed"	"1 scales"	"600"	"60000"	"Mon Nov 11 05:30:03 PST 2013"	"S23719"	"Approved"	""	"""hat"""	"1"	"-1"	"""5"""	"2"	"0"	"0.44"	"1"	"0"	"""left"""	"""TRUE"""	"""1"""	"-1"	""""""	"""1"""	"""friend"""	"""5"""	"0"	"""null"""	"-1"	"""Which friend is Bob's favorite"""	"""2"""	"""FALSE"""	"-1"
"What is he talking about? (2-3 mins)"	"Short and fun! A 2-3 minute word game about what someone is talking about."	"experiment, psychology, game"	"$0.25"	"Mon Nov 04 05:30:03 PST 2013"	"100"	"0"	"0"	"100"	"Reviewable"	"NotReviewed"	"1 scales"	"600"	"60000"	"Mon Nov 11 05:30:03 PST 2013"	"S83025"	"Approved"	""	"""mustache"""	"1"	"-1"	"-1"	"0"	"0"	"0.44"	"1"	"0"	"""middle"""	"""TRUE"""	"-1"	"-1"	""""""	"""6"""	"""friend"""	"-1"	"0"	"""logical"""	"-1"	"""Memory"""	"""2"""	"""FALSE"""	"-1"
"What is he talking about? (2-3 mins)"	"Short and fun! A 2-3 minute word game about what someone is talking about."	"experiment, psychology, game"	"$0.25"	"Mon Nov 04 05:30:03 PST 2013"	"100"	"0"	"0"	"100"	"Reviewable"	"NotReviewed"	"1 scales"	"600"	"60000"	"Mon Nov 11 05:30:03 PST 2013"	"S73467"	"Approved"	""	"""glasses"""	"1"	"-1"	"""5"""	"2"	"0"	"0.44"	"1"	"0"	"""right"""	"""FALSE"""	"""3"""	"-1"	""""""	"""1"""	"""friend"""	"""7"""	"0"	"""null"""	"-1"	"""Memory"""	"""2"""	"""FALSE"""	"-1"
"What is he talking about? (2-3 mins)"	"Short and fun! A 2-3 minute word game about what someone is talking about."	"experiment, psychology, game"	"$0.25"	"Mon Nov 04 05:30:03 PST 2013"	"100"	"0"	"0"	"100"	"Reviewable"	"NotReviewed"	"1 scales"	"600"	"60000"	"Mon Nov 11 05:30:03 PST 2013"	"S88306"	"Approved"	""	"""mustache"""	"2"	"-1"	"-1"	"0"	"0"	"0.667"	"1"	"0"	"""left"""	"""FALSE"""	"-1"	"-1"	"""Fun fun fun!! Can't tell what button to click for friends name seems to be 2 for each. """	"""1"""	"""friend"""	"-1"	"0"	"""logical"""	"-1"	"""Determining perceptions of participants."""	"""2"""	"""FALSE"""	"-1"
"What is he talking about? (2-3 mins)"	"Short and fun! A 2-3 minute word game about what someone is talking about."	"experiment, psychology, game"	"$0.25"	"Mon Nov 04 05:30:03 PST 2013"	"100"	"0"	"0"	"100"	"Reviewable"	"NotReviewed"	"1 scales"	"600"	"60000"	"Mon Nov 11 05:30:03 PST 2013"	"S55066"	"Approved"	""	"""glasses"""	"2"	"-1"	"""3"""	"2"	"0"	"0.667"	"1"	"0"	"""right"""	"""TRUE"""	"""2"""	"-1"	""""""	"""6"""	"""friend"""	"""3"""	"0"	"""null"""	"-1"	"""to study people"""	"""2"""	"""FALSE"""	"-1"
"What is he talking about? (2-3 mins)"	"Short and fun! A 2-3 minute word game about what someone is talking about."	"experiment, psychology, game"	"$0.25"	"Mon Nov 04 05:30:03 PST 2013"	"100"	"0"	"0"	"100"	"Reviewable"	"NotReviewed"	"1 scales"	"600"	"60000"	"Mon Nov 11 05:30:03 PST 2013"	"S61597"	"Approved"	""	"""mustache"""	"1"	"100"	"-1"	"1"	"0"	"0.44"	"1"	"0"	"""right"""	"""TRUE"""	"-1"	"-1"	"""No."""	"""1"""	"""friend"""	"-1"	"0"	"""null"""	"0"	"""How people make judgements about others with limited information. (Bob visiting friends)"""	"""2"""	"""FALSE"""	"0"
"What is he talking about? (2-3 mins)"	"Short and fun! A 2-3 minute word game about what someone is talking about."	"experiment, psychology, game"	"$0.25"	"Mon Nov 04 05:30:03 PST 2013"	"100"	"0"	"0"	"100"	"Reviewable"	"NotReviewed"	"1 scales"	"600"	"60000"	"Mon Nov 11 05:30:03 PST 2013"	"S81839"	"Approved"	""	"""glasses"""	"2"	"-1"	"-1"	"0"	"0"	"0.667"	"1"	"0"	"""middle"""	"""FALSE"""	"-1"	"-1"	"""should do in in a separate window so i don't have to scroll on the amazon mech turk page"""	"""1"""	"""friend"""	"-1"	"0"	"""target"""	"-1"	"""meet friends """	"""2"""	"""TRUE"""	"-1"
"What is he talking about? (2-3 mins)"	"Short and fun! A 2-3 minute word game about what someone is talking about."	"experiment, psychology, game"	"$0.25"	"Mon Nov 04 05:30:03 PST 2013"	"100"	"0"	"0"	"100"	"Reviewable"	"NotReviewed"	"1 scales"	"600"	"60000"	"Mon Nov 11 05:30:03 PST 2013"	"S81014"	"Approved"	""	"""mustache"""	"2"	"-1"	"-1"	"0"	"0"	"0.667"	"1"	"0"	"""left"""	"""TRUE"""	"-1"	"-1"	"""no"""	"""3"""	"""friend"""	"-1"	"0"	"""target"""	"-1"	"""haven't got a clue"""	"""5"""	"""TRUE"""	"-1"
"What is he talking about? (2-3 mins)"	"Short and fun! A 2-3 minute word game about what someone is talking about."	"experiment, psychology, game"	"$0.25"	"Mon Nov 04 05:30:03 PST 2013"	"100"	"0"	"0"	"100"	"Reviewable"	"NotReviewed"	"1 scales"	"600"	"60000"	"Mon Nov 11 05:30:03 PST 2013"	"S60467"	"Approved"	""	"""hat"""	"3"	"-1"	"-1"	"0"	"0"	"0.89"	"1"	"0"	"""left"""	"""TRUE"""	"-1"	"-1"	"""no"""	"""1"""	"""friend"""	"-1"	"0"	"""target"""	"-1"	"""friends"""	"""2"""	"""TRUE"""	"-1"
"What is he talking about? (2-3 mins)"	"Short and fun! A 2-3 minute word game about what someone is talking about."	"experiment, psychology, game"	"$0.25"	"Mon Nov 04 05:30:03 PST 2013"	"100"	"0"	"0"	"100"	"Reviewable"	"NotReviewed"	"1 scales"	"600"	"60000"	"Mon Nov 11 05:30:03 PST 2013"	"S61750"	"Approved"	""	"""glasses"""	"3"	"-1"	"""7"""	"2"	"0"	"0.89"	"1"	"0"	"""right"""	"""TRUE"""	"""1"""	"-1"	""""""	"""1"""	"""friend"""	"""4"""	"0"	"""null"""	"-1"	"""not sure"""	"""2"""	"""FALSE"""	"-1"
"What is he talking about? (2-3 mins)"	"Short and fun! A 2-3 minute word game about what someone is talking about."	"experiment, psychology, game"	"$0.25"	"Mon Nov 04 05:30:03 PST 2013"	"100"	"0"	"0"	"100"	"Reviewable"	"NotReviewed"	"1 scales"	"600"	"60000"	"Mon Nov 11 05:30:03 PST 2013"	"S00013"	"Approved"	""	"""glasses"""	"3"	"-1"	"-1"	"0"	"0"	"0.89"	"1"	"0"	"""middle"""	"""TRUE"""	"-1"	"-1"	""""""	"""1"""	"""friend"""	"-1"	"0"	"""target"""	"-1"	"""Visiting friends"""	"""2"""	"""TRUE"""	"-1"
"What is he talking about? (2-3 mins)"	"Short and fun! A 2-3 minute word game about what someone is talking about."	"experiment, psychology, game"	"$0.25"	"Mon Nov 04 05:30:03 PST 2013"	"100"	"0"	"0"	"100"	"Reviewable"	"NotReviewed"	"1 scales"	"600"	"60000"	"Mon Nov 11 05:30:03 PST 2013"	"S44794"	"Approved"	""	"""hat"""	"3"	"-1"	"-1"	"0"	"0"	"0.89"	"1"	"0"	"""right"""	"""TRUE"""	"-1"	"-1"	""""""	"""1"""	"""friend"""	"-1"	"0"	"""target"""	"-1"	"""Who you think hes talking about"""	"""2"""	"""TRUE"""	"-1"
"What is he talking about? (2-3 mins)"	"Short and fun! A 2-3 minute word game about what someone is talking about."	"experiment, psychology, game"	"$0.25"	"Mon Nov 04 05:30:03 PST 2013"	"100"	"0"	"0"	"100"	"Reviewable"	"NotReviewed"	"1 scales"	"600"	"60000"	"Mon Nov 11 05:30:03 PST 2013"	"S20564"	"Approved"	""	"""glasses"""	"3"	"-1"	"""2"""	"2"	"0"	"0.89"	"1"	"0"	"""left"""	"""TRUE"""	"""2"""	"-1"	""""""	"""1"""	"""friend"""	"""6"""	"0"	"""null"""	"-1"	"""Not sure"""	"""2"""	"""FALSE"""	"-1"
"What is he talking about? (2-3 mins)"	"Short and fun! A 2-3 minute word game about what someone is talking about."	"experiment, psychology, game"	"$0.25"	"Mon Nov 04 05:30:03 PST 2013"	"100"	"0"	"0"	"100"	"Reviewable"	"NotReviewed"	"1 scales"	"600"	"60000"	"Mon Nov 11 05:30:03 PST 2013"	"S43546"	"Approved"	""	"""mustache"""	"3"	"-1"	"""7"""	"2"	"0"	"0.89"	"1"	"0"	"""left"""	"""TRUE"""	"""1"""	"-1"	""""""	"""1"""	"""friend"""	"""2"""	"0"	"""null"""	"-1"	"""The different friends that he meets each week."""	"""2"""	"""FALSE"""	"-1"
"What is he talking about? (2-3 mins)"	"Short and fun! A 2-3 minute word game about what someone is talking about."	"experiment, psychology, game"	"$0.25"	"Mon Nov 04 05:30:03 PST 2013"	"100"	"0"	"0"	"100"	"Reviewable"	"NotReviewed"	"1 scales"	"600"	"60000"	"Mon Nov 11 05:30:03 PST 2013"	"S20801"	"Approved"	""	"""mustache"""	"0"	"55"	"-1"	"1"	"0"	"0.22"	"1"	"0"	"""middle"""	"""TRUE"""	"-1"	"-1"	""""""	"""1"""	"""friend"""	"-1"	"0"	"""null"""	"45"	"""betting on friends"""	"""2"""	"""FALSE"""	"0"
"What is he talking about? (2-3 mins)"	"Short and fun! A 2-3 minute word game about what someone is talking about."	"experiment, psychology, game"	"$0.25"	"Mon Nov 04 05:30:03 PST 2013"	"100"	"0"	"0"	"100"	"Reviewable"	"NotReviewed"	"1 scales"	"600"	"60000"	"Mon Nov 11 05:30:03 PST 2013"	"S91405"	"Approved"	""	"""mustache"""	"0"	"98"	"-1"	"1"	"0"	"0.22"	"1"	"0"	"""middle"""	"""TRUE"""	"-1"	"-1"	""""""	"""1"""	"""friend"""	"-1"	"0"	"""null"""	"2"	"""Bob's Favorite Friend"""	"""2"""	"""FALSE"""	"0"
"What is he talking about? (2-3 mins)"	"Short and fun! A 2-3 minute word game about what someone is talking about."	"experiment, psychology, game"	"$0.25"	"Mon Nov 04 05:30:03 PST 2013"	"100"	"0"	"0"	"100"	"Reviewable"	"NotReviewed"	"1 scales"	"600"	"60000"	"Mon Nov 11 05:30:03 PST 2013"	"S65911"	"Approved"	""	"""mustache"""	"0"	"50"	"-1"	"1"	"0"	"0.22"	"1"	"0"	"""middle"""	"""TRUE"""	"-1"	"-1"	""""""	"""1"""	"""friend"""	"-1"	"0"	"""null"""	"50"	"""his friends"""	"""2"""	"""FALSE"""	"0"
"What is he talking about? (2-3 mins)"	"Short and fun! A 2-3 minute word game about what someone is talking about."	"experiment, psychology, game"	"$0.25"	"Mon Nov 04 05:30:03 PST 2013"	"100"	"0"	"0"	"100"	"Reviewable"	"NotReviewed"	"1 scales"	"600"	"60000"	"Mon Nov 11 05:30:03 PST 2013"	"S54573"	"Approved"	""	"""hat"""	"0"	"-1"	"-1"	"0"	"0"	"0.22"	"1"	"0"	"""left"""	"""TRUE"""	"-1"	"-1"	""""""	"""1"""	"""friend"""	"-1"	"0"	"""target"""	"-1"	"""Memory recognition of certain facial features."""	"""2"""	"""TRUE"""	"-1"
"What is he talking about? (2-3 mins)"	"Short and fun! A 2-3 minute word game about what someone is talking about."	"experiment, psychology, game"	"$0.25"	"Mon Nov 04 05:30:03 PST 2013"	"100"	"0"	"0"	"100"	"Reviewable"	"NotReviewed"	"1 scales"	"600"	"60000"	"Mon Nov 11 05:30:03 PST 2013"	"S18505"	"Approved"	""	"""mustache"""	"0"	"-1"	"-1"	"0"	"0"	"0.22"	"1"	"0"	"""middle"""	"""TRUE"""	"-1"	"-1"	""""""	"""1"""	"""friend"""	"-1"	"0"	"""logical"""	"-1"	"""I believe the survey was about how well people's retention rate is for information. """	"""2"""	"""FALSE"""	"-1"
"What is he talking about? (2-3 mins)"	"Short and fun! A 2-3 minute word game about what someone is talking about."	"experiment, psychology, game"	"$0.25"	"Mon Nov 04 05:30:03 PST 2013"	"100"	"0"	"0"	"100"	"Reviewable"	"NotReviewed"	"1 scales"	"600"	"60000"	"Mon Nov 11 05:30:03 PST 2013"	"S98241"	"Approved"	""	"""glasses"""	"0"	"-1"	"-1"	"0"	"0"	"0.22"	"1"	"0"	"""right"""	"""TRUE"""	"-1"	"-1"	""""""	"""1"""	"""friend"""	"-1"	"0"	"""logical"""	"-1"	"""not sure"""	"""1"""	"""FALSE"""	"-1"
"What is he talking about? (2-3 mins)"	"Short and fun! A 2-3 minute word game about what someone is talking about."	"experiment, psychology, game"	"$0.25"	"Mon Nov 04 05:30:03 PST 2013"	"100"	"0"	"0"	"100"	"Reviewable"	"NotReviewed"	"1 scales"	"600"	"60000"	"Mon Nov 11 05:30:03 PST 2013"	"S21819"	"Approved"	""	"""mustache"""	"1"	"-1"	"-1"	"0"	"0"	"0.44"	"1"	"0"	"""right"""	"""TRUE"""	"-1"	"-1"	"""nope"""	"""1"""	"""friend"""	"-1"	"0"	"""logical"""	"-1"	"""bob visiting freinds"""	"""2"""	"""FALSE"""	"-1"
"What is he talking about? (2-3 mins)"	"Short and fun! A 2-3 minute word game about what someone is talking about."	"experiment, psychology, game"	"$0.25"	"Mon Nov 04 05:30:03 PST 2013"	"100"	"0"	"0"	"100"	"Reviewable"	"NotReviewed"	"1 scales"	"600"	"60000"	"Mon Nov 11 05:30:03 PST 2013"	"S40394"	"Approved"	""	"""mustache"""	"1"	"-1"	"-1"	"0"	"0"	"0.44"	"1"	"0"	"""right"""	"""TRUE"""	"-1"	"-1"	""""""	"""1"""	"""friend"""	"-1"	"0"	"""target"""	"-1"	"""Who Bob visits"""	"""1"""	"""TRUE"""	"-1"
"What is he talking about? (2-3 mins)"	"Short and fun! A 2-3 minute word game about what someone is talking about."	"experiment, psychology, game"	"$0.25"	"Mon Nov 04 05:30:03 PST 2013"	"100"	"0"	"0"	"100"	"Reviewable"	"NotReviewed"	"1 scales"	"600"	"60000"	"Mon Nov 11 05:30:03 PST 2013"	"S90870"	"Approved"	""	"""mustache"""	"1"	"-1"	"""6"""	"2"	"0"	"0.44"	"1"	"0"	"""left"""	"""TRUE"""	"""1"""	"-1"	""""""	"""1"""	"""friend"""	"""6"""	"0"	"""null"""	"-1"	"""perceptions"""	"""2"""	"""FALSE"""	"-1"
"What is he talking about? (2-3 mins)"	"Short and fun! A 2-3 minute word game about what someone is talking about."	"experiment, psychology, game"	"$0.25"	"Mon Nov 04 05:30:03 PST 2013"	"100"	"0"	"0"	"100"	"Reviewable"	"NotReviewed"	"1 scales"	"600"	"60000"	"Mon Nov 11 05:30:03 PST 2013"	"S64983"	"Approved"	""	"""hat"""	"2"	"-1"	"""1"""	"2"	"0"	"0.667"	"1"	"0"	"""left"""	"""TRUE"""	"""2"""	"-1"	""""""	"""1"""	"""friend"""	"""7"""	"0"	"""null"""	"-1"	"""bob's friends"""	"""2"""	"""FALSE"""	"-1"
"What is he talking about? (2-3 mins)"	"Short and fun! A 2-3 minute word game about what someone is talking about."	"experiment, psychology, game"	"$0.25"	"Mon Nov 04 05:30:03 PST 2013"	"100"	"0"	"0"	"100"	"Reviewable"	"NotReviewed"	"1 scales"	"600"	"60000"	"Mon Nov 11 05:30:03 PST 2013"	"S53028"	"Approved"	""	"""glasses"""	"2"	"-1"	"""7"""	"2"	"0"	"0.667"	"1"	"0"	"""left"""	"""TRUE"""	"""2"""	"-1"	"""Nope, very interesting."""	"""1"""	"""friend"""	"""7"""	"0"	"""null"""	"-1"	"""Friendship preferences due to superficial attributes?"""	"""2"""	"""FALSE"""	"-1"
"What is he talking about? (2-3 mins)"	"Short and fun! A 2-3 minute word game about what someone is talking about."	"experiment, psychology, game"	"$0.25"	"Mon Nov 04 05:30:03 PST 2013"	"100"	"0"	"0"	"100"	"Reviewable"	"NotReviewed"	"1 scales"	"600"	"60000"	"Mon Nov 11 05:30:03 PST 2013"	"S13010"	"Approved"	""	"""hat"""	"2"	"-1"	"""7"""	"2"	"0"	"0.667"	"1"	"0"	"""left"""	"""TRUE"""	"""1"""	"-1"	""""""	"""1"""	"""friend"""	"""3"""	"0"	"""null"""	"-1"	"""friends"""	"""2"""	"""FALSE"""	"-1"
"What is he talking about? (2-3 mins)"	"Short and fun! A 2-3 minute word game about what someone is talking about."	"experiment, psychology, game"	"$0.25"	"Mon Nov 04 05:30:03 PST 2013"	"100"	"0"	"0"	"100"	"Reviewable"	"NotReviewed"	"1 scales"	"600"	"60000"	"Mon Nov 11 05:30:03 PST 2013"	"S48238"	"Approved"	""	"""hat"""	"1"	"100"	"-1"	"1"	"0"	"0.44"	"1"	"0"	"""left"""	"""TRUE"""	"-1"	"-1"	""""""	"""1"""	"""friend"""	"-1"	"0"	"""null"""	"0"	"""Each week he visits friends"""	"""2"""	"""FALSE"""	"0"
"What is he talking about? (2-3 mins)"	"Short and fun! A 2-3 minute word game about what someone is talking about."	"experiment, psychology, game"	"$0.25"	"Mon Nov 04 05:30:03 PST 2013"	"100"	"0"	"0"	"100"	"Reviewable"	"NotReviewed"	"1 scales"	"600"	"60000"	"Mon Nov 11 05:30:03 PST 2013"	"S93377"	"Approved"	""	"""hat"""	"1"	"-1"	"-1"	"0"	"0"	"0.44"	"1"	"0"	"""middle"""	"""FALSE"""	"-1"	"-1"	"""no"""	"""6"""	"""friend"""	"-1"	"0"	"""logical"""	"-1"	"""memory?"""	"""8"""	"""FALSE"""	"-1"
"What is he talking about? (2-3 mins)"	"Short and fun! A 2-3 minute word game about what someone is talking about."	"experiment, psychology, game"	"$0.25"	"Mon Nov 04 05:30:03 PST 2013"	"100"	"0"	"0"	"100"	"Reviewable"	"NotReviewed"	"1 scales"	"600"	"60000"	"Mon Nov 11 05:30:03 PST 2013"	"S75120"	"Approved"	""	"""hat"""	"3"	"-1"	"-1"	"0"	"0"	"0.89"	"1"	"0"	"""right"""	"""TRUE"""	"-1"	"-1"	"""no."""	"""1"""	"""friend"""	"-1"	"0"	"""target"""	"-1"	"""Choosing who I thought bob's best friend was"""	"""2"""	"""TRUE"""	"-1"
"What is he talking about? (2-3 mins)"	"Short and fun! A 2-3 minute word game about what someone is talking about."	"experiment, psychology, game"	"$0.25"	"Mon Nov 04 05:30:03 PST 2013"	"100"	"0"	"0"	"100"	"Reviewable"	"NotReviewed"	"1 scales"	"600"	"60000"	"Mon Nov 11 05:30:03 PST 2013"	"S53392"	"Approved"	""	"""mustache"""	"3"	"25"	"-1"	"1"	"0"	"0.89"	"1"	"0"	"""middle"""	"""TRUE"""	"-1"	"-1"	"""No."""	"""1"""	"""friend"""	"-1"	"0"	"""null"""	"75"	"""Probability"""	"""2"""	"""FALSE"""	"0"
"What is he talking about? (2-3 mins)"	"Short and fun! A 2-3 minute word game about what someone is talking about."	"experiment, psychology, game"	"$0.25"	"Mon Nov 04 05:30:03 PST 2013"	"100"	"0"	"0"	"100"	"Reviewable"	"NotReviewed"	"1 scales"	"600"	"60000"	"Mon Nov 11 05:30:03 PST 2013"	"S02021"	"Approved"	""	"""hat"""	"1"	"70"	"-1"	"1"	"0"	"0.44"	"1"	"0"	"""right"""	"""TRUE"""	"-1"	"-1"	""""""	"""1"""	"""friend"""	"-1"	"0"	"""null"""	"20"	"""Bobs friends"""	"""2"""	"""FALSE"""	"10"
"What is he talking about? (2-3 mins)"	"Short and fun! A 2-3 minute word game about what someone is talking about."	"experiment, psychology, game"	"$0.25"	"Mon Nov 04 05:30:03 PST 2013"	"100"	"0"	"0"	"100"	"Reviewable"	"NotReviewed"	"1 scales"	"600"	"60000"	"Mon Nov 11 05:30:03 PST 2013"	"S06033"	"Approved"	""	"""hat"""	"3"	"50"	"-1"	"1"	"0"	"0.89"	"1"	"0"	"""right"""	"""FALSE"""	"-1"	"-1"	""""""	"""1"""	"""friend"""	"-1"	"0"	"""null"""	"50"	"""Memory"""	"""2"""	"""FALSE"""	"0"
"What is he talking about? (2-3 mins)"	"Short and fun! A 2-3 minute word game about what someone is talking about."	"experiment, psychology, game"	"$0.25"	"Mon Nov 04 05:30:03 PST 2013"	"100"	"0"	"0"	"100"	"Reviewable"	"NotReviewed"	"1 scales"	"600"	"60000"	"Mon Nov 11 05:30:03 PST 2013"	"S49751"	"Approved"	""	"""hat"""	"1"	"70"	"-1"	"1"	"0"	"0.44"	"1"	"0"	"""right"""	"""TRUE"""	"-1"	"-1"	""""""	"""1"""	"""friend"""	"-1"	"0"	"""null"""	"20"	"""MEMORY"""	"""2"""	"""FALSE"""	"10"
"What is he talking about? (2-3 mins)"	"Short and fun! A 2-3 minute word game about what someone is talking about."	"experiment, psychology, game"	"$0.25"	"Mon Nov 04 05:30:03 PST 2013"	"100"	"0"	"0"	"100"	"Reviewable"	"NotReviewed"	"1 scales"	"600"	"60000"	"Mon Nov 11 05:30:03 PST 2013"	"S44467"	"Approved"	""	"""glasses"""	"3"	"-1"	"""4"""	"2"	"0"	"0.89"	"1"	"0"	"""right"""	"""TRUE"""	"""4"""	"-1"	""""""	"""1"""	"""friend"""	"""4"""	"0"	"""null"""	"-1"	"""Not sure"""	"""2"""	"""FALSE"""	"-1"
"What is he talking about? (2-3 mins)"	"Short and fun! A 2-3 minute word game about what someone is talking about."	"experiment, psychology, game"	"$0.25"	"Mon Nov 04 05:30:03 PST 2013"	"100"	"0"	"0"	"100"	"Reviewable"	"NotReviewed"	"1 scales"	"600"	"60000"	"Mon Nov 11 05:30:03 PST 2013"	"S26988"	"Approved"	""	"""hat"""	"2"	"-1"	"""4"""	"2"	"0"	"0.667"	"1"	"0"	"""left"""	"""TRUE"""	"""1"""	"-1"	"""Not at this time."""	"""0"""	"""friend"""	"""4"""	"0"	"""null"""	"-1"	"""Bob visiting friends and which friend was his favorite."""	"""2"""	"""FALSE"""	"-1"
"What is he talking about? (2-3 mins)"	"Short and fun! A 2-3 minute word game about what someone is talking about."	"experiment, psychology, game"	"$0.25"	"Mon Nov 04 05:30:03 PST 2013"	"100"	"0"	"0"	"100"	"Reviewable"	"NotReviewed"	"1 scales"	"600"	"60000"	"Mon Nov 11 05:30:03 PST 2013"	"S11291"	"Approved"	""	"""glasses"""	"2"	"30"	"-1"	"1"	"0"	"0.667"	"1"	"0"	"""left"""	"""TRUE"""	"-1"	"-1"	""""""	"""1"""	"""friend"""	"-1"	"0"	"""null"""	"60"	"""Favortism"""	"""2"""	"""FALSE"""	"10"
"What is he talking about? (2-3 mins)"	"Short and fun! A 2-3 minute word game about what someone is talking about."	"experiment, psychology, game"	"$0.25"	"Mon Nov 04 05:30:03 PST 2013"	"100"	"0"	"0"	"100"	"Reviewable"	"NotReviewed"	"1 scales"	"600"	"60000"	"Mon Nov 11 05:30:03 PST 2013"	"S53009"	"Approved"	""	"""hat"""	"0"	"-1"	"""1"""	"2"	"0"	"0.22"	"1"	"0"	"""left"""	"""TRUE"""	"""1"""	"-1"	""""""	"""7"""	"""friend"""	"""7"""	"0"	"""null"""	"-1"	"""Memory"""	"""8"""	"""FALSE"""	"-1"
"What is he talking about? (2-3 mins)"	"Short and fun! A 2-3 minute word game about what someone is talking about."	"experiment, psychology, game"	"$0.25"	"Mon Nov 04 05:30:03 PST 2013"	"100"	"0"	"0"	"100"	"Reviewable"	"NotReviewed"	"1 scales"	"600"	"60000"	"Mon Nov 11 05:30:03 PST 2013"	"S71918"	"Approved"	""	"""mustache"""	"0"	"100"	"-1"	"1"	"0"	"0.22"	"1"	"0"	"""right"""	"""TRUE"""	"-1"	"-1"	""""""	"""1"""	"""friend"""	"-1"	"0"	"""null"""	"0"	"""How much you paid attention"""	"""2"""	"""FALSE"""	"0"
"What is he talking about? (2-3 mins)"	"Short and fun! A 2-3 minute word game about what someone is talking about."	"experiment, psychology, game"	"$0.25"	"Mon Nov 04 05:30:03 PST 2013"	"100"	"0"	"0"	"100"	"Reviewable"	"NotReviewed"	"1 scales"	"600"	"60000"	"Mon Nov 11 05:30:03 PST 2013"	"S00592"	"Approved"	""	"""mustache"""	"0"	"-1"	"""3"""	"2"	"0"	"0.22"	"1"	"0"	"""left"""	"""TRUE"""	"""1"""	"-1"	""""""	"""1"""	"""friend"""	"""4"""	"0"	"""null"""	"-1"	"""unsure"""	"""2"""	"""FALSE"""	"-1"
"What is he talking about? (2-3 mins)"	"Short and fun! A 2-3 minute word game about what someone is talking about."	"experiment, psychology, game"	"$0.25"	"Mon Nov 04 05:30:03 PST 2013"	"100"	"0"	"0"	"100"	"Reviewable"	"NotReviewed"	"1 scales"	"600"	"60000"	"Mon Nov 11 05:30:03 PST 2013"	"S11918"	"Approved"	""	"""mustache"""	"0"	"-1"	"""6"""	"2"	"0"	"0.22"	"1"	"0"	"""left"""	"""TRUE"""	"""1"""	"-1"	""""""	"""1"""	"""friend"""	"""6"""	"0"	"""null"""	"-1"	"""Choosing Bob's best friend"""	"""2"""	"""FALSE"""	"-1"
"What is he talking about? (2-3 mins)"	"Short and fun! A 2-3 minute word game about what someone is talking about."	"experiment, psychology, game"	"$0.25"	"Mon Nov 04 05:30:03 PST 2013"	"100"	"0"	"0"	"100"	"Reviewable"	"NotReviewed"	"1 scales"	"600"	"60000"	"Mon Nov 11 05:30:03 PST 2013"	"S22869"	"Approved"	""	"""glasses"""	"0"	"-1"	"""6"""	"2"	"0"	"0.22"	"1"	"0"	"""left"""	"""TRUE"""	"""1"""	"-1"	""""""	"""7"""	"""friend"""	"""7"""	"0"	"""null"""	"-1"	"""don't know"""	"""8"""	"""FALSE"""	"-1"
"What is he talking about? (2-3 mins)"	"Short and fun! A 2-3 minute word game about what someone is talking about."	"experiment, psychology, game"	"$0.25"	"Mon Nov 04 05:30:03 PST 2013"	"100"	"0"	"0"	"100"	"Reviewable"	"NotReviewed"	"1 scales"	"600"	"60000"	"Mon Nov 11 05:30:03 PST 2013"	"S81447"	"Approved"	""	"""mustache"""	"2"	"-1"	"-1"	"0"	"0"	"0.667"	"1"	"0"	"""middle"""	"""TRUE"""	"-1"	"-1"	""""""	"""1"""	"""friend"""	"-1"	"0"	"""target"""	"-1"	"""bobs friends he visits"""	"""2"""	"""TRUE"""	"-1"
"What is he talking about? (2-3 mins)"	"Short and fun! A 2-3 minute word game about what someone is talking about."	"experiment, psychology, game"	"$0.25"	"Mon Nov 04 05:30:03 PST 2013"	"100"	"0"	"0"	"100"	"Reviewable"	"NotReviewed"	"1 scales"	"600"	"60000"	"Mon Nov 11 05:30:03 PST 2013"	"S70909"	"Approved"	""	"""glasses"""	"2"	"-1"	"-1"	"0"	"0"	"0.667"	"1"	"0"	"""left"""	"""TRUE"""	"-1"	"-1"	""""""	"""5"""	"""friend"""	"-1"	"0"	"""logical"""	"-1"	"""To determine which friend Bob likes to visit most."""	"""8"""	"""FALSE"""	"-1"
"What is he talking about? (2-3 mins)"	"Short and fun! A 2-3 minute word game about what someone is talking about."	"experiment, psychology, game"	"$0.25"	"Mon Nov 04 05:30:03 PST 2013"	"100"	"0"	"0"	"100"	"Reviewable"	"NotReviewed"	"1 scales"	"600"	"60000"	"Mon Nov 11 05:30:03 PST 2013"	"S29159"	"Approved"	""	"""glasses"""	"1"	"-1"	"-1"	"0"	"0"	"0.44"	"1"	"0"	"""middle"""	"""TRUE"""	"-1"	"-1"	"""No."""	"""1"""	"""friend"""	"-1"	"0"	"""logical"""	"-1"	"""Who Bob's best friend to visit is."""	"""2"""	"""FALSE"""	"-1"
