"HitTitle","Annotation","WorkerId","Status","Answer 1","Answer 2","Answer 3","Answer 4","Answer 5","Answer 6","Answer 7","Answer 8","Answer 9","Answer 10","Answer 11","Answer 12","Answer 13","Answer 14","Answer 15","Answer 16","Answer 17","Answer 18","Answer 19","Answer 20","Answer 21","Answer 22","Answer 23","Answer 24"
"What is he talking about? (2-3 mins)","1 scales","S25107","Approved","""hat""","""null""","2","10","90","-1","0.667","""Patterns""","1","1","""2""","1","0","""None""","0","""1""","""friend""","""right""","""TRUE""","-1","""FALSE""","-1","0","0"
"What is he talking about? (2-3 mins)","1 scales","S39652","Approved","""glasses""","2","0","-1","1","""Thank you""","0","""1""","""friend""","-1","0","""null""","100","0.667","""memory""","1","""2""","1","0","""middle""","""TRUE""","-1","""FALSE""","0"
"What is he talking about? (2-3 mins)","1 scales","S71478","Approved","""mustache""","3","0","-1","1","0","0.89","1","0","""middle""","""TRUE""","-1","""""","""1""","""friend""","-1","0","""null""","100","""Guessing who's his favorite friend""","1","""2""","""FALSE""","0"
"What is he talking about? (2-3 mins)","1 scales","S39391","Approved","""hat""","3","0","-1","1","""""","0","""1""","""friend""","-1","0","""null""","100","0.89","""Who Bob visits on Sunday and who his best friend is.""","1","""2""","1","0","""middle""","""TRUE""","-1","""FALSE""","0"
"What is he talking about? (2-3 mins)","1 scales","S14854","Approved","""hat""","1","20","-1","1","""""","0","""1""","""friend""","-1","0","""null""","50","0.44","""People who have hats""","1","""2""","1","0","""left""","""TRUE""","-1","""FALSE""","30"
"What is he talking about? (2-3 mins)","1 scales","S10717","Approved","""glasses""","3","50","-1","1","0","0.89","1","0","""middle""","""TRUE""","-1","""thanks""","""1""","""friend""","-1","0","""null""","40","""About Bob and his friends ""","1","""2""","""FALSE""","10"
"What is he talking about? (2-3 mins)","1 scales","S53009","Approved","""mustache""","""null""","1","20","80","-1","0.44","""Probability""","1","1","""8""","1","0","""No :)""","0","""5""","""friend""","""left""","""FALSE""","-1","""FALSE""","-1","0","0"
"What is he talking about? (2-3 mins)","1 scales","S25999","Approved","""glasses""","1","50","-1","1","0","0.44","1","0","""middle""","""TRUE""","-1","""no""","""1""","""friend""","-1","0","""null""","50","""Bob and his favorite friend""","1","""2""","""FALSE""","0"
"What is he talking about? (2-3 mins)","1 scales","S67745","Approved","""hat""","1","10","-1","1","""""","0","""1""","""friend""","-1","0","""null""","90","0.44","""Remembering faces and who is who""","1","""2""","1","0","""right""","""TRUE""","-1","""FALSE""","0"
"What is he talking about? (2-3 mins)","1 scales","S05852","Approved","""glasses""","2","15","-1","1","""nope""","0","""1""","""friend""","-1","0","""null""","75","0.667","""Bobs friends""","1","""2""","1","0","""right""","""TRUE""","-1","""FALSE""","10"
"What is he talking about? (2-3 mins)","1 scales","S94934","Approved","""glasses""","""null""","2","70","30","-1","0.667","""paying attention""","1","1","""8""","1","0","""""","0","""3""","""friend""","""right""","""TRUE""","-1","""FALSE""","-1","0","0"
"What is he talking about? (2-3 mins)","1 scales","S85966","Approved","""mustache""","3","1","-1","1","""""","0","""1""","""friend""","-1","0","""null""","98","0.89","""How to tell who is the favorite friend.""","1","""2""","1","0","""left""","""TRUE""","-1","""FALSE""","1"
"What is he talking about? (2-3 mins)","1 scales","S43670","Approved","""glasses""","3","50","-1","1","""""","0","""1""","""friend""","-1","0","""null""","50","0.89","""read a story and understand the information""","1","""2""","1","0","""middle""","""TRUE""","-1","""FALSE""","0"
"What is he talking about? (2-3 mins)","1 scales","S71217","Approved","""glasses""","2","25","-1","1","""""","0","""1""","""friend""","-1","0","""null""","40","0.667","""friends""","1","""2""","1","0","""left""","""TRUE""","-1","""FALSE""","35"
"What is he talking about? (2-3 mins)","1 scales","S14602","Approved","""mustache""","""null""","1","15","80","-1","0.44","""Faces""","1","1","""2""","1","0","""No""","0","""1""","""friend""","""right""","""TRUE""","-1","""FALSE""","-1","5","0"
"What is he talking about? (2-3 mins)","1 scales","S87252","Approved","""hat""","""null""","1","30","60","-1","0.44","""Who Bob's friends are""","1","1","""2""","1","0","""""","0","""1""","""friend""","""right""","""TRUE""","-1","""FALSE""","-1","10","0"
"What is he talking about? (2-3 mins)","1 scales","S63947","Approved","""hat""","2","50","-1","1","""""","0","""1""","""friend""","-1","0","""null""","50","0.667","""Bob and his friends""","1","""2""","1","0","""middle""","""TRUE""","-1","""FALSE""","0"
"What is he talking about? (2-3 mins)","1 scales","S62466","Approved","""glasses""","2","95","-1","1","""Have a nice day!  Don't eat in the lab where the PI might see you.  :-p""","0","""1""","""friend""","-1","0","""null""","5","0.667","""Paying attention to what someone is talking about.  We had a story about Bob visiting a friend every Sunday.""","1","""2""","1","0","""middle""","""TRUE""","-1","""FALSE""","0"
"What is he talking about? (2-3 mins)","1 scales","S62290","Approved","""mustache""","3","25","-1","1","""none""","0","""1""","""friend""","-1","0","""null""","50","0.89","""Guessing who is Bob's best friend""","1","""2""","1","0","""middle""","""TRUE""","-1","""FALSE""","25"
"What is he talking about? (2-3 mins)","1 scales","S03363","Approved","""hat""","3","5","-1","1","""""","0","""1""","""friend""","-1","0","""null""","90","0.89","""see which friend bob visited the most""","1","""2""","1","0","""right""","""TRUE""","-1","""FALSE""","5"
