"title"	"description"	"keywords"	"reward"	"creationtime"	"assignments"	"numavailable"	"numpending"	"numcomplete"	"hitstatus"	"reviewstatus"	"annotation"	"assignmentduration"	"autoapprovaldelay"	"hitlifetime"	"workerid"	"assignmentstatus"	"deadline"	"Answer.item"	"Answer.target_property"	"Answer.logical_property"	"Answer.foil_property"	"Answer.target_position"	"Answer.logical_position"	"Answer.target_frequency"	"Answer.familiarization_cond"	"Answer.participant_response_type_condition"	"Answer.participant_feature_count_condition"	"Answer.linguistic_framing_condition"	"Answer.target_filler_sequence_condition"	"Answer.question_type_condition"	"Answer.manip_check_target"	"Answer.manip_check_dist"	"Answer.name_check_correct"	"Answer.choice"	"Answer.choice_correct"	"Answer.money_allocated_to_foil"	"Answer.money_allocated_to_target"	"Answer.money_allocated_to_logical"	"Answer.Likert_value_foil"	"Answer.Likert_value_target"	"Answer.Likert_value_logical"	"Answer.about"	"Answer.comment"	"Answer.age"	"Answer.gender"	"Answer.scale_and_levels_condition"	"Answer.familiarization_present_in_study"
"What is he talking about? (1-2 mins)"	"Short and fun! A 1-2 minute word game about what someone is talking about."	"experiment, psychology, game"	"$0.20"	"Sun Apr 06 03:17:02 PDT 2014"	"100"	"0"	"0"	"100"	"Reviewable"	"NotReviewed"	"1 scales"	"600"	"60000"	"Sun Apr 13 03:17:02 PDT 2014"	"S28779"	"Approved"	""	"""pizza"""	"""olives"""	"""mushrooms"""	"""peppers"""	"""right"""	"""middle"""	"0"	"-1"	"0"	"1"	"8"	"0"	"0"	"""2"""	"""1"""	"""TRUE"""	"""foil"""	"""FALSE"""	"-1"	"-1"	"-1"	"-1"	"-1"	"-1"	"""Bob who likes to eat pizza"""	"""yoyoyoooo"""	"""23"""	"""m"""	"1"	"0"
"What is he talking about? (1-2 mins)"	"Short and fun! A 1-2 minute word game about what someone is talking about."	"experiment, psychology, game"	"$0.20"	"Sun Apr 06 03:17:02 PDT 2014"	"100"	"0"	"0"	"100"	"Reviewable"	"NotReviewed"	"1 scales"	"600"	"60000"	"Sun Apr 13 03:17:02 PDT 2014"	"S94855"	"Approved"	""	"""boat"""	"""sail"""	"""cabin"""	"""motor"""	"""middle"""	"""right"""	"0"	"-1"	"0"	"1"	"8"	"0"	"0"	"""2"""	"""1"""	"""TRUE"""	"""foil"""	"""FALSE"""	"-1"	"-1"	"-1"	"-1"	"-1"	"-1"	"""This survey was about Bob, and his love of renting boats on the weekend."""	"""This survey is cool and unique to me!"""	"""24"""	"""f"""	"1"	"0"
"What is he talking about? (1-2 mins)"	"Short and fun! A 1-2 minute word game about what someone is talking about."	"experiment, psychology, game"	"$0.20"	"Sun Apr 06 03:17:02 PDT 2014"	"100"	"0"	"0"	"100"	"Reviewable"	"NotReviewed"	"1 scales"	"600"	"60000"	"Sun Apr 13 03:17:02 PDT 2014"	"S49463"	"Approved"	""	"""Christmas tree"""	"""lights"""	"""star"""	"""ornaments"""	"""middle"""	"""left"""	"0"	"-1"	"0"	"1"	"8"	"0"	"0"	"""2"""	"""1"""	"""TRUE"""	"""foil"""	"""FALSE"""	"-1"	"-1"	"-1"	"-1"	"-1"	"-1"	"""Christmas trees"""	"""No"""	"""20"""	"""f"""	"1"	"0"
"What is he talking about? (1-2 mins)"	"Short and fun! A 1-2 minute word game about what someone is talking about."	"experiment, psychology, game"	"$0.20"	"Sun Apr 06 03:17:02 PDT 2014"	"100"	"0"	"0"	"100"	"Reviewable"	"NotReviewed"	"1 scales"	"600"	"60000"	"Sun Apr 13 03:17:02 PDT 2014"	"S77604"	"Approved"	""	"""pizza"""	"""mushrooms"""	"""peppers"""	"""olives"""	"""left"""	"""right"""	"0"	"-1"	"0"	"1"	"7"	"0"	"0"	"""2"""	"""1"""	"""TRUE"""	"""target"""	"""TRUE"""	"-1"	"-1"	"-1"	"-1"	"-1"	"-1"	"""Which pizza is Bob's favorite."""	"""no"""	"""23"""	"""m"""	"1"	"0"
"What is he talking about? (1-2 mins)"	"Short and fun! A 1-2 minute word game about what someone is talking about."	"experiment, psychology, game"	"$0.20"	"Sun Apr 06 03:17:02 PDT 2014"	"100"	"0"	"0"	"100"	"Reviewable"	"NotReviewed"	"1 scales"	"600"	"60000"	"Sun Apr 13 03:17:02 PDT 2014"	"S29880"	"Approved"	""	"""snowman"""	"""mittens"""	"""scarf"""	"""hat"""	"""middle"""	"""left"""	"0"	"-1"	"0"	"1"	"7"	"0"	"0"	"""2"""	"""1"""	"""TRUE"""	"""logical"""	"""FALSE"""	"-1"	"-1"	"-1"	"-1"	"-1"	"-1"	"""Bob building a snowman and which one is his favorite."""	"""No."""	"""27"""	"""m"""	"1"	"0"
"What is he talking about? (1-2 mins)"	"Short and fun! A 1-2 minute word game about what someone is talking about."	"experiment, psychology, game"	"$0.20"	"Sun Apr 06 03:17:02 PDT 2014"	"100"	"0"	"0"	"100"	"Reviewable"	"NotReviewed"	"1 scales"	"600"	"60000"	"Sun Apr 13 03:17:02 PDT 2014"	"S15158"	"Approved"	""	"""Christmas tree"""	"""lights"""	"""star"""	"""ornaments"""	"""middle"""	"""left"""	"0"	"-1"	"0"	"1"	"7"	"0"	"0"	"""2"""	"""1"""	"""TRUE"""	"""logical"""	"""FALSE"""	"-1"	"-1"	"-1"	"-1"	"-1"	"-1"	"""language"""	""""""	"""32"""	"""m"""	"1"	"0"
"What is he talking about? (1-2 mins)"	"Short and fun! A 1-2 minute word game about what someone is talking about."	"experiment, psychology, game"	"$0.20"	"Sun Apr 06 03:17:02 PDT 2014"	"100"	"0"	"0"	"100"	"Reviewable"	"NotReviewed"	"1 scales"	"600"	"60000"	"Sun Apr 13 03:17:02 PDT 2014"	"S54102"	"Approved"	""	"""Christmas tree"""	"""ornaments"""	"""lights"""	"""star"""	"""right"""	"""left"""	"0"	"-1"	"0"	"1"	"7"	"0"	"0"	"""2"""	"""1"""	"""TRUE"""	"""logical"""	"""FALSE"""	"-1"	"-1"	"-1"	"-1"	"-1"	"-1"	"""Christmas trees that bob likes"""	""""""	"""24"""	"""f"""	"1"	"0"
"What is he talking about? (1-2 mins)"	"Short and fun! A 1-2 minute word game about what someone is talking about."	"experiment, psychology, game"	"$0.20"	"Sun Apr 06 03:17:02 PDT 2014"	"100"	"0"	"0"	"100"	"Reviewable"	"NotReviewed"	"1 scales"	"600"	"60000"	"Sun Apr 13 03:17:02 PDT 2014"	"S81602"	"Approved"	""	"""Christmas tree"""	"""star"""	"""ornaments"""	"""lights"""	"""middle"""	"""right"""	"0"	"-1"	"0"	"1"	"8"	"0"	"0"	"""1"""	"""1"""	"""TRUE"""	"""foil"""	"""FALSE"""	"-1"	"-1"	"-1"	"-1"	"-1"	"-1"	"""xmas trees"""	""""""	""""""	"""m"""	"1"	"0"
"What is he talking about? (1-2 mins)"	"Short and fun! A 1-2 minute word game about what someone is talking about."	"experiment, psychology, game"	"$0.20"	"Sun Apr 06 03:17:02 PDT 2014"	"100"	"0"	"0"	"100"	"Reviewable"	"NotReviewed"	"1 scales"	"600"	"60000"	"Sun Apr 13 03:17:02 PDT 2014"	"S04115"	"Approved"	""	"""friend"""	"""glasses"""	"""mustache"""	"""hat"""	"""left"""	"""right"""	"0"	"-1"	"0"	"1"	"7"	"0"	"0"	"""2"""	"""1"""	"""TRUE"""	"""foil"""	"""FALSE"""	"-1"	"-1"	"-1"	"-1"	"-1"	"-1"	"""what features cause us to perceive faces as cool or boring?"""	"""no"""	"""50"""	"""m"""	"1"	"0"
"What is he talking about? (1-2 mins)"	"Short and fun! A 1-2 minute word game about what someone is talking about."	"experiment, psychology, game"	"$0.20"	"Sun Apr 06 03:17:02 PDT 2014"	"100"	"0"	"0"	"100"	"Reviewable"	"NotReviewed"	"1 scales"	"600"	"60000"	"Sun Apr 13 03:17:02 PDT 2014"	"S95456"	"Approved"	""	"""sundae"""	"""whipped cream"""	"""cherry"""	"""chocolate"""	"""left"""	"""right"""	"0"	"-1"	"0"	"1"	"8"	"0"	"0"	"""2"""	"""1"""	"""TRUE"""	"""target"""	"""TRUE"""	"-1"	"-1"	"-1"	"-1"	"-1"	"-1"	"""sundaes"""	""""""	"""26"""	"""M"""	"1"	"0"
"What is he talking about? (1-2 mins)"	"Short and fun! A 1-2 minute word game about what someone is talking about."	"experiment, psychology, game"	"$0.20"	"Sun Apr 06 03:17:02 PDT 2014"	"100"	"0"	"0"	"100"	"Reviewable"	"NotReviewed"	"1 scales"	"600"	"60000"	"Sun Apr 13 03:17:02 PDT 2014"	"S09818"	"Approved"	""	"""Christmas tree"""	"""ornaments"""	"""star"""	"""lights"""	"""middle"""	"""right"""	"0"	"-1"	"0"	"1"	"8"	"0"	"0"	"""2"""	"""1"""	"""TRUE"""	"""target"""	"""TRUE"""	"-1"	"-1"	"-1"	"-1"	"-1"	"-1"	"""trees"""	""""""	""""""	"""m"""	"1"	"0"
"What is he talking about? (1-2 mins)"	"Short and fun! A 1-2 minute word game about what someone is talking about."	"experiment, psychology, game"	"$0.20"	"Sun Apr 06 03:17:02 PDT 2014"	"100"	"0"	"0"	"100"	"Reviewable"	"NotReviewed"	"1 scales"	"600"	"60000"	"Sun Apr 13 03:17:02 PDT 2014"	"S35528"	"Approved"	""	"""sundae"""	"""cherry"""	"""whipped cream"""	"""chocolate"""	"""right"""	"""middle"""	"0"	"-1"	"0"	"1"	"8"	"0"	"0"	"""2"""	"""1"""	"""TRUE"""	"""logical"""	"""FALSE"""	"-1"	"-1"	"-1"	"-1"	"-1"	"-1"	"""sundaes"""	""""""	""""""	""""""	"1"	"0"
"What is he talking about? (1-2 mins)"	"Short and fun! A 1-2 minute word game about what someone is talking about."	"experiment, psychology, game"	"$0.20"	"Sun Apr 06 03:17:02 PDT 2014"	"100"	"0"	"0"	"100"	"Reviewable"	"NotReviewed"	"1 scales"	"600"	"60000"	"Sun Apr 13 03:17:02 PDT 2014"	"S61018"	"Approved"	""	"""friend"""	"""glasses"""	"""hat"""	"""mustache"""	"""middle"""	"""right"""	"0"	"-1"	"0"	"1"	"7"	"0"	"0"	"""2"""	"""1"""	"""TRUE"""	"""foil"""	"""FALSE"""	"-1"	"-1"	"-1"	"-1"	"-1"	"-1"	"""friends"""	""""""	""""""	""""""	"1"	"0"
"What is he talking about? (1-2 mins)"	"Short and fun! A 1-2 minute word game about what someone is talking about."	"experiment, psychology, game"	"$0.20"	"Sun Apr 06 03:17:02 PDT 2014"	"100"	"0"	"0"	"100"	"Reviewable"	"NotReviewed"	"1 scales"	"600"	"60000"	"Sun Apr 13 03:17:02 PDT 2014"	"S19742"	"Approved"	""	"""pizza"""	"""olives"""	"""peppers"""	"""mushrooms"""	"""right"""	"""left"""	"0"	"-1"	"0"	"1"	"8"	"0"	"0"	"""2"""	"""1"""	"""TRUE"""	"""foil"""	"""FALSE"""	"-1"	"-1"	"-1"	"-1"	"-1"	"-1"	"""Understanding what people say."""	"""No"""	"""23"""	"""f"""	"1"	"0"
"What is he talking about? (1-2 mins)"	"Short and fun! A 1-2 minute word game about what someone is talking about."	"experiment, psychology, game"	"$0.20"	"Sun Apr 06 03:17:02 PDT 2014"	"100"	"0"	"0"	"100"	"Reviewable"	"NotReviewed"	"1 scales"	"600"	"60000"	"Sun Apr 13 03:17:02 PDT 2014"	"S70816"	"Approved"	""	"""boat"""	"""motor"""	"""sail"""	"""cabin"""	"""middle"""	"""left"""	"0"	"-1"	"0"	"1"	"8"	"0"	"0"	"""2"""	"""1"""	"""TRUE"""	"""logical"""	"""FALSE"""	"-1"	"-1"	"-1"	"-1"	"-1"	"-1"	"""Guess what someone's favorite boat was"""	"""No"""	"""27"""	"""m"""	"1"	"0"
"What is he talking about? (1-2 mins)"	"Short and fun! A 1-2 minute word game about what someone is talking about."	"experiment, psychology, game"	"$0.20"	"Sun Apr 06 03:17:02 PDT 2014"	"100"	"0"	"0"	"100"	"Reviewable"	"NotReviewed"	"1 scales"	"600"	"60000"	"Sun Apr 13 03:17:02 PDT 2014"	"S93548"	"Approved"	""	"""snowman"""	"""scarf"""	"""mittens"""	"""hat"""	"""right"""	"""middle"""	"0"	"-1"	"0"	"1"	"7"	"0"	"0"	"""2"""	"""1"""	"""TRUE"""	"""logical"""	"""FALSE"""	"-1"	"-1"	"-1"	"-1"	"-1"	"-1"	"""Bob's snowmen"""	""""""	"""55"""	"""f"""	"1"	"0"
"What is he talking about? (1-2 mins)"	"Short and fun! A 1-2 minute word game about what someone is talking about."	"experiment, psychology, game"	"$0.20"	"Sun Apr 06 03:17:02 PDT 2014"	"100"	"0"	"0"	"100"	"Reviewable"	"NotReviewed"	"1 scales"	"600"	"60000"	"Sun Apr 13 03:17:02 PDT 2014"	"S45610"	"Approved"	""	"""Christmas tree"""	"""star"""	"""ornaments"""	"""lights"""	"""right"""	"""left"""	"0"	"-1"	"0"	"1"	"8"	"0"	"0"	"""2"""	"""1"""	"""TRUE"""	"""target"""	"""TRUE"""	"-1"	"-1"	"-1"	"-1"	"-1"	"-1"	"""about the language and choice"""	""""""	""""""	"""f"""	"1"	"0"
"What is he talking about? (1-2 mins)"	"Short and fun! A 1-2 minute word game about what someone is talking about."	"experiment, psychology, game"	"$0.20"	"Sun Apr 06 03:17:02 PDT 2014"	"100"	"0"	"0"	"100"	"Reviewable"	"NotReviewed"	"1 scales"	"600"	"60000"	"Sun Apr 13 03:17:02 PDT 2014"	"S14607"	"Approved"	""	"""boat"""	"""motor"""	"""sail"""	"""cabin"""	"""middle"""	"""right"""	"0"	"-1"	"0"	"1"	"7"	"0"	"0"	"""2"""	"""0"""	"""TRUE"""	"""logical"""	"""FALSE"""	"-1"	"-1"	"-1"	"-1"	"-1"	"-1"	"""Donno"""	"""None of the boats have a sail."""	"""54"""	"""Female"""	"1"	"0"
"What is he talking about? (1-2 mins)"	"Short and fun! A 1-2 minute word game about what someone is talking about."	"experiment, psychology, game"	"$0.20"	"Sun Apr 06 03:17:02 PDT 2014"	"100"	"0"	"0"	"100"	"Reviewable"	"NotReviewed"	"1 scales"	"600"	"60000"	"Sun Apr 13 03:17:02 PDT 2014"	"S70976"	"Approved"	""	"""friend"""	"""glasses"""	"""hat"""	"""mustache"""	"""left"""	"""right"""	"0"	"-1"	"0"	"1"	"8"	"0"	"0"	"""2"""	"""1"""	"""TRUE"""	"""foil"""	"""FALSE"""	"-1"	"-1"	"-1"	"-1"	"-1"	"-1"	"""Bob's friends"""	""""""	"""19"""	"""f"""	"1"	"0"
"What is he talking about? (1-2 mins)"	"Short and fun! A 1-2 minute word game about what someone is talking about."	"experiment, psychology, game"	"$0.20"	"Sun Apr 06 03:17:02 PDT 2014"	"100"	"0"	"0"	"100"	"Reviewable"	"NotReviewed"	"1 scales"	"600"	"60000"	"Sun Apr 13 03:17:02 PDT 2014"	"S52833"	"Approved"	""	"""sundae"""	"""whipped cream"""	"""chocolate"""	"""cherry"""	"""left"""	"""middle"""	"0"	"-1"	"0"	"1"	"7"	"0"	"0"	"""2"""	"""1"""	"""TRUE"""	"""logical"""	"""FALSE"""	"-1"	"-1"	"-1"	"-1"	"-1"	"-1"	"""Bob and his ice cream sundaes"""	"""None"""	"""36"""	"""m"""	"1"	"0"
"What is he talking about? (1-2 mins)"	"Short and fun! A 1-2 minute word game about what someone is talking about."	"experiment, psychology, game"	"$0.20"	"Sun Apr 06 03:17:02 PDT 2014"	"100"	"0"	"0"	"100"	"Reviewable"	"NotReviewed"	"1 scales"	"600"	"60000"	"Sun Apr 13 03:17:02 PDT 2014"	"S47217"	"Approved"	""	"""pizza"""	"""peppers"""	"""olives"""	"""mushrooms"""	"""left"""	"""right"""	"0"	"-1"	"0"	"1"	"8"	"0"	"0"	"""3"""	"""1"""	"""TRUE"""	"""foil"""	"""FALSE"""	"-1"	"-1"	"-1"	"-1"	"-1"	"-1"	"""What pizzas Bob eats"""	"""I think I might of put 3 instead of 2 for number of pizzas by mistake..."""	"""26"""	"""m"""	"1"	"0"
"What is he talking about? (1-2 mins)"	"Short and fun! A 1-2 minute word game about what someone is talking about."	"experiment, psychology, game"	"$0.20"	"Sun Apr 06 03:17:02 PDT 2014"	"100"	"0"	"0"	"100"	"Reviewable"	"NotReviewed"	"1 scales"	"600"	"60000"	"Sun Apr 13 03:17:02 PDT 2014"	"S18337"	"Approved"	""	"""sundae"""	"""whipped cream"""	"""chocolate"""	"""cherry"""	"""right"""	"""left"""	"0"	"-1"	"0"	"1"	"8"	"0"	"0"	"""2"""	"""1"""	"""FALSE"""	"""foil"""	"""FALSE"""	"-1"	"-1"	"-1"	"-1"	"-1"	"-1"	"""sundae"""	"""none"""	"""26"""	"""f"""	"1"	"0"
"What is he talking about? (1-2 mins)"	"Short and fun! A 1-2 minute word game about what someone is talking about."	"experiment, psychology, game"	"$0.20"	"Sun Apr 06 03:17:02 PDT 2014"	"100"	"0"	"0"	"100"	"Reviewable"	"NotReviewed"	"1 scales"	"600"	"60000"	"Sun Apr 13 03:17:02 PDT 2014"	"S39211"	"Approved"	""	"""snowman"""	"""scarf"""	"""hat"""	"""mittens"""	"""left"""	"""right"""	"0"	"-1"	"0"	"1"	"7"	"0"	"0"	"""2"""	"""1"""	"""TRUE"""	"""logical"""	"""FALSE"""	"-1"	"-1"	"-1"	"-1"	"-1"	"-1"	"""Perception """	""""""	"""40"""	"""Male"""	"1"	"0"
"What is he talking about? (1-2 mins)"	"Short and fun! A 1-2 minute word game about what someone is talking about."	"experiment, psychology, game"	"$0.20"	"Sun Apr 06 03:17:02 PDT 2014"	"100"	"0"	"0"	"100"	"Reviewable"	"NotReviewed"	"1 scales"	"600"	"60000"	"Sun Apr 13 03:17:02 PDT 2014"	"S63917"	"Approved"	""	"""snowman"""	"""mittens"""	"""hat"""	"""scarf"""	"""left"""	"""middle"""	"0"	"-1"	"0"	"1"	"7"	"0"	"0"	"""2"""	"""1"""	"""TRUE"""	"""logical"""	"""FALSE"""	"-1"	"-1"	"-1"	"-1"	"-1"	"-1"	"""Snowmen"""	"""Odd"""	"""45"""	"""m"""	"1"	"0"
"What is he talking about? (1-2 mins)"	"Short and fun! A 1-2 minute word game about what someone is talking about."	"experiment, psychology, game"	"$0.20"	"Sun Apr 06 03:17:02 PDT 2014"	"100"	"0"	"0"	"100"	"Reviewable"	"NotReviewed"	"1 scales"	"600"	"60000"	"Sun Apr 13 03:17:02 PDT 2014"	"S30095"	"Approved"	""	"""pizza"""	"""mushrooms"""	"""peppers"""	"""olives"""	"""middle"""	"""left"""	"0"	"-1"	"0"	"1"	"7"	"0"	"0"	"""1"""	"""1"""	"""TRUE"""	"""target"""	"""TRUE"""	"-1"	"-1"	"-1"	"-1"	"-1"	"-1"	"""Bob ordering pizza"""	"""no"""	"""35"""	"""f"""	"1"	"0"
"What is he talking about? (1-2 mins)"	"Short and fun! A 1-2 minute word game about what someone is talking about."	"experiment, psychology, game"	"$0.20"	"Sun Apr 06 03:17:02 PDT 2014"	"100"	"0"	"0"	"100"	"Reviewable"	"NotReviewed"	"1 scales"	"600"	"60000"	"Sun Apr 13 03:17:02 PDT 2014"	"S46073"	"Approved"	""	"""pizza"""	"""olives"""	"""mushrooms"""	"""peppers"""	"""right"""	"""middle"""	"0"	"-1"	"0"	"1"	"7"	"0"	"0"	"""2"""	"""1"""	"""TRUE"""	"""target"""	"""TRUE"""	"-1"	"-1"	"-1"	"-1"	"-1"	"-1"	"""What someone is talking about  - bob's favorite pizza"""	"""thanks!"""	"""24"""	"""f"""	"1"	"0"
"What is he talking about? (1-2 mins)"	"Short and fun! A 1-2 minute word game about what someone is talking about."	"experiment, psychology, game"	"$0.20"	"Sun Apr 06 03:17:02 PDT 2014"	"100"	"0"	"0"	"100"	"Reviewable"	"NotReviewed"	"1 scales"	"600"	"60000"	"Sun Apr 13 03:17:02 PDT 2014"	"S26674"	"Approved"	""	"""snowman"""	"""hat"""	"""mittens"""	"""scarf"""	"""right"""	"""middle"""	"0"	"-1"	"0"	"1"	"7"	"0"	"0"	"""2"""	"""1"""	"""TRUE"""	"""logical"""	"""FALSE"""	"-1"	"-1"	"-1"	"-1"	"-1"	"-1"	"""Bob being creative"""	"""Bob need to get a life with more interaction with reality."""	"""57"""	"""m"""	"1"	"0"
"What is he talking about? (1-2 mins)"	"Short and fun! A 1-2 minute word game about what someone is talking about."	"experiment, psychology, game"	"$0.20"	"Sun Apr 06 03:17:02 PDT 2014"	"100"	"0"	"0"	"100"	"Reviewable"	"NotReviewed"	"1 scales"	"600"	"60000"	"Sun Apr 13 03:17:02 PDT 2014"	"S77629"	"Approved"	""	"""sundae"""	"""whipped cream"""	"""chocolate"""	"""cherry"""	"""middle"""	"""left"""	"0"	"-1"	"0"	"1"	"7"	"0"	"0"	"""2"""	"""1"""	"""TRUE"""	"""target"""	"""TRUE"""	"-1"	"-1"	"-1"	"-1"	"-1"	"-1"	"""sundaes"""	"""no"""	"""53"""	"""f"""	"1"	"0"
"What is he talking about? (1-2 mins)"	"Short and fun! A 1-2 minute word game about what someone is talking about."	"experiment, psychology, game"	"$0.20"	"Sun Apr 06 03:17:02 PDT 2014"	"100"	"0"	"0"	"100"	"Reviewable"	"NotReviewed"	"1 scales"	"600"	"60000"	"Sun Apr 13 03:17:02 PDT 2014"	"S76267"	"Approved"	""	"""pizza"""	"""mushrooms"""	"""olives"""	"""peppers"""	"""middle"""	"""right"""	"0"	"-1"	"0"	"1"	"8"	"0"	"0"	"""2"""	"""1"""	"""FALSE"""	"""foil"""	"""FALSE"""	"-1"	"-1"	"-1"	"-1"	"-1"	"-1"	"""It was about Joe and how he liked to eat pizzas. """	"""Interesting survey!!!"""	"""23"""	"""m"""	"1"	"0"
"What is he talking about? (1-2 mins)"	"Short and fun! A 1-2 minute word game about what someone is talking about."	"experiment, psychology, game"	"$0.20"	"Sun Apr 06 03:17:02 PDT 2014"	"100"	"0"	"0"	"100"	"Reviewable"	"NotReviewed"	"1 scales"	"600"	"60000"	"Sun Apr 13 03:17:02 PDT 2014"	"S52478"	"Approved"	""	"""friend"""	"""hat"""	"""glasses"""	"""mustache"""	"""left"""	"""right"""	"0"	"-1"	"0"	"1"	"7"	"0"	"0"	"""2"""	"""1"""	"""TRUE"""	"""logical"""	"""FALSE"""	"-1"	"-1"	"-1"	"-1"	"-1"	"-1"	"""Bob's friends"""	"""No"""	"""42"""	"""Male"""	"1"	"0"
"What is he talking about? (1-2 mins)"	"Short and fun! A 1-2 minute word game about what someone is talking about."	"experiment, psychology, game"	"$0.20"	"Sun Apr 06 03:17:02 PDT 2014"	"100"	"0"	"0"	"100"	"Reviewable"	"NotReviewed"	"1 scales"	"600"	"60000"	"Sun Apr 13 03:17:02 PDT 2014"	"S58778"	"Approved"	""	"""friend"""	"""mustache"""	"""hat"""	"""glasses"""	"""left"""	"""right"""	"0"	"-1"	"0"	"1"	"8"	"0"	"0"	"""2"""	"""1"""	"""TRUE"""	"""foil"""	"""FALSE"""	"-1"	"-1"	"-1"	"-1"	"-1"	"-1"	"""Bobs preference of friends?"""	"""None"""	"""34"""	"""Male"""	"1"	"0"
"What is he talking about? (1-2 mins)"	"Short and fun! A 1-2 minute word game about what someone is talking about."	"experiment, psychology, game"	"$0.20"	"Sun Apr 06 03:17:02 PDT 2014"	"100"	"0"	"0"	"100"	"Reviewable"	"NotReviewed"	"1 scales"	"600"	"60000"	"Sun Apr 13 03:17:02 PDT 2014"	"S63930"	"Approved"	""	"""sundae"""	"""whipped cream"""	"""cherry"""	"""chocolate"""	"""left"""	"""middle"""	"0"	"-1"	"0"	"1"	"7"	"0"	"0"	"""2"""	"""1"""	"""TRUE"""	"""logical"""	"""FALSE"""	"-1"	"-1"	"-1"	"-1"	"-1"	"-1"	"""what sundae does Bob like?"""	""""""	"""37"""	"""m"""	"1"	"0"
"What is he talking about? (1-2 mins)"	"Short and fun! A 1-2 minute word game about what someone is talking about."	"experiment, psychology, game"	"$0.20"	"Sun Apr 06 03:17:02 PDT 2014"	"100"	"0"	"0"	"100"	"Reviewable"	"NotReviewed"	"1 scales"	"600"	"60000"	"Sun Apr 13 03:17:02 PDT 2014"	"S95732"	"Approved"	""	"""pizza"""	"""mushrooms"""	"""olives"""	"""peppers"""	"""middle"""	"""left"""	"0"	"-1"	"0"	"1"	"7"	"0"	"0"	"""2"""	"""1"""	"""TRUE"""	"""target"""	"""TRUE"""	"-1"	"-1"	"-1"	"-1"	"-1"	"-1"	"""Bob's pizza preference."""	"""nope"""	"""57"""	"""f"""	"1"	"0"
"What is he talking about? (1-2 mins)"	"Short and fun! A 1-2 minute word game about what someone is talking about."	"experiment, psychology, game"	"$0.20"	"Sun Apr 06 03:17:02 PDT 2014"	"100"	"0"	"0"	"100"	"Reviewable"	"NotReviewed"	"1 scales"	"600"	"60000"	"Sun Apr 13 03:17:02 PDT 2014"	"S76999"	"Approved"	""	"""sundae"""	"""whipped cream"""	"""chocolate"""	"""cherry"""	"""right"""	"""middle"""	"0"	"-1"	"0"	"1"	"8"	"0"	"0"	"""2"""	"""1"""	"""TRUE"""	"""foil"""	"""FALSE"""	"-1"	"-1"	"-1"	"-1"	"-1"	"-1"	"""Guessing Bob's favorite Sundae"""	"""Nope"""	"""24"""	"""m"""	"1"	"0"
"What is he talking about? (1-2 mins)"	"Short and fun! A 1-2 minute word game about what someone is talking about."	"experiment, psychology, game"	"$0.20"	"Sun Apr 06 03:17:02 PDT 2014"	"100"	"0"	"0"	"100"	"Reviewable"	"NotReviewed"	"1 scales"	"600"	"60000"	"Sun Apr 13 03:17:02 PDT 2014"	"S10544"	"Approved"	""	"""boat"""	"""sail"""	"""motor"""	"""cabin"""	"""right"""	"""middle"""	"0"	"-1"	"0"	"1"	"8"	"0"	"0"	"""2"""	"""1"""	"""FALSE"""	"""foil"""	"""FALSE"""	"-1"	"-1"	"-1"	"-1"	"-1"	"-1"	"""What kind of boat was Joe's least favorite"""	""""""	"""20"""	"""m"""	"1"	"0"
"What is he talking about? (1-2 mins)"	"Short and fun! A 1-2 minute word game about what someone is talking about."	"experiment, psychology, game"	"$0.20"	"Sun Apr 06 03:17:02 PDT 2014"	"100"	"0"	"0"	"100"	"Reviewable"	"NotReviewed"	"1 scales"	"600"	"60000"	"Sun Apr 13 03:17:02 PDT 2014"	"S48306"	"Approved"	""	"""pizza"""	"""mushrooms"""	"""peppers"""	"""olives"""	"""middle"""	"""left"""	"0"	"-1"	"0"	"1"	"8"	"0"	"0"	"""2"""	"""1"""	"""TRUE"""	"""foil"""	"""FALSE"""	"-1"	"-1"	"-1"	"-1"	"-1"	"-1"	"""what pizza bob refers"""	"""no"""	"""31"""	"""m"""	"1"	"0"
"What is he talking about? (1-2 mins)"	"Short and fun! A 1-2 minute word game about what someone is talking about."	"experiment, psychology, game"	"$0.20"	"Sun Apr 06 03:17:02 PDT 2014"	"100"	"0"	"0"	"100"	"Reviewable"	"NotReviewed"	"1 scales"	"600"	"60000"	"Sun Apr 13 03:17:02 PDT 2014"	"S35780"	"Approved"	""	"""friend"""	"""glasses"""	"""mustache"""	"""hat"""	"""middle"""	"""right"""	"0"	"-1"	"0"	"1"	"7"	"0"	"0"	"""2"""	"""1"""	"""TRUE"""	"""target"""	"""TRUE"""	"-1"	"-1"	"-1"	"-1"	"-1"	"-1"	"""who bob visited"""	""""""	""""""	"""m"""	"1"	"0"
"What is he talking about? (1-2 mins)"	"Short and fun! A 1-2 minute word game about what someone is talking about."	"experiment, psychology, game"	"$0.20"	"Sun Apr 06 03:17:02 PDT 2014"	"100"	"0"	"0"	"100"	"Reviewable"	"NotReviewed"	"1 scales"	"600"	"60000"	"Sun Apr 13 03:17:02 PDT 2014"	"S15901"	"Approved"	""	"""friend"""	"""hat"""	"""mustache"""	"""glasses"""	"""middle"""	"""left"""	"0"	"-1"	"0"	"1"	"8"	"0"	"0"	"""2"""	"""1"""	"""TRUE"""	"""foil"""	"""FALSE"""	"-1"	"-1"	"-1"	"-1"	"-1"	"-1"	"""who Bob visits"""	""""""	"""52"""	"""m"""	"1"	"0"
"What is he talking about? (1-2 mins)"	"Short and fun! A 1-2 minute word game about what someone is talking about."	"experiment, psychology, game"	"$0.20"	"Sun Apr 06 03:17:02 PDT 2014"	"100"	"0"	"0"	"100"	"Reviewable"	"NotReviewed"	"1 scales"	"600"	"60000"	"Sun Apr 13 03:17:02 PDT 2014"	"S99642"	"Approved"	""	"""pizza"""	"""mushrooms"""	"""peppers"""	"""olives"""	"""left"""	"""right"""	"0"	"-1"	"0"	"1"	"7"	"0"	"0"	"""2"""	"""1"""	"""TRUE"""	"""logical"""	"""FALSE"""	"-1"	"-1"	"-1"	"-1"	"-1"	"-1"	"""don't know"""	""""""	"""33"""	"""m"""	"1"	"0"
"What is he talking about? (1-2 mins)"	"Short and fun! A 1-2 minute word game about what someone is talking about."	"experiment, psychology, game"	"$0.20"	"Sun Apr 06 03:17:02 PDT 2014"	"100"	"0"	"0"	"100"	"Reviewable"	"NotReviewed"	"1 scales"	"600"	"60000"	"Sun Apr 13 03:17:02 PDT 2014"	"S26339"	"Approved"	""	"""pizza"""	"""olives"""	"""peppers"""	"""mushrooms"""	"""middle"""	"""right"""	"0"	"-1"	"0"	"1"	"7"	"0"	"0"	"""2"""	"""1"""	"""TRUE"""	"""target"""	"""TRUE"""	"-1"	"-1"	"-1"	"-1"	"-1"	"-1"	"""How many and what kind of pizzas Bob ate"""	""""""	"""26"""	"""m"""	"1"	"0"
"What is he talking about? (1-2 mins)"	"Short and fun! A 1-2 minute word game about what someone is talking about."	"experiment, psychology, game"	"$0.20"	"Sun Apr 06 03:17:02 PDT 2014"	"100"	"0"	"0"	"100"	"Reviewable"	"NotReviewed"	"1 scales"	"600"	"60000"	"Sun Apr 13 03:17:02 PDT 2014"	"S53705"	"Approved"	""	"""sundae"""	"""chocolate"""	"""whipped cream"""	"""cherry"""	"""right"""	"""left"""	"0"	"-1"	"0"	"1"	"8"	"0"	"0"	"""2"""	"""1"""	"""TRUE"""	"""foil"""	"""FALSE"""	"-1"	"-1"	"-1"	"-1"	"-1"	"-1"	"""his preferences for sundae toppings"""	""""""	"""53"""	"""f"""	"1"	"0"
"What is he talking about? (1-2 mins)"	"Short and fun! A 1-2 minute word game about what someone is talking about."	"experiment, psychology, game"	"$0.20"	"Sun Apr 06 03:17:02 PDT 2014"	"100"	"0"	"0"	"100"	"Reviewable"	"NotReviewed"	"1 scales"	"600"	"60000"	"Sun Apr 13 03:17:02 PDT 2014"	"S59345"	"Approved"	""	"""boat"""	"""sail"""	"""cabin"""	"""motor"""	"""middle"""	"""left"""	"0"	"-1"	"0"	"1"	"8"	"0"	"0"	"""2"""	"""1"""	"""TRUE"""	"""foil"""	"""FALSE"""	"-1"	"-1"	"-1"	"-1"	"-1"	"-1"	"""Paying attention, inferences?"""	"""nope"""	"""29"""	"""m"""	"1"	"0"
"What is he talking about? (1-2 mins)"	"Short and fun! A 1-2 minute word game about what someone is talking about."	"experiment, psychology, game"	"$0.20"	"Sun Apr 06 03:17:02 PDT 2014"	"100"	"0"	"0"	"100"	"Reviewable"	"NotReviewed"	"1 scales"	"600"	"60000"	"Sun Apr 13 03:17:02 PDT 2014"	"S27381"	"Approved"	""	"""snowman"""	"""scarf"""	"""hat"""	"""mittens"""	"""middle"""	"""left"""	"0"	"-1"	"0"	"1"	"7"	"0"	"0"	"""2"""	"""1"""	"""TRUE"""	"""logical"""	"""FALSE"""	"-1"	"-1"	"-1"	"-1"	"-1"	"-1"	"""Which snowman is Bob's favorite"""	"""Thank you."""	"""33"""	"""M"""	"1"	"0"
"What is he talking about? (1-2 mins)"	"Short and fun! A 1-2 minute word game about what someone is talking about."	"experiment, psychology, game"	"$0.20"	"Sun Apr 06 03:17:02 PDT 2014"	"100"	"0"	"0"	"100"	"Reviewable"	"NotReviewed"	"1 scales"	"600"	"60000"	"Sun Apr 13 03:17:02 PDT 2014"	"S32002"	"Approved"	""	"""pizza"""	"""peppers"""	"""mushrooms"""	"""olives"""	"""right"""	"""left"""	"0"	"-1"	"0"	"1"	"7"	"0"	"0"	"""2"""	"""1"""	"""TRUE"""	"""logical"""	"""FALSE"""	"-1"	"-1"	"-1"	"-1"	"-1"	"-1"	"""Pizza"""	""""""	"""23"""	"""M"""	"1"	"0"
"What is he talking about? (1-2 mins)"	"Short and fun! A 1-2 minute word game about what someone is talking about."	"experiment, psychology, game"	"$0.20"	"Sun Apr 06 03:17:02 PDT 2014"	"100"	"0"	"0"	"100"	"Reviewable"	"NotReviewed"	"1 scales"	"600"	"60000"	"Sun Apr 13 03:17:02 PDT 2014"	"S19932"	"Approved"	""	"""boat"""	"""cabin"""	"""sail"""	"""motor"""	"""left"""	"""right"""	"0"	"-1"	"0"	"1"	"7"	"0"	"0"	"""2"""	"""1"""	"""TRUE"""	"""logical"""	"""FALSE"""	"-1"	"-1"	"-1"	"-1"	"-1"	"-1"	"""Boat preferences"""	""""""	"""41"""	"""f"""	"1"	"0"
"What is he talking about? (1-2 mins)"	"Short and fun! A 1-2 minute word game about what someone is talking about."	"experiment, psychology, game"	"$0.20"	"Sun Apr 06 03:17:02 PDT 2014"	"100"	"0"	"0"	"100"	"Reviewable"	"NotReviewed"	"1 scales"	"600"	"60000"	"Sun Apr 13 03:17:02 PDT 2014"	"S60467"	"Approved"	""	"""friend"""	"""mustache"""	"""hat"""	"""glasses"""	"""left"""	"""middle"""	"0"	"-1"	"0"	"1"	"7"	"0"	"0"	"""2"""	"""1"""	"""TRUE"""	"""foil"""	"""FALSE"""	"-1"	"-1"	"-1"	"-1"	"-1"	"-1"	"""friends"""	"""no"""	"""31"""	"""m"""	"1"	"0"
"What is he talking about? (1-2 mins)"	"Short and fun! A 1-2 minute word game about what someone is talking about."	"experiment, psychology, game"	"$0.20"	"Sun Apr 06 03:17:02 PDT 2014"	"100"	"0"	"0"	"100"	"Reviewable"	"NotReviewed"	"1 scales"	"600"	"60000"	"Sun Apr 13 03:17:02 PDT 2014"	"S40254"	"Approved"	""	"""snowman"""	"""mittens"""	"""hat"""	"""scarf"""	"""middle"""	"""left"""	"0"	"-1"	"0"	"1"	"8"	"0"	"0"	"""2"""	"""1"""	"""TRUE"""	"""foil"""	"""FALSE"""	"-1"	"-1"	"-1"	"-1"	"-1"	"-1"	"""Snowmen and clothing accessories"""	""""""	"""26"""	"""m"""	"1"	"0"
"What is he talking about? (1-2 mins)"	"Short and fun! A 1-2 minute word game about what someone is talking about."	"experiment, psychology, game"	"$0.20"	"Sun Apr 06 03:17:02 PDT 2014"	"100"	"0"	"0"	"100"	"Reviewable"	"NotReviewed"	"1 scales"	"600"	"60000"	"Sun Apr 13 03:17:02 PDT 2014"	"S52987"	"Approved"	""	"""boat"""	"""motor"""	"""cabin"""	"""sail"""	"""left"""	"""right"""	"0"	"-1"	"0"	"1"	"8"	"0"	"0"	"""2"""	"""1"""	"""FALSE"""	"""logical"""	"""FALSE"""	"-1"	"-1"	"-1"	"-1"	"-1"	"-1"	"""What people are talking about"""	"""Interesting survey"""	"""29"""	"""female"""	"1"	"0"
"What is he talking about? (1-2 mins)"	"Short and fun! A 1-2 minute word game about what someone is talking about."	"experiment, psychology, game"	"$0.20"	"Sun Apr 06 03:17:02 PDT 2014"	"100"	"0"	"0"	"100"	"Reviewable"	"NotReviewed"	"1 scales"	"600"	"60000"	"Sun Apr 13 03:17:02 PDT 2014"	"S11149"	"Approved"	""	"""pizza"""	"""mushrooms"""	"""peppers"""	"""olives"""	"""right"""	"""left"""	"0"	"-1"	"0"	"1"	"8"	"0"	"0"	"""2"""	"""1"""	"""TRUE"""	"""foil"""	"""FALSE"""	"-1"	"-1"	"-1"	"-1"	"-1"	"-1"	"""Bob and the pizzas he eats."""	""""""	"""27"""	"""m"""	"1"	"0"
"What is he talking about? (1-2 mins)"	"Short and fun! A 1-2 minute word game about what someone is talking about."	"experiment, psychology, game"	"$0.20"	"Sun Apr 06 03:17:02 PDT 2014"	"100"	"0"	"0"	"100"	"Reviewable"	"NotReviewed"	"1 scales"	"600"	"60000"	"Sun Apr 13 03:17:02 PDT 2014"	"S36938"	"Approved"	""	"""friend"""	"""mustache"""	"""hat"""	"""glasses"""	"""right"""	"""left"""	"0"	"-1"	"0"	"1"	"8"	"0"	"0"	"""2"""	"""1"""	"""TRUE"""	"""foil"""	"""FALSE"""	"-1"	"-1"	"-1"	"-1"	"-1"	"-1"	"""What is he talking about?"""	"""What is this survey really about?"""	"""23"""	"""f"""	"1"	"0"
"What is he talking about? (1-2 mins)"	"Short and fun! A 1-2 minute word game about what someone is talking about."	"experiment, psychology, game"	"$0.20"	"Sun Apr 06 03:17:02 PDT 2014"	"100"	"0"	"0"	"100"	"Reviewable"	"NotReviewed"	"1 scales"	"600"	"60000"	"Sun Apr 13 03:17:02 PDT 2014"	"S33696"	"Approved"	""	"""snowman"""	"""hat"""	"""mittens"""	"""scarf"""	"""right"""	"""middle"""	"0"	"-1"	"0"	"1"	"7"	"0"	"0"	"""2"""	"""1"""	"""TRUE"""	"""logical"""	"""FALSE"""	"-1"	"-1"	"-1"	"-1"	"-1"	"-1"	"""It's about Bob, he makes snowmen."""	""""""	"""37"""	"""m"""	"1"	"0"
"What is he talking about? (1-2 mins)"	"Short and fun! A 1-2 minute word game about what someone is talking about."	"experiment, psychology, game"	"$0.20"	"Sun Apr 06 03:17:02 PDT 2014"	"100"	"0"	"0"	"100"	"Reviewable"	"NotReviewed"	"1 scales"	"600"	"60000"	"Sun Apr 13 03:17:02 PDT 2014"	"S37982"	"Approved"	""	"""snowman"""	"""scarf"""	"""mittens"""	"""hat"""	"""right"""	"""middle"""	"0"	"-1"	"0"	"1"	"8"	"0"	"0"	"""2"""	"""1"""	"""TRUE"""	"""foil"""	"""FALSE"""	"-1"	"-1"	"-1"	"-1"	"-1"	"-1"	"""Snowman feature identification."""	"""No"""	"""33"""	"""m"""	"1"	"0"
"What is he talking about? (1-2 mins)"	"Short and fun! A 1-2 minute word game about what someone is talking about."	"experiment, psychology, game"	"$0.20"	"Sun Apr 06 03:17:02 PDT 2014"	"100"	"0"	"0"	"100"	"Reviewable"	"NotReviewed"	"1 scales"	"600"	"60000"	"Sun Apr 13 03:17:02 PDT 2014"	"S10631"	"Approved"	""	"""sundae"""	"""cherry"""	"""whipped cream"""	"""chocolate"""	"""right"""	"""left"""	"0"	"-1"	"0"	"1"	"7"	"0"	"0"	"""2"""	"""1"""	"""TRUE"""	"""logical"""	"""FALSE"""	"-1"	"-1"	"-1"	"-1"	"-1"	"-1"	"""what bob likes"""	""""""	"""53"""	"""m"""	"1"	"0"
"What is he talking about? (1-2 mins)"	"Short and fun! A 1-2 minute word game about what someone is talking about."	"experiment, psychology, game"	"$0.20"	"Sun Apr 06 03:17:02 PDT 2014"	"100"	"0"	"0"	"100"	"Reviewable"	"NotReviewed"	"1 scales"	"600"	"60000"	"Sun Apr 13 03:17:02 PDT 2014"	"S66489"	"Approved"	""	"""boat"""	"""motor"""	"""cabin"""	"""sail"""	"""left"""	"""middle"""	"0"	"-1"	"0"	"1"	"7"	"0"	"0"	"""2"""	"""1"""	"""TRUE"""	"""logical"""	"""FALSE"""	"-1"	"-1"	"-1"	"-1"	"-1"	"-1"	"""Bob's boats"""	"""Nope"""	"""27"""	"""m"""	"1"	"0"
"What is he talking about? (1-2 mins)"	"Short and fun! A 1-2 minute word game about what someone is talking about."	"experiment, psychology, game"	"$0.20"	"Sun Apr 06 03:17:02 PDT 2014"	"100"	"0"	"0"	"100"	"Reviewable"	"NotReviewed"	"1 scales"	"600"	"60000"	"Sun Apr 13 03:17:02 PDT 2014"	"S37043"	"Approved"	""	"""friend"""	"""hat"""	"""mustache"""	"""glasses"""	"""right"""	"""middle"""	"0"	"-1"	"0"	"1"	"8"	"0"	"0"	"""2"""	"""1"""	"""TRUE"""	"""foil"""	"""FALSE"""	"-1"	"-1"	"-1"	"-1"	"-1"	"-1"	"""Visual Cognition"""	""""""	"""50"""	"""M"""	"1"	"0"
"What is he talking about? (1-2 mins)"	"Short and fun! A 1-2 minute word game about what someone is talking about."	"experiment, psychology, game"	"$0.20"	"Sun Apr 06 03:17:02 PDT 2014"	"100"	"0"	"0"	"100"	"Reviewable"	"NotReviewed"	"1 scales"	"600"	"60000"	"Sun Apr 13 03:17:02 PDT 2014"	"S85340"	"Approved"	""	"""sundae"""	"""chocolate"""	"""cherry"""	"""whipped cream"""	"""middle"""	"""left"""	"0"	"-1"	"0"	"1"	"8"	"0"	"0"	"""2"""	"""1"""	"""TRUE"""	"""foil"""	"""FALSE"""	"-1"	"-1"	"-1"	"-1"	"-1"	"-1"	"""Ice Cream"""	""""""	"""27"""	"""m"""	"1"	"0"
"What is he talking about? (1-2 mins)"	"Short and fun! A 1-2 minute word game about what someone is talking about."	"experiment, psychology, game"	"$0.20"	"Sun Apr 06 03:17:02 PDT 2014"	"100"	"0"	"0"	"100"	"Reviewable"	"NotReviewed"	"1 scales"	"600"	"60000"	"Sun Apr 13 03:17:02 PDT 2014"	"S23837"	"Approved"	""	"""snowman"""	"""mittens"""	"""hat"""	"""scarf"""	"""middle"""	"""right"""	"0"	"-1"	"0"	"1"	"8"	"0"	"0"	"""2"""	"""1"""	"""TRUE"""	"""foil"""	"""FALSE"""	"-1"	"-1"	"-1"	"-1"	"-1"	"-1"	"""decide what makes Bob happy"""	"""no"""	"""54"""	"""f"""	"1"	"0"
"What is he talking about? (1-2 mins)"	"Short and fun! A 1-2 minute word game about what someone is talking about."	"experiment, psychology, game"	"$0.20"	"Sun Apr 06 03:17:02 PDT 2014"	"100"	"0"	"0"	"100"	"Reviewable"	"NotReviewed"	"1 scales"	"600"	"60000"	"Sun Apr 13 03:17:02 PDT 2014"	"S76334"	"Approved"	""	"""snowman"""	"""mittens"""	"""hat"""	"""scarf"""	"""left"""	"""right"""	"0"	"-1"	"0"	"1"	"7"	"0"	"0"	"""2"""	"""1"""	"""TRUE"""	"""logical"""	"""FALSE"""	"-1"	"-1"	"-1"	"-1"	"-1"	"-1"	"""Bob making snowmen"""	""""""	"""28"""	"""F"""	"1"	"0"
"What is he talking about? (1-2 mins)"	"Short and fun! A 1-2 minute word game about what someone is talking about."	"experiment, psychology, game"	"$0.20"	"Sun Apr 06 03:17:02 PDT 2014"	"100"	"0"	"0"	"100"	"Reviewable"	"NotReviewed"	"1 scales"	"600"	"60000"	"Sun Apr 13 03:17:02 PDT 2014"	"S62865"	"Approved"	""	"""snowman"""	"""hat"""	"""scarf"""	"""mittens"""	"""middle"""	"""left"""	"0"	"-1"	"0"	"1"	"8"	"0"	"0"	"""2"""	"""1"""	"""TRUE"""	"""foil"""	"""FALSE"""	"-1"	"-1"	"-1"	"-1"	"-1"	"-1"	"""Identifying subjects based on limited information."""	"""No."""	"""31"""	"""m"""	"1"	"0"
"What is he talking about? (1-2 mins)"	"Short and fun! A 1-2 minute word game about what someone is talking about."	"experiment, psychology, game"	"$0.20"	"Sun Apr 06 03:17:02 PDT 2014"	"100"	"0"	"0"	"100"	"Reviewable"	"NotReviewed"	"1 scales"	"600"	"60000"	"Sun Apr 13 03:17:02 PDT 2014"	"S40943"	"Approved"	""	"""sundae"""	"""whipped cream"""	"""chocolate"""	"""cherry"""	"""left"""	"""middle"""	"0"	"-1"	"0"	"1"	"8"	"0"	"0"	"""2"""	"""1"""	"""TRUE"""	"""foil"""	"""FALSE"""	"-1"	"-1"	"-1"	"-1"	"-1"	"-1"	"""Sundaes"""	""""""	"""23"""	"""f"""	"1"	"0"
"What is he talking about? (1-2 mins)"	"Short and fun! A 1-2 minute word game about what someone is talking about."	"experiment, psychology, game"	"$0.20"	"Sun Apr 06 03:17:02 PDT 2014"	"100"	"0"	"0"	"100"	"Reviewable"	"NotReviewed"	"1 scales"	"600"	"60000"	"Sun Apr 13 03:17:02 PDT 2014"	"S69330"	"Approved"	""	"""Christmas tree"""	"""lights"""	"""star"""	"""ornaments"""	"""middle"""	"""left"""	"0"	"-1"	"0"	"1"	"7"	"0"	"0"	"""2"""	"""1"""	"""TRUE"""	"""foil"""	"""FALSE"""	"-1"	"-1"	"-1"	"-1"	"-1"	"-1"	"""Bob trimming christmas trees"""	""""""	"""24"""	"""M"""	"1"	"0"
"What is he talking about? (1-2 mins)"	"Short and fun! A 1-2 minute word game about what someone is talking about."	"experiment, psychology, game"	"$0.20"	"Sun Apr 06 03:17:02 PDT 2014"	"100"	"0"	"0"	"100"	"Reviewable"	"NotReviewed"	"1 scales"	"600"	"60000"	"Sun Apr 13 03:17:02 PDT 2014"	"S30149"	"Approved"	""	"""Christmas tree"""	"""ornaments"""	"""lights"""	"""star"""	"""right"""	"""left"""	"0"	"-1"	"0"	"1"	"7"	"0"	"0"	"""2"""	"""1"""	"""TRUE"""	"""logical"""	"""FALSE"""	"-1"	"-1"	"-1"	"-1"	"-1"	"-1"	"""not sure"""	""""""	"""22"""	"""m"""	"1"	"0"
"What is he talking about? (1-2 mins)"	"Short and fun! A 1-2 minute word game about what someone is talking about."	"experiment, psychology, game"	"$0.20"	"Sun Apr 06 03:17:02 PDT 2014"	"100"	"0"	"0"	"100"	"Reviewable"	"NotReviewed"	"1 scales"	"600"	"60000"	"Sun Apr 13 03:17:02 PDT 2014"	"S08875"	"Approved"	""	"""snowman"""	"""mittens"""	"""scarf"""	"""hat"""	"""right"""	"""middle"""	"0"	"-1"	"0"	"1"	"8"	"0"	"0"	"""2"""	"""1"""	"""TRUE"""	"""foil"""	"""FALSE"""	"-1"	"-1"	"-1"	"-1"	"-1"	"-1"	"""No idea"""	""""""	"""33"""	"""Female"""	"1"	"0"
"What is he talking about? (1-2 mins)"	"Short and fun! A 1-2 minute word game about what someone is talking about."	"experiment, psychology, game"	"$0.20"	"Sun Apr 06 03:17:02 PDT 2014"	"100"	"0"	"0"	"100"	"Reviewable"	"NotReviewed"	"1 scales"	"600"	"60000"	"Sun Apr 13 03:17:02 PDT 2014"	"S61597"	"Approved"	""	"""pizza"""	"""olives"""	"""mushrooms"""	"""peppers"""	"""middle"""	"""left"""	"0"	"-1"	"0"	"1"	"8"	"0"	"0"	"""2"""	"""1"""	"""TRUE"""	"""foil"""	"""FALSE"""	"-1"	"-1"	"-1"	"-1"	"-1"	"-1"	"""Making judgments about others with limited information. """	"""No."""	"""52"""	"""m"""	"1"	"0"
"What is he talking about? (1-2 mins)"	"Short and fun! A 1-2 minute word game about what someone is talking about."	"experiment, psychology, game"	"$0.20"	"Sun Apr 06 03:17:02 PDT 2014"	"100"	"0"	"0"	"100"	"Reviewable"	"NotReviewed"	"1 scales"	"600"	"60000"	"Sun Apr 13 03:17:02 PDT 2014"	"S07360"	"Approved"	""	"""Christmas tree"""	"""ornaments"""	"""lights"""	"""star"""	"""left"""	"""middle"""	"0"	"-1"	"0"	"1"	"7"	"0"	"0"	"""2"""	"""2"""	"""TRUE"""	"""logical"""	"""FALSE"""	"-1"	"-1"	"-1"	"-1"	"-1"	"-1"	"""Christmas trees"""	"""None"""	"""26"""	"""m"""	"1"	"0"
"What is he talking about? (1-2 mins)"	"Short and fun! A 1-2 minute word game about what someone is talking about."	"experiment, psychology, game"	"$0.20"	"Sun Apr 06 03:17:02 PDT 2014"	"100"	"0"	"0"	"100"	"Reviewable"	"NotReviewed"	"1 scales"	"600"	"60000"	"Sun Apr 13 03:17:02 PDT 2014"	"S16470"	"Approved"	""	"""Christmas tree"""	"""lights"""	"""star"""	"""ornaments"""	"""left"""	"""middle"""	"0"	"-1"	"0"	"1"	"8"	"0"	"0"	"""2"""	"""1"""	"""TRUE"""	"""logical"""	"""FALSE"""	"-1"	"-1"	"-1"	"-1"	"-1"	"-1"	"""Bob and his like for trimming Christmas trees"""	""""""	"""29"""	"""m"""	"1"	"0"
"What is he talking about? (1-2 mins)"	"Short and fun! A 1-2 minute word game about what someone is talking about."	"experiment, psychology, game"	"$0.20"	"Sun Apr 06 03:17:02 PDT 2014"	"100"	"0"	"0"	"100"	"Reviewable"	"NotReviewed"	"1 scales"	"600"	"60000"	"Sun Apr 13 03:17:02 PDT 2014"	"S32482"	"Approved"	""	"""pizza"""	"""peppers"""	"""mushrooms"""	"""olives"""	"""right"""	"""left"""	"0"	"-1"	"0"	"1"	"7"	"0"	"0"	"""2"""	"""1"""	"""TRUE"""	"""target"""	"""TRUE"""	"-1"	"-1"	"-1"	"-1"	"-1"	"-1"	"""To see how people perceive what others say or do"""	"""None"""	"""23"""	"""m"""	"1"	"0"
"What is he talking about? (1-2 mins)"	"Short and fun! A 1-2 minute word game about what someone is talking about."	"experiment, psychology, game"	"$0.20"	"Sun Apr 06 03:17:02 PDT 2014"	"100"	"0"	"0"	"100"	"Reviewable"	"NotReviewed"	"1 scales"	"600"	"60000"	"Sun Apr 13 03:17:02 PDT 2014"	"S02745"	"Approved"	""	"""pizza"""	"""peppers"""	"""mushrooms"""	"""olives"""	"""left"""	"""middle"""	"0"	"-1"	"0"	"1"	"7"	"0"	"0"	"""2"""	"""1"""	"""TRUE"""	"""target"""	"""TRUE"""	"-1"	"-1"	"-1"	"-1"	"-1"	"-1"	"""I'm not sure"""	"""No"""	"""33"""	"""f"""	"1"	"0"
"What is he talking about? (1-2 mins)"	"Short and fun! A 1-2 minute word game about what someone is talking about."	"experiment, psychology, game"	"$0.20"	"Sun Apr 06 03:17:02 PDT 2014"	"100"	"0"	"0"	"100"	"Reviewable"	"NotReviewed"	"1 scales"	"600"	"60000"	"Sun Apr 13 03:17:02 PDT 2014"	"S83713"	"Approved"	""	"""pizza"""	"""mushrooms"""	"""peppers"""	"""olives"""	"""right"""	"""left"""	"0"	"-1"	"0"	"1"	"8"	"0"	"0"	"""2"""	"""1"""	"""TRUE"""	"""foil"""	"""FALSE"""	"-1"	"-1"	"-1"	"-1"	"-1"	"-1"	"""I have no idea"""	""""""	"""41"""	"""m"""	"1"	"0"
"What is he talking about? (1-2 mins)"	"Short and fun! A 1-2 minute word game about what someone is talking about."	"experiment, psychology, game"	"$0.20"	"Sun Apr 06 03:17:02 PDT 2014"	"100"	"0"	"0"	"100"	"Reviewable"	"NotReviewed"	"1 scales"	"600"	"60000"	"Sun Apr 13 03:17:02 PDT 2014"	"S24278"	"Approved"	""	"""boat"""	"""motor"""	"""sail"""	"""cabin"""	"""middle"""	"""right"""	"0"	"-1"	"0"	"1"	"8"	"0"	"0"	"""2"""	"""1"""	"""TRUE"""	"""foil"""	"""FALSE"""	"-1"	"-1"	"-1"	"-1"	"-1"	"-1"	"""Bob boats."""	"""No."""	""""""	""""""	"1"	"0"
"What is he talking about? (1-2 mins)"	"Short and fun! A 1-2 minute word game about what someone is talking about."	"experiment, psychology, game"	"$0.20"	"Sun Apr 06 03:17:02 PDT 2014"	"100"	"0"	"0"	"100"	"Reviewable"	"NotReviewed"	"1 scales"	"600"	"60000"	"Sun Apr 13 03:17:02 PDT 2014"	"S35880"	"Approved"	""	"""snowman"""	"""mittens"""	"""hat"""	"""scarf"""	"""middle"""	"""left"""	"0"	"-1"	"0"	"1"	"8"	"0"	"0"	"""2"""	"""1"""	"""TRUE"""	"""foil"""	"""FALSE"""	"-1"	"-1"	"-1"	"-1"	"-1"	"-1"	"""don't know"""	""""""	"""37"""	"""f"""	"1"	"0"
"What is he talking about? (1-2 mins)"	"Short and fun! A 1-2 minute word game about what someone is talking about."	"experiment, psychology, game"	"$0.20"	"Sun Apr 06 03:17:02 PDT 2014"	"100"	"0"	"0"	"100"	"Reviewable"	"NotReviewed"	"1 scales"	"600"	"60000"	"Sun Apr 13 03:17:02 PDT 2014"	"S22796"	"Approved"	""	"""sundae"""	"""whipped cream"""	"""chocolate"""	"""cherry"""	"""left"""	"""right"""	"0"	"-1"	"0"	"1"	"8"	"0"	"0"	"""2"""	"""1"""	"""TRUE"""	"""target"""	"""TRUE"""	"-1"	"-1"	"-1"	"-1"	"-1"	"-1"	"""which ice cream bob likes."""	"""nothing it all worked fine."""	"""27"""	"""m"""	"1"	"0"
"What is he talking about? (1-2 mins)"	"Short and fun! A 1-2 minute word game about what someone is talking about."	"experiment, psychology, game"	"$0.20"	"Sun Apr 06 03:17:02 PDT 2014"	"100"	"0"	"0"	"100"	"Reviewable"	"NotReviewed"	"1 scales"	"600"	"60000"	"Sun Apr 13 03:17:02 PDT 2014"	"S40345"	"Approved"	""	"""friend"""	"""glasses"""	"""hat"""	"""mustache"""	"""middle"""	"""right"""	"0"	"-1"	"0"	"1"	"8"	"0"	"0"	"""2"""	"""1"""	"""TRUE"""	"""target"""	"""TRUE"""	"-1"	"-1"	"-1"	"-1"	"-1"	"-1"	"""Judgements on appearance"""	""""""	"""23"""	"""f"""	"1"	"0"
"What is he talking about? (1-2 mins)"	"Short and fun! A 1-2 minute word game about what someone is talking about."	"experiment, psychology, game"	"$0.20"	"Sun Apr 06 03:17:02 PDT 2014"	"100"	"0"	"0"	"100"	"Reviewable"	"NotReviewed"	"1 scales"	"600"	"60000"	"Sun Apr 13 03:17:02 PDT 2014"	"S49802"	"Approved"	""	"""sundae"""	"""whipped cream"""	"""cherry"""	"""chocolate"""	"""left"""	"""middle"""	"0"	"-1"	"0"	"1"	"8"	"0"	"0"	"""2"""	"""1"""	"""TRUE"""	"""foil"""	"""FALSE"""	"-1"	"-1"	"-1"	"-1"	"-1"	"-1"	"""sundaes """	""""""	""""""	"""m"""	"1"	"0"
"What is he talking about? (1-2 mins)"	"Short and fun! A 1-2 minute word game about what someone is talking about."	"experiment, psychology, game"	"$0.20"	"Sun Apr 06 03:17:02 PDT 2014"	"100"	"0"	"0"	"100"	"Reviewable"	"NotReviewed"	"1 scales"	"600"	"60000"	"Sun Apr 13 03:17:02 PDT 2014"	"S94519"	"Approved"	""	"""friend"""	"""glasses"""	"""mustache"""	"""hat"""	"""left"""	"""middle"""	"0"	"-1"	"0"	"1"	"8"	"0"	"0"	"""2"""	"""1"""	"""TRUE"""	"""target"""	"""TRUE"""	"-1"	"-1"	"-1"	"-1"	"-1"	"-1"	"""Which of Bob's friends had certain physical appearances and which he liked the least."""	"""Interesting study!"""	"""25"""	"""m"""	"1"	"0"
"What is he talking about? (1-2 mins)"	"Short and fun! A 1-2 minute word game about what someone is talking about."	"experiment, psychology, game"	"$0.20"	"Sun Apr 06 03:17:02 PDT 2014"	"100"	"0"	"0"	"100"	"Reviewable"	"NotReviewed"	"1 scales"	"600"	"60000"	"Sun Apr 13 03:17:02 PDT 2014"	"S61345"	"Approved"	""	"""snowman"""	"""scarf"""	"""hat"""	"""mittens"""	"""middle"""	"""left"""	"0"	"-1"	"0"	"1"	"8"	"0"	"0"	"""2"""	"""1"""	"""TRUE"""	"""foil"""	"""FALSE"""	"-1"	"-1"	"-1"	"-1"	"-1"	"-1"	"""Bob decerating snowmen"""	"""fun pictures"""	"""30"""	"""M"""	"1"	"0"
"What is he talking about? (1-2 mins)"	"Short and fun! A 1-2 minute word game about what someone is talking about."	"experiment, psychology, game"	"$0.20"	"Sun Apr 06 03:17:02 PDT 2014"	"100"	"0"	"0"	"100"	"Reviewable"	"NotReviewed"	"1 scales"	"600"	"60000"	"Sun Apr 13 03:17:02 PDT 2014"	"S79792"	"Approved"	""	"""boat"""	"""motor"""	"""sail"""	"""cabin"""	"""left"""	"""right"""	"0"	"-1"	"0"	"1"	"8"	"0"	"0"	"""2"""	"""1"""	"""TRUE"""	"""foil"""	"""FALSE"""	"-1"	"-1"	"-1"	"-1"	"-1"	"-1"	"""bob renting boats"""	""""""	"""34"""	"""female"""	"1"	"0"
"What is he talking about? (1-2 mins)"	"Short and fun! A 1-2 minute word game about what someone is talking about."	"experiment, psychology, game"	"$0.20"	"Sun Apr 06 03:17:02 PDT 2014"	"100"	"0"	"0"	"100"	"Reviewable"	"NotReviewed"	"1 scales"	"600"	"60000"	"Sun Apr 13 03:17:02 PDT 2014"	"S81137"	"Approved"	""	"""sundae"""	"""cherry"""	"""chocolate"""	"""whipped cream"""	"""left"""	"""middle"""	"0"	"-1"	"0"	"1"	"8"	"0"	"0"	"""2"""	"""1"""	"""TRUE"""	"""foil"""	"""FALSE"""	"-1"	"-1"	"-1"	"-1"	"-1"	"-1"	"""Bob and his eating habits."""	""""""	"""21"""	"""f"""	"1"	"0"
"What is he talking about? (1-2 mins)"	"Short and fun! A 1-2 minute word game about what someone is talking about."	"experiment, psychology, game"	"$0.20"	"Sun Apr 06 03:17:02 PDT 2014"	"100"	"0"	"0"	"100"	"Reviewable"	"NotReviewed"	"1 scales"	"600"	"60000"	"Sun Apr 13 03:17:02 PDT 2014"	"S85325"	"Approved"	""	"""Christmas tree"""	"""lights"""	"""ornaments"""	"""star"""	"""middle"""	"""left"""	"0"	"-1"	"0"	"1"	"8"	"0"	"0"	"""2"""	"""1"""	"""TRUE"""	"""logical"""	"""FALSE"""	"-1"	"-1"	"-1"	"-1"	"-1"	"-1"	"""Answering questions about Bob's trimmed Christmas trees."""	""""""	"""20"""	"""m"""	"1"	"0"
"What is he talking about? (1-2 mins)"	"Short and fun! A 1-2 minute word game about what someone is talking about."	"experiment, psychology, game"	"$0.20"	"Sun Apr 06 03:17:02 PDT 2014"	"100"	"0"	"0"	"100"	"Reviewable"	"NotReviewed"	"1 scales"	"600"	"60000"	"Sun Apr 13 03:17:02 PDT 2014"	"S45875"	"Approved"	""	"""friend"""	"""glasses"""	"""hat"""	"""mustache"""	"""left"""	"""right"""	"0"	"-1"	"0"	"1"	"8"	"0"	"0"	"""2"""	"""1"""	"""TRUE"""	"""foil"""	"""FALSE"""	"-1"	"-1"	"-1"	"-1"	"-1"	"-1"	"""Bob's friends that he visits on Sundays"""	""""""	"""30"""	"""m"""	"1"	"0"
"What is he talking about? (1-2 mins)"	"Short and fun! A 1-2 minute word game about what someone is talking about."	"experiment, psychology, game"	"$0.20"	"Sun Apr 06 03:17:02 PDT 2014"	"100"	"0"	"0"	"100"	"Reviewable"	"NotReviewed"	"1 scales"	"600"	"60000"	"Sun Apr 13 03:17:02 PDT 2014"	"S36189"	"Approved"	""	"""snowman"""	"""mittens"""	"""scarf"""	"""hat"""	"""left"""	"""middle"""	"0"	"-1"	"0"	"1"	"7"	"0"	"0"	"""2"""	"""1"""	"""TRUE"""	"""logical"""	"""FALSE"""	"-1"	"-1"	"-1"	"-1"	"-1"	"-1"	"""Bob and his love for snowman."""	"""thanks!"""	"""36"""	"""m"""	"1"	"0"
"What is he talking about? (1-2 mins)"	"Short and fun! A 1-2 minute word game about what someone is talking about."	"experiment, psychology, game"	"$0.20"	"Sun Apr 06 03:17:02 PDT 2014"	"100"	"0"	"0"	"100"	"Reviewable"	"NotReviewed"	"1 scales"	"600"	"60000"	"Sun Apr 13 03:17:02 PDT 2014"	"S69021"	"Approved"	""	"""sundae"""	"""whipped cream"""	"""cherry"""	"""chocolate"""	"""right"""	"""middle"""	"0"	"-1"	"0"	"1"	"7"	"0"	"0"	"""2"""	"""1"""	"""TRUE"""	"""logical"""	"""FALSE"""	"-1"	"-1"	"-1"	"-1"	"-1"	"-1"	"""Sundaes and preference """	"""None"""	"""21"""	"""m"""	"1"	"0"
"What is he talking about? (1-2 mins)"	"Short and fun! A 1-2 minute word game about what someone is talking about."	"experiment, psychology, game"	"$0.20"	"Sun Apr 06 03:17:02 PDT 2014"	"100"	"0"	"0"	"100"	"Reviewable"	"NotReviewed"	"1 scales"	"600"	"60000"	"Sun Apr 13 03:17:02 PDT 2014"	"S61009"	"Approved"	""	"""snowman"""	"""scarf"""	"""hat"""	"""mittens"""	"""left"""	"""middle"""	"0"	"-1"	"0"	"1"	"7"	"0"	"0"	"""2"""	"""1"""	"""FALSE"""	"""logical"""	"""FALSE"""	"-1"	"-1"	"-1"	"-1"	"-1"	"-1"	"""judge a person"""	"""No"""	"""38"""	"""F"""	"1"	"0"
"What is he talking about? (1-2 mins)"	"Short and fun! A 1-2 minute word game about what someone is talking about."	"experiment, psychology, game"	"$0.20"	"Sun Apr 06 03:17:02 PDT 2014"	"100"	"0"	"0"	"100"	"Reviewable"	"NotReviewed"	"1 scales"	"600"	"60000"	"Sun Apr 13 03:17:02 PDT 2014"	"S06171"	"Approved"	""	"""Christmas tree"""	"""ornaments"""	"""lights"""	"""star"""	"""left"""	"""right"""	"0"	"-1"	"0"	"1"	"8"	"0"	"0"	"""2"""	"""1"""	"""TRUE"""	"""logical"""	"""FALSE"""	"-1"	"-1"	"-1"	"-1"	"-1"	"-1"	"""Making choices bases on a small piece of information."""	"""Interesting survey."""	"""31"""	"""m"""	"1"	"0"
"What is he talking about? (1-2 mins)"	"Short and fun! A 1-2 minute word game about what someone is talking about."	"experiment, psychology, game"	"$0.20"	"Sun Apr 06 03:17:02 PDT 2014"	"100"	"0"	"0"	"100"	"Reviewable"	"NotReviewed"	"1 scales"	"600"	"60000"	"Sun Apr 13 03:17:02 PDT 2014"	"S01987"	"Approved"	""	"""friend"""	"""glasses"""	"""mustache"""	"""hat"""	"""right"""	"""left"""	"0"	"-1"	"0"	"1"	"7"	"0"	"0"	"""2"""	"""1"""	"""TRUE"""	"""logical"""	"""FALSE"""	"-1"	"-1"	"-1"	"-1"	"-1"	"-1"	"""Friends"""	""""""	"""45"""	"""m"""	"1"	"0"
"What is he talking about? (1-2 mins)"	"Short and fun! A 1-2 minute word game about what someone is talking about."	"experiment, psychology, game"	"$0.20"	"Sun Apr 06 03:17:02 PDT 2014"	"100"	"0"	"0"	"100"	"Reviewable"	"NotReviewed"	"1 scales"	"600"	"60000"	"Sun Apr 13 03:17:02 PDT 2014"	"S13430"	"Approved"	""	"""friend"""	"""glasses"""	"""hat"""	"""mustache"""	"""middle"""	"""left"""	"0"	"-1"	"0"	"1"	"8"	"0"	"0"	"""2"""	"""1"""	"""TRUE"""	"""foil"""	"""FALSE"""	"-1"	"-1"	"-1"	"-1"	"-1"	"-1"	"""who bob visits."""	"""Thanks!"""	"""30"""	"""M"""	"1"	"0"
"What is he talking about? (1-2 mins)"	"Short and fun! A 1-2 minute word game about what someone is talking about."	"experiment, psychology, game"	"$0.20"	"Sun Apr 06 03:17:02 PDT 2014"	"100"	"0"	"0"	"100"	"Reviewable"	"NotReviewed"	"1 scales"	"600"	"60000"	"Sun Apr 13 03:17:02 PDT 2014"	"S49895"	"Approved"	""	"""snowman"""	"""hat"""	"""mittens"""	"""scarf"""	"""middle"""	"""right"""	"0"	"-1"	"0"	"1"	"8"	"0"	"0"	"""2"""	"""1"""	"""TRUE"""	"""foil"""	"""FALSE"""	"-1"	"-1"	"-1"	"-1"	"-1"	"-1"	"""Snowmen preferences"""	""""""	"""19"""	"""F"""	"1"	"0"
"What is he talking about? (1-2 mins)"	"Short and fun! A 1-2 minute word game about what someone is talking about."	"experiment, psychology, game"	"$0.20"	"Sun Apr 06 03:17:02 PDT 2014"	"100"	"0"	"0"	"100"	"Reviewable"	"NotReviewed"	"1 scales"	"600"	"60000"	"Sun Apr 13 03:17:02 PDT 2014"	"S13571"	"Approved"	""	"""boat"""	"""cabin"""	"""sail"""	"""motor"""	"""right"""	"""middle"""	"0"	"-1"	"0"	"1"	"7"	"0"	"0"	"""2"""	"""1"""	"""TRUE"""	"""target"""	"""TRUE"""	"-1"	"-1"	"-1"	"-1"	"-1"	"-1"	"""Boat renting"""	"""No."""	"""19"""	"""M"""	"1"	"0"
"What is he talking about? (1-2 mins)"	"Short and fun! A 1-2 minute word game about what someone is talking about."	"experiment, psychology, game"	"$0.20"	"Sun Apr 06 03:17:02 PDT 2014"	"100"	"0"	"0"	"100"	"Reviewable"	"NotReviewed"	"1 scales"	"600"	"60000"	"Sun Apr 13 03:17:02 PDT 2014"	"S89249"	"Approved"	""	"""pizza"""	"""peppers"""	"""olives"""	"""mushrooms"""	"""right"""	"""middle"""	"0"	"-1"	"0"	"1"	"8"	"0"	"0"	"""2"""	"""1"""	"""TRUE"""	"""foil"""	"""FALSE"""	"-1"	"-1"	"-1"	"-1"	"-1"	"-1"	"""Bob and what kind of pizza he eats"""	"""no"""	"""52"""	"""m"""	"1"	"0"
"What is he talking about? (1-2 mins)"	"Short and fun! A 1-2 minute word game about what someone is talking about."	"experiment, psychology, game"	"$0.20"	"Sun Apr 06 03:17:02 PDT 2014"	"100"	"0"	"0"	"100"	"Reviewable"	"NotReviewed"	"1 scales"	"600"	"60000"	"Sun Apr 13 03:17:02 PDT 2014"	"S74378"	"Approved"	""	"""pizza"""	"""peppers"""	"""mushrooms"""	"""olives"""	"""left"""	"""middle"""	"0"	"-1"	"0"	"1"	"7"	"0"	"0"	"""2"""	"""1"""	"""TRUE"""	"""foil"""	"""FALSE"""	"-1"	"-1"	"-1"	"-1"	"-1"	"-1"	"""What kind of pizza Bob likes."""	"""Very quick and fun survey"""	"""33"""	"""m"""	"1"	"0"
"What is he talking about? (1-2 mins)"	"Short and fun! A 1-2 minute word game about what someone is talking about."	"experiment, psychology, game"	"$0.20"	"Sun Apr 06 03:17:02 PDT 2014"	"100"	"0"	"0"	"100"	"Reviewable"	"NotReviewed"	"1 scales"	"600"	"60000"	"Sun Apr 13 03:17:02 PDT 2014"	"S31907"	"Approved"	""	"""pizza"""	"""olives"""	"""peppers"""	"""mushrooms"""	"""right"""	"""middle"""	"0"	"-1"	"0"	"1"	"8"	"0"	"0"	"""2"""	"""1"""	"""TRUE"""	"""foil"""	"""FALSE"""	"-1"	"-1"	"-1"	"-1"	"-1"	"-1"	"""Pizza"""	""""""	"""19"""	"""F"""	"1"	"0"
"What is he talking about? (1-2 mins)"	"Short and fun! A 1-2 minute word game about what someone is talking about."	"experiment, psychology, game"	"$0.20"	"Sun Apr 06 03:17:02 PDT 2014"	"100"	"0"	"0"	"100"	"Reviewable"	"NotReviewed"	"1 scales"	"600"	"60000"	"Sun Apr 13 03:17:02 PDT 2014"	"S79981"	"Approved"	""	"""Christmas tree"""	"""lights"""	"""star"""	"""ornaments"""	"""right"""	"""middle"""	"0"	"-1"	"0"	"1"	"8"	"0"	"0"	"""2"""	"""1"""	"""TRUE"""	"""foil"""	"""FALSE"""	"-1"	"-1"	"-1"	"-1"	"-1"	"-1"	"""Honestly can't really tell from length. I assume opinion on individual's behavior and preference based on that behavior?"""	""""""	"""23"""	"""m"""	"1"	"0"
"What is he talking about? (1-2 mins)"	"Short and fun! A 1-2 minute word game about what someone is talking about."	"experiment, psychology, game"	"$0.20"	"Sun Apr 06 03:17:02 PDT 2014"	"100"	"0"	"0"	"100"	"Reviewable"	"NotReviewed"	"1 scales"	"600"	"60000"	"Sun Apr 13 03:17:02 PDT 2014"	"S97902"	"Approved"	""	"""boat"""	"""motor"""	"""sail"""	"""cabin"""	"""left"""	"""right"""	"0"	"-1"	"0"	"1"	"8"	"0"	"0"	"""2"""	"""1"""	"""TRUE"""	"""logical"""	"""FALSE"""	"-1"	"-1"	"-1"	"-1"	"-1"	"-1"	"""bob renting a boat"""	"""no"""	"""56"""	"""female"""	"1"	"0"
"What is he talking about? (1-2 mins)"	"Short and fun! A 1-2 minute word game about what someone is talking about."	"experiment, psychology, game"	"$0.20"	"Sun Apr 06 03:17:02 PDT 2014"	"100"	"0"	"0"	"100"	"Reviewable"	"NotReviewed"	"1 scales"	"600"	"60000"	"Sun Apr 13 03:17:02 PDT 2014"	"S45342"	"Approved"	""	"""snowman"""	"""hat"""	"""mittens"""	"""scarf"""	"""left"""	"""right"""	"0"	"-1"	"0"	"1"	"8"	"0"	"0"	"""2"""	"""1"""	"""TRUE"""	"""foil"""	"""FALSE"""	"-1"	"-1"	"-1"	"-1"	"-1"	"-1"	"""Snowmen?"""	"""None"""	"""24"""	"""m"""	"1"	"0"
"What is he talking about? (1-2 mins)"	"Short and fun! A 1-2 minute word game about what someone is talking about."	"experiment, psychology, game"	"$0.20"	"Sun Apr 06 03:17:02 PDT 2014"	"100"	"0"	"0"	"100"	"Reviewable"	"NotReviewed"	"1 scales"	"600"	"60000"	"Sun Apr 13 03:17:02 PDT 2014"	"S49649"	"Approved"	""	"""sundae"""	"""cherry"""	"""chocolate"""	"""whipped cream"""	"""left"""	"""middle"""	"0"	"-1"	"0"	"1"	"8"	"0"	"0"	"""2"""	"""1"""	"""TRUE"""	"""foil"""	"""FALSE"""	"-1"	"-1"	"-1"	"-1"	"-1"	"-1"	"""I have no idea, besides that I've looked at some sunadaes a child likes to eat."""	"""I have no additional substantial comments to add."""	"""25"""	"""m"""	"1"	"0"
"What is he talking about? (1-2 mins)"	"Short and fun! A 1-2 minute word game about what someone is talking about."	"experiment, psychology, game"	"$0.20"	"Sun Apr 06 03:17:02 PDT 2014"	"100"	"0"	"0"	"100"	"Reviewable"	"NotReviewed"	"1 scales"	"600"	"60000"	"Sun Apr 13 03:17:02 PDT 2014"	"S31469"	"Approved"	""	"""pizza"""	"""mushrooms"""	"""peppers"""	"""olives"""	"""middle"""	"""right"""	"0"	"-1"	"0"	"1"	"7"	"0"	"0"	"""2"""	"""1"""	"""TRUE"""	"""logical"""	"""FALSE"""	"-1"	"-1"	"-1"	"-1"	"-1"	"-1"	"""No clue"""	""""""	"""50"""	"""m"""	"1"	"0"
"What is he talking about? (1-2 mins)"	"Short and fun! A 1-2 minute word game about what someone is talking about."	"experiment, psychology, game"	"$0.20"	"Sun Apr 06 03:17:02 PDT 2014"	"100"	"0"	"0"	"100"	"Reviewable"	"NotReviewed"	"1 scales"	"600"	"60000"	"Sun Apr 13 03:17:02 PDT 2014"	"S57210"	"Approved"	""	"""sundae"""	"""chocolate"""	"""cherry"""	"""whipped cream"""	"""right"""	"""middle"""	"0"	"-1"	"0"	"1"	"8"	"0"	"0"	"""2"""	"""1"""	"""TRUE"""	"""foil"""	"""FALSE"""	"-1"	"-1"	"-1"	"-1"	"-1"	"-1"	"""Deduction I guess, using it to try and figure out which ice cream is his least favorite."""	"""n/a"""	"""33"""	"""m"""	"1"	"0"
"What is he talking about? (1-2 mins)"	"Short and fun! A 1-2 minute word game about what someone is talking about."	"experiment, psychology, game"	"$0.20"	"Sun Apr 06 03:17:02 PDT 2014"	"100"	"0"	"0"	"100"	"Reviewable"	"NotReviewed"	"1 scales"	"600"	"60000"	"Sun Apr 13 03:17:02 PDT 2014"	"S87320"	"Approved"	""	"""sundae"""	"""chocolate"""	"""whipped cream"""	"""cherry"""	"""right"""	"""middle"""	"0"	"-1"	"0"	"1"	"8"	"0"	"0"	"""2"""	"""1"""	"""TRUE"""	"""foil"""	"""FALSE"""	"-1"	"-1"	"-1"	"-1"	"-1"	"-1"	"""if you're asking literally it was about bob and his love of sundaes. otherwise i don't know"""	"""n/a"""	"""20"""	"""m"""	"1"	"0"
"What is he talking about? (1-2 mins)"	"Short and fun! A 1-2 minute word game about what someone is talking about."	"experiment, psychology, game"	"$0.20"	"Sun Apr 06 03:17:02 PDT 2014"	"100"	"0"	"0"	"100"	"Reviewable"	"NotReviewed"	"1 scales"	"600"	"60000"	"Sun Apr 13 03:17:02 PDT 2014"	"S08760"	"Approved"	""	"""Christmas tree"""	"""star"""	"""ornaments"""	"""lights"""	"""left"""	"""middle"""	"0"	"-1"	"0"	"1"	"7"	"0"	"0"	"""2"""	"""1"""	"""TRUE"""	"""logical"""	"""FALSE"""	"-1"	"-1"	"-1"	"-1"	"-1"	"-1"	"""Being able to guess which Christmas tree is bob's favorite. """	"""Nice HIT"""	"""41"""	"""m"""	"1"	"0"
"What is he talking about? (1-2 mins)"	"Short and fun! A 1-2 minute word game about what someone is talking about."	"experiment, psychology, game"	"$0.20"	"Sun Apr 06 03:17:02 PDT 2014"	"100"	"0"	"0"	"100"	"Reviewable"	"NotReviewed"	"1 scales"	"600"	"60000"	"Sun Apr 13 03:17:02 PDT 2014"	"S81786"	"Approved"	""	"""snowman"""	"""mittens"""	"""hat"""	"""scarf"""	"""middle"""	"""right"""	"0"	"-1"	"0"	"1"	"7"	"0"	"0"	"""2"""	"""1"""	"""TRUE"""	"""logical"""	"""FALSE"""	"-1"	"-1"	"-1"	"-1"	"-1"	"-1"	"""It was about making inferences"""	"""No"""	"""38"""	"""F"""	"1"	"0"
