"title"	"description"	"keywords"	"reward"	"creationtime"	"assignments"	"numavailable"	"numpending"	"numcomplete"	"hitstatus"	"reviewstatus"	"annotation"	"assignmentduration"	"autoapprovaldelay"	"hitlifetime"	"workerid"	"assignmentstatus"	"deadline"	"Answer.item"	"Answer.target_property"	"Answer.target_frequency"	"Answer.target_position"	"Answer.distractor_position"	"Answer.familiarization_cond"	"Answer.participant_response_type_condition"	"Answer.participant_feature_count_condition"	"Answer.linguistic_framing_condition"	"Answer.target_filler_sequence_condition"	"Answer.question_type_condition"	"Answer.manip_check_target"	"Answer.manip_check_dist"	"Answer.name_check_correct"	"Answer.choice"	"Answer.choice_correct"	"Answer.money_allocated_to_foil"	"Answer.money_allocated_to_target"	"Answer.money_allocated_to_logical"	"Answer.Likert_value_foil"	"Answer.Likert_value_target"	"Answer.Likert_value_logical"	"Answer.about"	"Answer.comment"	"Answer.familiarization_present_in_study"	"Answer.choice_1"	"Answer.choice_2"	"Answer.choice_3"	"Answer.choice_4"	"Answer.choice_5"	"Answer.choice_6"	"Answer.choice_correct_1"	"Answer.choice_correct_2"	"Answer.choice_correct_3"	"Answer.choice_correct_4"	"Answer.choice_correct_5"	"Answer.choice_correct_6"	"Answer.item_1"	"Answer.item_2"	"Answer.item_3"	"Answer.item_4"	"Answer.item_5"	"Answer.item_6"	"Answer.target_prop_1"	"Answer.target_prop_2"	"Answer.target_prop_3"	"Answer.target_prop_4"	"Answer.target_prop_5"	"Answer.target_prop_6"	"Answer.target_position_1"	"Answer.target_position_2"	"Answer.target_position_3"	"Answer.target_position_4"	"Answer.target_position_5"	"Answer.target_position_6"	"Answer.distractor_prop_1"	"Answer.distractor_prop_2"	"Answer.distractor_prop_3"	"Answer.distractor_prop_4"	"Answer.distractor_prop_5"	"Answer.distractor_prop_6"	"Answer.distractor_position_1"	"Answer.distractor_position_2"	"Answer.distractor_position_3"	"Answer.distractor_position_4"	"Answer.distractor_position_5"	"Answer.distractor_position_6"	"Answer.sequence_condition"
"What is he talking about? (1-2 mins)"	"Short and fun! A 1-2 minute word game about what someone is talking about."	"experiment, psychology, game"	"$0.25"	"Tue Aug 12 16:07:58 PDT 2014"	"100"	"0"	"0"	"100"	"Reviewable"	"NotReviewed"	"1 scales"	"600"	"60000"	"Tue Aug 19 16:07:58 PDT 2014"	"S58447"	"Approved"	""	"""friend"""	"""glasses"""	"0"	"""middle"""	"""right"""	"-1"	"0"	"0"	"1"	"0"	"0"	"-1"	"-1"	"""TRUE"""	"""NA"""	"""NA"""	"-1"	"-1"	"-1"	"-1"	"-1"	"-1"	"""Bob describing his friends using one word. """	""""""	"0"	"""target"""	"""target"""	"""target"""	"""NA"""	"""NA"""	"""NA"""	"true"	"true"	"true"	"""NA"""	"""NA"""	"""NA"""	"""friend"""	"""friend"""	"""friend"""	"""NA"""	"""NA"""	"""NA"""	"""glasses"""	"""mustache"""	"""hat"""	"""NA"""	"""NA"""	"""NA"""	"""middle"""	"""left"""	"""right"""	"""NA"""	"""NA"""	"""NA"""	"""hat"""	"""mustache"""	"""glasses"""	"""NA"""	"""NA"""	"""NA"""	"""right"""	"""middle"""	"""left"""	"""NA"""	"""NA"""	"""NA"""	"""0w2w1w"""
"What is he talking about? (1-2 mins)"	"Short and fun! A 1-2 minute word game about what someone is talking about."	"experiment, psychology, game"	"$0.25"	"Tue Aug 12 16:07:58 PDT 2014"	"100"	"0"	"0"	"100"	"Reviewable"	"NotReviewed"	"1 scales"	"600"	"60000"	"Tue Aug 19 16:07:58 PDT 2014"	"S80678"	"Approved"	""	"""friend"""	"""glasses"""	"0"	"""right"""	"""left"""	"-1"	"0"	"0"	"1"	"0"	"0"	"-1"	"-1"	"""TRUE"""	"""NA"""	"""NA"""	"-1"	"-1"	"-1"	"-1"	"-1"	"-1"	"""no idea. About Bob of course. """	""""""	"0"	"""logical"""	"""target"""	"""target"""	"""NA"""	"""NA"""	"""NA"""	"false"	"true"	"true"	"""NA"""	"""NA"""	"""NA"""	"""friend"""	"""friend"""	"""friend"""	"""NA"""	"""NA"""	"""NA"""	"""glasses"""	"""mustache"""	"""hat"""	"""NA"""	"""NA"""	"""NA"""	"""right"""	"""left"""	"""middle"""	"""NA"""	"""NA"""	"""NA"""	"""mustache"""	"""hat"""	"""glasses"""	"""NA"""	"""NA"""	"""NA"""	"""left"""	"""middle"""	"""right"""	"""NA"""	"""NA"""	"""NA"""	"""1w2w0w"""
"What is he talking about? (1-2 mins)"	"Short and fun! A 1-2 minute word game about what someone is talking about."	"experiment, psychology, game"	"$0.25"	"Tue Aug 12 16:07:58 PDT 2014"	"100"	"0"	"0"	"100"	"Reviewable"	"NotReviewed"	"1 scales"	"600"	"60000"	"Tue Aug 19 16:07:58 PDT 2014"	"S26993"	"Approved"	""	"""sundae"""	"""chocolate"""	"0"	"""left"""	"""right"""	"-1"	"0"	"0"	"1"	"0"	"0"	"-1"	"-1"	"""TRUE"""	"""NA"""	"""NA"""	"-1"	"-1"	"-1"	"-1"	"-1"	"-1"	"""Communication"""	""""""	"0"	"""target"""	"""logical"""	"""logical"""	"""NA"""	"""NA"""	"""NA"""	"true"	"false"	"false"	"""NA"""	"""NA"""	"""NA"""	"""sundae"""	"""sundae"""	"""sundae"""	"""NA"""	"""NA"""	"""NA"""	"""chocolate"""	"""cherry"""	"""whipped cream"""	"""NA"""	"""NA"""	"""NA"""	"""left"""	"""middle"""	"""right"""	"""NA"""	"""NA"""	"""NA"""	"""whipped cream"""	"""cherry"""	"""chocolate"""	"""NA"""	"""NA"""	"""NA"""	"""right"""	"""left"""	"""middle"""	"""NA"""	"""NA"""	"""NA"""	"""0w2w1w"""
"What is he talking about? (1-2 mins)"	"Short and fun! A 1-2 minute word game about what someone is talking about."	"experiment, psychology, game"	"$0.25"	"Tue Aug 12 16:07:58 PDT 2014"	"100"	"0"	"0"	"100"	"Reviewable"	"NotReviewed"	"1 scales"	"600"	"60000"	"Tue Aug 19 16:07:58 PDT 2014"	"S30038"	"Approved"	""	"""sundae"""	"""chocolate"""	"0"	"""middle"""	"""left"""	"-1"	"0"	"0"	"1"	"0"	"0"	"-1"	"-1"	"""TRUE"""	"""NA"""	"""NA"""	"-1"	"-1"	"-1"	"-1"	"-1"	"-1"	"""The sundaes that bob eats."""	""""""	"0"	"""target"""	"""target"""	"""target"""	"""NA"""	"""NA"""	"""NA"""	"true"	"true"	"true"	"""NA"""	"""NA"""	"""NA"""	"""sundae"""	"""sundae"""	"""sundae"""	"""NA"""	"""NA"""	"""NA"""	"""chocolate"""	"""cherry"""	"""whipped cream"""	"""NA"""	"""NA"""	"""NA"""	"""middle"""	"""right"""	"""left"""	"""NA"""	"""NA"""	"""NA"""	"""whipped cream"""	"""cherry"""	"""chocolate"""	"""NA"""	"""NA"""	"""NA"""	"""left"""	"""middle"""	"""right"""	"""NA"""	"""NA"""	"""NA"""	"""0w2w1w"""
"What is he talking about? (1-2 mins)"	"Short and fun! A 1-2 minute word game about what someone is talking about."	"experiment, psychology, game"	"$0.25"	"Tue Aug 12 16:07:58 PDT 2014"	"100"	"0"	"0"	"100"	"Reviewable"	"NotReviewed"	"1 scales"	"600"	"60000"	"Tue Aug 19 16:07:58 PDT 2014"	"S36404"	"Approved"	""	"""friend"""	"""hat"""	"0"	"""middle"""	"""right"""	"-1"	"0"	"0"	"1"	"0"	"0"	"-1"	"-1"	"""TRUE"""	"""NA"""	"""NA"""	"-1"	"-1"	"-1"	"-1"	"-1"	"-1"	"""matching word to picture"""	""""""	"0"	"""target"""	"""target"""	"""target"""	"""NA"""	"""NA"""	"""NA"""	"true"	"true"	"true"	"""NA"""	"""NA"""	"""NA"""	"""friend"""	"""friend"""	"""friend"""	"""NA"""	"""NA"""	"""NA"""	"""hat"""	"""mustache"""	"""glasses"""	"""NA"""	"""NA"""	"""NA"""	"""middle"""	"""right"""	"""left"""	"""NA"""	"""NA"""	"""NA"""	"""mustache"""	"""glasses"""	"""hat"""	"""NA"""	"""NA"""	"""NA"""	"""right"""	"""left"""	"""middle"""	"""NA"""	"""NA"""	"""NA"""	"""1w2w0w"""
"What is he talking about? (1-2 mins)"	"Short and fun! A 1-2 minute word game about what someone is talking about."	"experiment, psychology, game"	"$0.25"	"Tue Aug 12 16:07:58 PDT 2014"	"100"	"0"	"0"	"100"	"Reviewable"	"NotReviewed"	"1 scales"	"600"	"60000"	"Tue Aug 19 16:07:58 PDT 2014"	"S28163"	"Approved"	""	"""boat"""	"""motor"""	"0"	"""left"""	"""right"""	"-1"	"0"	"0"	"1"	"0"	"0"	"-1"	"-1"	"""TRUE"""	"""NA"""	"""NA"""	"-1"	"-1"	"-1"	"-1"	"-1"	"-1"	"""how we evaluate language based on context"""	""""""	"0"	"""logical"""	"""logical"""	"""logical"""	"""NA"""	"""NA"""	"""NA"""	"false"	"false"	"false"	"""NA"""	"""NA"""	"""NA"""	"""boat"""	"""boat"""	"""boat"""	"""NA"""	"""NA"""	"""NA"""	"""motor"""	"""sail"""	"""cabin"""	"""NA"""	"""NA"""	"""NA"""	"""left"""	"""middle"""	"""right"""	"""NA"""	"""NA"""	"""NA"""	"""cabin"""	"""sail"""	"""motor"""	"""NA"""	"""NA"""	"""NA"""	"""right"""	"""left"""	"""middle"""	"""NA"""	"""NA"""	"""NA"""	"""0w2w1w"""
"What is he talking about? (1-2 mins)"	"Short and fun! A 1-2 minute word game about what someone is talking about."	"experiment, psychology, game"	"$0.25"	"Tue Aug 12 16:07:58 PDT 2014"	"100"	"0"	"0"	"100"	"Reviewable"	"NotReviewed"	"1 scales"	"600"	"60000"	"Tue Aug 19 16:07:58 PDT 2014"	"S35158"	"Approved"	""	"""pizza"""	"""mushrooms"""	"0"	"""right"""	"""middle"""	"-1"	"0"	"0"	"1"	"0"	"0"	"-1"	"-1"	"""TRUE"""	"""NA"""	"""NA"""	"-1"	"-1"	"-1"	"-1"	"-1"	"-1"	"""Pizzas"""	""""""	"0"	"""target"""	"""target"""	"""target"""	"""NA"""	"""NA"""	"""NA"""	"true"	"true"	"true"	"""NA"""	"""NA"""	"""NA"""	"""pizza"""	"""pizza"""	"""pizza"""	"""NA"""	"""NA"""	"""NA"""	"""mushrooms"""	"""peppers"""	"""olives"""	"""NA"""	"""NA"""	"""NA"""	"""right"""	"""middle"""	"""left"""	"""NA"""	"""NA"""	"""NA"""	"""peppers"""	"""olives"""	"""mushrooms"""	"""NA"""	"""NA"""	"""NA"""	"""middle"""	"""left"""	"""right"""	"""NA"""	"""NA"""	"""NA"""	"""1w2w0w"""
"What is he talking about? (1-2 mins)"	"Short and fun! A 1-2 minute word game about what someone is talking about."	"experiment, psychology, game"	"$0.25"	"Tue Aug 12 16:07:58 PDT 2014"	"100"	"0"	"0"	"100"	"Reviewable"	"NotReviewed"	"1 scales"	"600"	"60000"	"Tue Aug 19 16:07:58 PDT 2014"	"S75448"	"Approved"	""	"""Christmas tree"""	"""star"""	"0"	"""right"""	"""left"""	"-1"	"0"	"0"	"1"	"0"	"0"	"-1"	"-1"	"""TRUE"""	"""NA"""	"""NA"""	"-1"	"-1"	"-1"	"-1"	"-1"	"-1"	"""communication"""	"""nope!"""	"0"	"""target"""	"""target"""	"""target"""	"""NA"""	"""NA"""	"""NA"""	"true"	"true"	"true"	"""NA"""	"""NA"""	"""NA"""	"""Christmas tree"""	"""Christmas tree"""	"""Christmas tree"""	"""NA"""	"""NA"""	"""NA"""	"""star"""	"""ornaments"""	"""lights"""	"""NA"""	"""NA"""	"""NA"""	"""right"""	"""middle"""	"""left"""	"""NA"""	"""NA"""	"""NA"""	"""lights"""	"""ornaments"""	"""star"""	"""NA"""	"""NA"""	"""NA"""	"""left"""	"""right"""	"""middle"""	"""NA"""	"""NA"""	"""NA"""	"""0w2w1w"""
"What is he talking about? (1-2 mins)"	"Short and fun! A 1-2 minute word game about what someone is talking about."	"experiment, psychology, game"	"$0.25"	"Tue Aug 12 16:07:58 PDT 2014"	"100"	"0"	"0"	"100"	"Reviewable"	"NotReviewed"	"1 scales"	"600"	"60000"	"Tue Aug 19 16:07:58 PDT 2014"	"S43910"	"Approved"	""	"""boat"""	"""sail"""	"0"	"""middle"""	"""right"""	"-1"	"0"	"0"	"1"	"0"	"0"	"-1"	"-1"	"""TRUE"""	"""NA"""	"""NA"""	"-1"	"-1"	"-1"	"-1"	"-1"	"-1"	"""Figuring out which thing Bob is talking about based on one word clues (when the clue could describe more than one boat)"""	""""""	"0"	"""target"""	"""target"""	"""target"""	"""NA"""	"""NA"""	"""NA"""	"true"	"true"	"true"	"""NA"""	"""NA"""	"""NA"""	"""boat"""	"""boat"""	"""boat"""	"""NA"""	"""NA"""	"""NA"""	"""sail"""	"""motor"""	"""cabin"""	"""NA"""	"""NA"""	"""NA"""	"""middle"""	"""left"""	"""right"""	"""NA"""	"""NA"""	"""NA"""	"""cabin"""	"""motor"""	"""sail"""	"""NA"""	"""NA"""	"""NA"""	"""right"""	"""middle"""	"""left"""	"""NA"""	"""NA"""	"""NA"""	"""0w2w1w"""
"What is he talking about? (1-2 mins)"	"Short and fun! A 1-2 minute word game about what someone is talking about."	"experiment, psychology, game"	"$0.25"	"Tue Aug 12 16:07:58 PDT 2014"	"100"	"0"	"0"	"100"	"Reviewable"	"NotReviewed"	"1 scales"	"600"	"60000"	"Tue Aug 19 16:07:58 PDT 2014"	"S24049"	"Approved"	""	"""snowman"""	"""mittens"""	"0"	"""left"""	"""right"""	"-1"	"0"	"0"	"1"	"0"	"0"	"-1"	"-1"	"""TRUE"""	"""NA"""	"""NA"""	"-1"	"-1"	"-1"	"-1"	"-1"	"-1"	"""It was about identifying snowmen based on one-word descriptions."""	"""No."""	"0"	"""target"""	"""target"""	"""target"""	"""NA"""	"""NA"""	"""NA"""	"true"	"true"	"true"	"""NA"""	"""NA"""	"""NA"""	"""snowman"""	"""snowman"""	"""snowman"""	"""NA"""	"""NA"""	"""NA"""	"""mittens"""	"""hat"""	"""scarf"""	"""NA"""	"""NA"""	"""NA"""	"""left"""	"""middle"""	"""right"""	"""NA"""	"""NA"""	"""NA"""	"""scarf"""	"""hat"""	"""mittens"""	"""NA"""	"""NA"""	"""NA"""	"""right"""	"""left"""	"""middle"""	"""NA"""	"""NA"""	"""NA"""	"""0w2w1w"""
"What is he talking about? (1-2 mins)"	"Short and fun! A 1-2 minute word game about what someone is talking about."	"experiment, psychology, game"	"$0.25"	"Tue Aug 12 16:07:58 PDT 2014"	"100"	"0"	"0"	"100"	"Reviewable"	"NotReviewed"	"1 scales"	"600"	"60000"	"Tue Aug 19 16:07:58 PDT 2014"	"S62461"	"Approved"	""	"""boat"""	"""motor"""	"0"	"""left"""	"""middle"""	"-1"	"0"	"0"	"1"	"0"	"0"	"-1"	"-1"	"""TRUE"""	"""NA"""	"""NA"""	"-1"	"-1"	"-1"	"-1"	"-1"	"-1"	"""To see my perception of a word"""	"""No"""	"0"	"""target"""	"""target"""	"""target"""	"""NA"""	"""NA"""	"""NA"""	"true"	"true"	"true"	"""NA"""	"""NA"""	"""NA"""	"""boat"""	"""boat"""	"""boat"""	"""NA"""	"""NA"""	"""NA"""	"""motor"""	"""sail"""	"""cabin"""	"""NA"""	"""NA"""	"""NA"""	"""left"""	"""middle"""	"""right"""	"""NA"""	"""NA"""	"""NA"""	"""sail"""	"""cabin"""	"""motor"""	"""NA"""	"""NA"""	"""NA"""	"""middle"""	"""right"""	"""left"""	"""NA"""	"""NA"""	"""NA"""	"""1w2w0w"""
"What is he talking about? (1-2 mins)"	"Short and fun! A 1-2 minute word game about what someone is talking about."	"experiment, psychology, game"	"$0.25"	"Tue Aug 12 16:07:58 PDT 2014"	"100"	"0"	"0"	"100"	"Reviewable"	"NotReviewed"	"1 scales"	"600"	"60000"	"Tue Aug 19 16:07:58 PDT 2014"	"S96674"	"Approved"	""	"""pizza"""	"""olives"""	"0"	"""middle"""	"""right"""	"-1"	"0"	"0"	"1"	"0"	"0"	"-1"	"-1"	"""TRUE"""	"""NA"""	"""NA"""	"-1"	"-1"	"-1"	"-1"	"-1"	"-1"	"""pizza"""	""""""	"0"	"""target"""	"""target"""	"""target"""	"""NA"""	"""NA"""	"""NA"""	"true"	"true"	"true"	"""NA"""	"""NA"""	"""NA"""	"""pizza"""	"""pizza"""	"""pizza"""	"""NA"""	"""NA"""	"""NA"""	"""olives"""	"""mushrooms"""	"""peppers"""	"""NA"""	"""NA"""	"""NA"""	"""middle"""	"""left"""	"""right"""	"""NA"""	"""NA"""	"""NA"""	"""peppers"""	"""mushrooms"""	"""olives"""	"""NA"""	"""NA"""	"""NA"""	"""right"""	"""middle"""	"""left"""	"""NA"""	"""NA"""	"""NA"""	"""0w2w1w"""
"What is he talking about? (1-2 mins)"	"Short and fun! A 1-2 minute word game about what someone is talking about."	"experiment, psychology, game"	"$0.25"	"Tue Aug 12 16:07:58 PDT 2014"	"100"	"0"	"0"	"100"	"Reviewable"	"NotReviewed"	"1 scales"	"600"	"60000"	"Tue Aug 19 16:07:58 PDT 2014"	"S14672"	"Approved"	""	"""boat"""	"""sail"""	"0"	"""left"""	"""middle"""	"-1"	"0"	"0"	"1"	"0"	"0"	"-1"	"-1"	"""TRUE"""	"""NA"""	"""NA"""	"-1"	"-1"	"-1"	"-1"	"-1"	"-1"	"""boats """	""""""	"0"	"""target"""	"""target"""	"""target"""	"""NA"""	"""NA"""	"""NA"""	"true"	"true"	"true"	"""NA"""	"""NA"""	"""NA"""	"""boat"""	"""boat"""	"""boat"""	"""NA"""	"""NA"""	"""NA"""	"""sail"""	"""motor"""	"""cabin"""	"""NA"""	"""NA"""	"""NA"""	"""left"""	"""right"""	"""middle"""	"""NA"""	"""NA"""	"""NA"""	"""cabin"""	"""motor"""	"""sail"""	"""NA"""	"""NA"""	"""NA"""	"""middle"""	"""left"""	"""right"""	"""NA"""	"""NA"""	"""NA"""	"""0w2w1w"""
"What is he talking about? (1-2 mins)"	"Short and fun! A 1-2 minute word game about what someone is talking about."	"experiment, psychology, game"	"$0.25"	"Tue Aug 12 16:07:58 PDT 2014"	"100"	"0"	"0"	"100"	"Reviewable"	"NotReviewed"	"1 scales"	"600"	"60000"	"Tue Aug 19 16:07:58 PDT 2014"	"S34702"	"Approved"	""	"""friend"""	"""glasses"""	"0"	"""middle"""	"""right"""	"-1"	"0"	"0"	"1"	"0"	"0"	"-1"	"-1"	"""TRUE"""	"""NA"""	"""NA"""	"-1"	"-1"	"-1"	"-1"	"-1"	"-1"	"""bob"""	"""n/a"""	"0"	"""target"""	"""target"""	"""target"""	"""NA"""	"""NA"""	"""NA"""	"true"	"true"	"true"	"""NA"""	"""NA"""	"""NA"""	"""friend"""	"""friend"""	"""friend"""	"""NA"""	"""NA"""	"""NA"""	"""glasses"""	"""mustache"""	"""hat"""	"""NA"""	"""NA"""	"""NA"""	"""middle"""	"""right"""	"""left"""	"""NA"""	"""NA"""	"""NA"""	"""mustache"""	"""hat"""	"""glasses"""	"""NA"""	"""NA"""	"""NA"""	"""right"""	"""left"""	"""middle"""	"""NA"""	"""NA"""	"""NA"""	"""1w2w0w"""
"What is he talking about? (1-2 mins)"	"Short and fun! A 1-2 minute word game about what someone is talking about."	"experiment, psychology, game"	"$0.25"	"Tue Aug 12 16:07:58 PDT 2014"	"100"	"0"	"0"	"100"	"Reviewable"	"NotReviewed"	"1 scales"	"600"	"60000"	"Tue Aug 19 16:07:58 PDT 2014"	"S77824"	"Approved"	""	"""boat"""	"""sail"""	"0"	"""right"""	"""middle"""	"-1"	"0"	"0"	"1"	"0"	"0"	"-1"	"-1"	"""TRUE"""	"""NA"""	"""NA"""	"-1"	"-1"	"-1"	"-1"	"-1"	"-1"	"""Determining what Bob was talking about."""	"""N/A"""	"0"	"""logical"""	"""logical"""	"""target"""	"""NA"""	"""NA"""	"""NA"""	"false"	"false"	"true"	"""NA"""	"""NA"""	"""NA"""	"""boat"""	"""boat"""	"""boat"""	"""NA"""	"""NA"""	"""NA"""	"""sail"""	"""cabin"""	"""motor"""	"""NA"""	"""NA"""	"""NA"""	"""right"""	"""middle"""	"""left"""	"""NA"""	"""NA"""	"""NA"""	"""cabin"""	"""motor"""	"""sail"""	"""NA"""	"""NA"""	"""NA"""	"""middle"""	"""left"""	"""right"""	"""NA"""	"""NA"""	"""NA"""	"""1w2w0w"""
"What is he talking about? (1-2 mins)"	"Short and fun! A 1-2 minute word game about what someone is talking about."	"experiment, psychology, game"	"$0.25"	"Tue Aug 12 16:07:58 PDT 2014"	"100"	"0"	"0"	"100"	"Reviewable"	"NotReviewed"	"1 scales"	"600"	"60000"	"Tue Aug 19 16:07:58 PDT 2014"	"S99651"	"Approved"	""	"""boat"""	"""cabin"""	"0"	"""right"""	"""middle"""	"-1"	"0"	"0"	"1"	"0"	"0"	"-1"	"-1"	"""TRUE"""	"""NA"""	"""NA"""	"-1"	"-1"	"-1"	"-1"	"-1"	"-1"	"""Picking boats."""	"""Nah"""	"0"	"""target"""	"""target"""	"""target"""	"""NA"""	"""NA"""	"""NA"""	"true"	"true"	"true"	"""NA"""	"""NA"""	"""NA"""	"""boat"""	"""boat"""	"""boat"""	"""NA"""	"""NA"""	"""NA"""	"""cabin"""	"""sail"""	"""motor"""	"""NA"""	"""NA"""	"""NA"""	"""right"""	"""middle"""	"""left"""	"""NA"""	"""NA"""	"""NA"""	"""sail"""	"""motor"""	"""cabin"""	"""NA"""	"""NA"""	"""NA"""	"""middle"""	"""left"""	"""right"""	"""NA"""	"""NA"""	"""NA"""	"""1w2w0w"""
"What is he talking about? (1-2 mins)"	"Short and fun! A 1-2 minute word game about what someone is talking about."	"experiment, psychology, game"	"$0.25"	"Tue Aug 12 16:07:58 PDT 2014"	"100"	"0"	"0"	"100"	"Reviewable"	"NotReviewed"	"1 scales"	"600"	"60000"	"Tue Aug 19 16:07:58 PDT 2014"	"S81409"	"Approved"	""	"""friend"""	"""hat"""	"0"	"""middle"""	"""left"""	"-1"	"0"	"0"	"1"	"0"	"0"	"-1"	"-1"	"""TRUE"""	"""NA"""	"""NA"""	"-1"	"-1"	"-1"	"-1"	"-1"	"-1"	"""Figuring out who Bob was talking about based on one word"""	"""no"""	"0"	"""target"""	"""logical"""	"""target"""	"""NA"""	"""NA"""	"""NA"""	"true"	"false"	"true"	"""NA"""	"""NA"""	"""NA"""	"""friend"""	"""friend"""	"""friend"""	"""NA"""	"""NA"""	"""NA"""	"""hat"""	"""glasses"""	"""mustache"""	"""NA"""	"""NA"""	"""NA"""	"""middle"""	"""left"""	"""right"""	"""NA"""	"""NA"""	"""NA"""	"""glasses"""	"""mustache"""	"""hat"""	"""NA"""	"""NA"""	"""NA"""	"""left"""	"""right"""	"""middle"""	"""NA"""	"""NA"""	"""NA"""	"""1w2w0w"""
"What is he talking about? (1-2 mins)"	"Short and fun! A 1-2 minute word game about what someone is talking about."	"experiment, psychology, game"	"$0.25"	"Tue Aug 12 16:07:58 PDT 2014"	"100"	"0"	"0"	"100"	"Reviewable"	"NotReviewed"	"1 scales"	"600"	"60000"	"Tue Aug 19 16:07:58 PDT 2014"	"S50474"	"Approved"	""	"""sundae"""	"""whipped cream"""	"0"	"""left"""	"""right"""	"-1"	"0"	"0"	"1"	"0"	"0"	"-1"	"-1"	"""TRUE"""	"""NA"""	"""NA"""	"-1"	"-1"	"-1"	"-1"	"-1"	"-1"	"""Describing items with only one word"""	"""no"""	"0"	"""target"""	"""target"""	"""target"""	"""NA"""	"""NA"""	"""NA"""	"true"	"true"	"true"	"""NA"""	"""NA"""	"""NA"""	"""sundae"""	"""sundae"""	"""sundae"""	"""NA"""	"""NA"""	"""NA"""	"""whipped cream"""	"""cherry"""	"""chocolate"""	"""NA"""	"""NA"""	"""NA"""	"""left"""	"""middle"""	"""right"""	"""NA"""	"""NA"""	"""NA"""	"""chocolate"""	"""cherry"""	"""whipped cream"""	"""NA"""	"""NA"""	"""NA"""	"""right"""	"""left"""	"""middle"""	"""NA"""	"""NA"""	"""NA"""	"""0w2w1w"""
"What is he talking about? (1-2 mins)"	"Short and fun! A 1-2 minute word game about what someone is talking about."	"experiment, psychology, game"	"$0.25"	"Tue Aug 12 16:07:58 PDT 2014"	"100"	"0"	"0"	"100"	"Reviewable"	"NotReviewed"	"1 scales"	"600"	"60000"	"Tue Aug 19 16:07:58 PDT 2014"	"S49454"	"Approved"	""	"""pizza"""	"""olives"""	"0"	"""right"""	"""left"""	"-1"	"0"	"0"	"1"	"0"	"0"	"-1"	"-1"	"""TRUE"""	"""NA"""	"""NA"""	"-1"	"-1"	"-1"	"-1"	"-1"	"-1"	"""Pizzas that Bob is trying to communicate"""	"""None"""	"0"	"""target"""	"""logical"""	"""target"""	"""NA"""	"""NA"""	"""NA"""	"true"	"false"	"true"	"""NA"""	"""NA"""	"""NA"""	"""pizza"""	"""pizza"""	"""pizza"""	"""NA"""	"""NA"""	"""NA"""	"""olives"""	"""mushrooms"""	"""peppers"""	"""NA"""	"""NA"""	"""NA"""	"""right"""	"""left"""	"""middle"""	"""NA"""	"""NA"""	"""NA"""	"""mushrooms"""	"""peppers"""	"""olives"""	"""NA"""	"""NA"""	"""NA"""	"""left"""	"""middle"""	"""right"""	"""NA"""	"""NA"""	"""NA"""	"""1w2w0w"""
"What is he talking about? (1-2 mins)"	"Short and fun! A 1-2 minute word game about what someone is talking about."	"experiment, psychology, game"	"$0.25"	"Tue Aug 12 16:07:58 PDT 2014"	"100"	"0"	"0"	"100"	"Reviewable"	"NotReviewed"	"1 scales"	"600"	"60000"	"Tue Aug 19 16:07:58 PDT 2014"	"S56198"	"Approved"	""	"""boat"""	"""cabin"""	"0"	"""left"""	"""right"""	"-1"	"0"	"0"	"1"	"0"	"0"	"-1"	"-1"	"""TRUE"""	"""NA"""	"""NA"""	"-1"	"-1"	"-1"	"-1"	"-1"	"-1"	"""concise communication with limited verbal sharing"""	""""""	"0"	"""target"""	"""logical"""	"""target"""	"""NA"""	"""NA"""	"""NA"""	"true"	"false"	"true"	"""NA"""	"""NA"""	"""NA"""	"""boat"""	"""boat"""	"""boat"""	"""NA"""	"""NA"""	"""NA"""	"""cabin"""	"""sail"""	"""motor"""	"""NA"""	"""NA"""	"""NA"""	"""left"""	"""middle"""	"""right"""	"""NA"""	"""NA"""	"""NA"""	"""motor"""	"""sail"""	"""cabin"""	"""NA"""	"""NA"""	"""NA"""	"""right"""	"""left"""	"""middle"""	"""NA"""	"""NA"""	"""NA"""	"""0w2w1w"""
"What is he talking about? (1-2 mins)"	"Short and fun! A 1-2 minute word game about what someone is talking about."	"experiment, psychology, game"	"$0.25"	"Tue Aug 12 16:07:58 PDT 2014"	"100"	"0"	"0"	"100"	"Reviewable"	"NotReviewed"	"1 scales"	"600"	"60000"	"Tue Aug 19 16:07:58 PDT 2014"	"S48597"	"Approved"	""	"""friend"""	"""hat"""	"0"	"""right"""	"""left"""	"-1"	"0"	"0"	"1"	"0"	"0"	"-1"	"-1"	"""TRUE"""	"""NA"""	"""NA"""	"-1"	"-1"	"-1"	"-1"	"-1"	"-1"	"""It was about Bob choosing a friend every Sunday."""	"""Great and fast study!"""	"0"	"""target"""	"""target"""	"""target"""	"""NA"""	"""NA"""	"""NA"""	"true"	"true"	"true"	"""NA"""	"""NA"""	"""NA"""	"""friend"""	"""friend"""	"""friend"""	"""NA"""	"""NA"""	"""NA"""	"""hat"""	"""glasses"""	"""mustache"""	"""NA"""	"""NA"""	"""NA"""	"""right"""	"""middle"""	"""left"""	"""NA"""	"""NA"""	"""NA"""	"""mustache"""	"""glasses"""	"""hat"""	"""NA"""	"""NA"""	"""NA"""	"""left"""	"""right"""	"""middle"""	"""NA"""	"""NA"""	"""NA"""	"""0w2w1w"""
"What is he talking about? (1-2 mins)"	"Short and fun! A 1-2 minute word game about what someone is talking about."	"experiment, psychology, game"	"$0.25"	"Tue Aug 12 16:07:58 PDT 2014"	"100"	"0"	"0"	"100"	"Reviewable"	"NotReviewed"	"1 scales"	"600"	"60000"	"Tue Aug 19 16:07:58 PDT 2014"	"S24676"	"Approved"	""	"""sundae"""	"""cherry"""	"0"	"""left"""	"""middle"""	"-1"	"0"	"0"	"1"	"0"	"0"	"-1"	"-1"	"""TRUE"""	"""NA"""	"""NA"""	"-1"	"-1"	"-1"	"-1"	"-1"	"-1"	"""Sundaes"""	"""No"""	"0"	"""target"""	"""target"""	"""target"""	"""NA"""	"""NA"""	"""NA"""	"true"	"true"	"true"	"""NA"""	"""NA"""	"""NA"""	"""sundae"""	"""sundae"""	"""sundae"""	"""NA"""	"""NA"""	"""NA"""	"""cherry"""	"""whipped cream"""	"""chocolate"""	"""NA"""	"""NA"""	"""NA"""	"""left"""	"""middle"""	"""right"""	"""NA"""	"""NA"""	"""NA"""	"""whipped cream"""	"""chocolate"""	"""cherry"""	"""NA"""	"""NA"""	"""NA"""	"""middle"""	"""right"""	"""left"""	"""NA"""	"""NA"""	"""NA"""	"""1w2w0w"""
"What is he talking about? (1-2 mins)"	"Short and fun! A 1-2 minute word game about what someone is talking about."	"experiment, psychology, game"	"$0.25"	"Tue Aug 12 16:07:58 PDT 2014"	"100"	"0"	"0"	"100"	"Reviewable"	"NotReviewed"	"1 scales"	"600"	"60000"	"Tue Aug 19 16:07:58 PDT 2014"	"S58860"	"Approved"	""	"""sundae"""	"""whipped cream"""	"0"	"""left"""	"""right"""	"-1"	"0"	"0"	"1"	"0"	"0"	"-1"	"-1"	"""TRUE"""	"""NA"""	"""NA"""	"-1"	"-1"	"-1"	"-1"	"-1"	"-1"	"""Bob ate a lot of god damn sundaes."""	""""""	"0"	"""logical"""	"""foil"""	"""target"""	"""NA"""	"""NA"""	"""NA"""	"false"	"false"	"true"	"""NA"""	"""NA"""	"""NA"""	"""sundae"""	"""sundae"""	"""sundae"""	"""NA"""	"""NA"""	"""NA"""	"""whipped cream"""	"""cherry"""	"""chocolate"""	"""NA"""	"""NA"""	"""NA"""	"""left"""	"""right"""	"""middle"""	"""NA"""	"""NA"""	"""NA"""	"""cherry"""	"""chocolate"""	"""whipped cream"""	"""NA"""	"""NA"""	"""NA"""	"""right"""	"""middle"""	"""left"""	"""NA"""	"""NA"""	"""NA"""	"""1w2w0w"""
"What is he talking about? (1-2 mins)"	"Short and fun! A 1-2 minute word game about what someone is talking about."	"experiment, psychology, game"	"$0.25"	"Tue Aug 12 16:07:58 PDT 2014"	"100"	"0"	"0"	"100"	"Reviewable"	"NotReviewed"	"1 scales"	"600"	"60000"	"Tue Aug 19 16:07:58 PDT 2014"	"S54470"	"Approved"	""	"""sundae"""	"""chocolate"""	"0"	"""right"""	"""left"""	"-1"	"0"	"0"	"1"	"0"	"0"	"-1"	"-1"	"""TRUE"""	"""NA"""	"""NA"""	"-1"	"-1"	"-1"	"-1"	"-1"	"-1"	"""sundaes"""	""""""	"0"	"""target"""	"""target"""	"""target"""	"""NA"""	"""NA"""	"""NA"""	"true"	"true"	"true"	"""NA"""	"""NA"""	"""NA"""	"""sundae"""	"""sundae"""	"""sundae"""	"""NA"""	"""NA"""	"""NA"""	"""chocolate"""	"""whipped cream"""	"""cherry"""	"""NA"""	"""NA"""	"""NA"""	"""right"""	"""middle"""	"""left"""	"""NA"""	"""NA"""	"""NA"""	"""cherry"""	"""whipped cream"""	"""chocolate"""	"""NA"""	"""NA"""	"""NA"""	"""left"""	"""right"""	"""middle"""	"""NA"""	"""NA"""	"""NA"""	"""0w2w1w"""
"What is he talking about? (1-2 mins)"	"Short and fun! A 1-2 minute word game about what someone is talking about."	"experiment, psychology, game"	"$0.25"	"Tue Aug 12 16:07:58 PDT 2014"	"100"	"0"	"0"	"100"	"Reviewable"	"NotReviewed"	"1 scales"	"600"	"60000"	"Tue Aug 19 16:07:58 PDT 2014"	"S69911"	"Approved"	""	"""pizza"""	"""peppers"""	"0"	"""right"""	"""middle"""	"-1"	"0"	"0"	"1"	"0"	"0"	"-1"	"-1"	"""TRUE"""	"""NA"""	"""NA"""	"-1"	"-1"	"-1"	"-1"	"-1"	"-1"	"""What topping would be considered the main topping."""	""""""	"0"	"""target"""	"""target"""	"""target"""	"""NA"""	"""NA"""	"""NA"""	"true"	"true"	"true"	"""NA"""	"""NA"""	"""NA"""	"""pizza"""	"""pizza"""	"""pizza"""	"""NA"""	"""NA"""	"""NA"""	"""peppers"""	"""olives"""	"""mushrooms"""	"""NA"""	"""NA"""	"""NA"""	"""right"""	"""left"""	"""middle"""	"""NA"""	"""NA"""	"""NA"""	"""mushrooms"""	"""olives"""	"""peppers"""	"""NA"""	"""NA"""	"""NA"""	"""middle"""	"""right"""	"""left"""	"""NA"""	"""NA"""	"""NA"""	"""0w2w1w"""
"What is he talking about? (1-2 mins)"	"Short and fun! A 1-2 minute word game about what someone is talking about."	"experiment, psychology, game"	"$0.25"	"Tue Aug 12 16:07:58 PDT 2014"	"100"	"0"	"0"	"100"	"Reviewable"	"NotReviewed"	"1 scales"	"600"	"60000"	"Tue Aug 19 16:07:58 PDT 2014"	"S03330"	"Approved"	""	"""boat"""	"""motor"""	"0"	"""right"""	"""middle"""	"-1"	"0"	"0"	"1"	"0"	"0"	"-1"	"-1"	"""TRUE"""	"""NA"""	"""NA"""	"-1"	"-1"	"-1"	"-1"	"-1"	"-1"	"""Boats! But really, I think it was about how people communicate"""	"""Always love your HITs, thanks!"""	"0"	"""target"""	"""target"""	"""target"""	"""NA"""	"""NA"""	"""NA"""	"true"	"true"	"true"	"""NA"""	"""NA"""	"""NA"""	"""boat"""	"""boat"""	"""boat"""	"""NA"""	"""NA"""	"""NA"""	"""motor"""	"""cabin"""	"""sail"""	"""NA"""	"""NA"""	"""NA"""	"""right"""	"""middle"""	"""left"""	"""NA"""	"""NA"""	"""NA"""	"""cabin"""	"""sail"""	"""motor"""	"""NA"""	"""NA"""	"""NA"""	"""middle"""	"""left"""	"""right"""	"""NA"""	"""NA"""	"""NA"""	"""1w2w0w"""
"What is he talking about? (1-2 mins)"	"Short and fun! A 1-2 minute word game about what someone is talking about."	"experiment, psychology, game"	"$0.25"	"Tue Aug 12 16:07:58 PDT 2014"	"100"	"0"	"0"	"100"	"Reviewable"	"NotReviewed"	"1 scales"	"600"	"60000"	"Tue Aug 19 16:07:58 PDT 2014"	"S27848"	"Approved"	""	"""sundae"""	"""chocolate"""	"0"	"""middle"""	"""left"""	"-1"	"0"	"0"	"1"	"0"	"0"	"-1"	"-1"	"""TRUE"""	"""NA"""	"""NA"""	"-1"	"-1"	"-1"	"-1"	"-1"	"-1"	"""sundaes"""	"""no"""	"0"	"""foil"""	"""target"""	"""logical"""	"""NA"""	"""NA"""	"""NA"""	"false"	"true"	"false"	"""NA"""	"""NA"""	"""NA"""	"""sundae"""	"""sundae"""	"""sundae"""	"""NA"""	"""NA"""	"""NA"""	"""chocolate"""	"""cherry"""	"""whipped cream"""	"""NA"""	"""NA"""	"""NA"""	"""middle"""	"""right"""	"""left"""	"""NA"""	"""NA"""	"""NA"""	"""whipped cream"""	"""cherry"""	"""chocolate"""	"""NA"""	"""NA"""	"""NA"""	"""left"""	"""middle"""	"""right"""	"""NA"""	"""NA"""	"""NA"""	"""0w2w1w"""
"What is he talking about? (1-2 mins)"	"Short and fun! A 1-2 minute word game about what someone is talking about."	"experiment, psychology, game"	"$0.25"	"Tue Aug 12 16:07:58 PDT 2014"	"100"	"0"	"0"	"100"	"Reviewable"	"NotReviewed"	"1 scales"	"600"	"60000"	"Tue Aug 19 16:07:58 PDT 2014"	"S78852"	"Approved"	""	"""friend"""	"""glasses"""	"0"	"""right"""	"""middle"""	"-1"	"0"	"0"	"1"	"0"	"0"	"-1"	"-1"	"""TRUE"""	"""NA"""	"""NA"""	"-1"	"-1"	"-1"	"-1"	"-1"	"-1"	"""Choosing faces based on a one word description."""	""""""	"0"	"""target"""	"""logical"""	"""target"""	"""NA"""	"""NA"""	"""NA"""	"true"	"false"	"true"	"""NA"""	"""NA"""	"""NA"""	"""friend"""	"""friend"""	"""friend"""	"""NA"""	"""NA"""	"""NA"""	"""glasses"""	"""mustache"""	"""hat"""	"""NA"""	"""NA"""	"""NA"""	"""right"""	"""middle"""	"""left"""	"""NA"""	"""NA"""	"""NA"""	"""mustache"""	"""hat"""	"""glasses"""	"""NA"""	"""NA"""	"""NA"""	"""middle"""	"""left"""	"""right"""	"""NA"""	"""NA"""	"""NA"""	"""1w2w0w"""
"What is he talking about? (1-2 mins)"	"Short and fun! A 1-2 minute word game about what someone is talking about."	"experiment, psychology, game"	"$0.25"	"Tue Aug 12 16:07:58 PDT 2014"	"100"	"0"	"0"	"100"	"Reviewable"	"NotReviewed"	"1 scales"	"600"	"60000"	"Tue Aug 19 16:07:58 PDT 2014"	"S93881"	"Approved"	""	"""snowman"""	"""hat"""	"0"	"""right"""	"""middle"""	"-1"	"0"	"0"	"1"	"0"	"0"	"-1"	"-1"	"""TRUE"""	"""NA"""	"""NA"""	"-1"	"-1"	"-1"	"-1"	"-1"	"-1"	"""matching words with images"""	""""""	"0"	"""target"""	"""logical"""	"""target"""	"""NA"""	"""NA"""	"""NA"""	"true"	"false"	"true"	"""NA"""	"""NA"""	"""NA"""	"""snowman"""	"""snowman"""	"""snowman"""	"""NA"""	"""NA"""	"""NA"""	"""hat"""	"""mittens"""	"""scarf"""	"""NA"""	"""NA"""	"""NA"""	"""right"""	"""middle"""	"""left"""	"""NA"""	"""NA"""	"""NA"""	"""mittens"""	"""scarf"""	"""hat"""	"""NA"""	"""NA"""	"""NA"""	"""middle"""	"""left"""	"""right"""	"""NA"""	"""NA"""	"""NA"""	"""1w2w0w"""
"What is he talking about? (1-2 mins)"	"Short and fun! A 1-2 minute word game about what someone is talking about."	"experiment, psychology, game"	"$0.25"	"Tue Aug 12 16:07:58 PDT 2014"	"100"	"0"	"0"	"100"	"Reviewable"	"NotReviewed"	"1 scales"	"600"	"60000"	"Tue Aug 19 16:07:58 PDT 2014"	"S40955"	"Approved"	""	"""Christmas tree"""	"""ornaments"""	"0"	"""left"""	"""right"""	"-1"	"0"	"0"	"1"	"0"	"0"	"-1"	"-1"	"""TRUE"""	"""NA"""	"""NA"""	"-1"	"-1"	"-1"	"-1"	"-1"	"-1"	"""Words."""	""""""	"0"	"""logical"""	"""target"""	"""target"""	"""NA"""	"""NA"""	"""NA"""	"false"	"true"	"true"	"""NA"""	"""NA"""	"""NA"""	"""Christmas tree"""	"""Christmas tree"""	"""Christmas tree"""	"""NA"""	"""NA"""	"""NA"""	"""ornaments"""	"""star"""	"""lights"""	"""NA"""	"""NA"""	"""NA"""	"""left"""	"""right"""	"""middle"""	"""NA"""	"""NA"""	"""NA"""	"""star"""	"""lights"""	"""ornaments"""	"""NA"""	"""NA"""	"""NA"""	"""right"""	"""middle"""	"""left"""	"""NA"""	"""NA"""	"""NA"""	"""1w2w0w"""
"What is he talking about? (1-2 mins)"	"Short and fun! A 1-2 minute word game about what someone is talking about."	"experiment, psychology, game"	"$0.25"	"Tue Aug 12 16:07:58 PDT 2014"	"100"	"0"	"0"	"100"	"Reviewable"	"NotReviewed"	"1 scales"	"600"	"60000"	"Tue Aug 19 16:07:58 PDT 2014"	"S87812"	"Approved"	""	"""sundae"""	"""cherry"""	"0"	"""middle"""	"""right"""	"-1"	"0"	"0"	"1"	"0"	"0"	"-1"	"-1"	"""TRUE"""	"""NA"""	"""NA"""	"-1"	"-1"	"-1"	"-1"	"-1"	"-1"	"""Analyzing logic decisions in people"""	""""""	"0"	"""target"""	"""target"""	"""target"""	"""NA"""	"""NA"""	"""NA"""	"true"	"true"	"true"	"""NA"""	"""NA"""	"""NA"""	"""sundae"""	"""sundae"""	"""sundae"""	"""NA"""	"""NA"""	"""NA"""	"""cherry"""	"""chocolate"""	"""whipped cream"""	"""NA"""	"""NA"""	"""NA"""	"""middle"""	"""right"""	"""left"""	"""NA"""	"""NA"""	"""NA"""	"""chocolate"""	"""whipped cream"""	"""cherry"""	"""NA"""	"""NA"""	"""NA"""	"""right"""	"""left"""	"""middle"""	"""NA"""	"""NA"""	"""NA"""	"""1w2w0w"""
"What is he talking about? (1-2 mins)"	"Short and fun! A 1-2 minute word game about what someone is talking about."	"experiment, psychology, game"	"$0.25"	"Tue Aug 12 16:07:58 PDT 2014"	"100"	"0"	"0"	"100"	"Reviewable"	"NotReviewed"	"1 scales"	"600"	"60000"	"Tue Aug 19 16:07:58 PDT 2014"	"S02805"	"Approved"	""	"""boat"""	"""sail"""	"0"	"""middle"""	"""right"""	"-1"	"0"	"0"	"1"	"0"	"0"	"-1"	"-1"	"""TRUE"""	"""NA"""	"""NA"""	"-1"	"-1"	"-1"	"-1"	"-1"	"-1"	"""Bob renting boats"""	"""No"""	"0"	"""target"""	"""target"""	"""target"""	"""NA"""	"""NA"""	"""NA"""	"true"	"true"	"true"	"""NA"""	"""NA"""	"""NA"""	"""boat"""	"""boat"""	"""boat"""	"""NA"""	"""NA"""	"""NA"""	"""sail"""	"""motor"""	"""cabin"""	"""NA"""	"""NA"""	"""NA"""	"""middle"""	"""right"""	"""left"""	"""NA"""	"""NA"""	"""NA"""	"""motor"""	"""cabin"""	"""sail"""	"""NA"""	"""NA"""	"""NA"""	"""right"""	"""left"""	"""middle"""	"""NA"""	"""NA"""	"""NA"""	"""1w2w0w"""
"What is he talking about? (1-2 mins)"	"Short and fun! A 1-2 minute word game about what someone is talking about."	"experiment, psychology, game"	"$0.25"	"Tue Aug 12 16:07:58 PDT 2014"	"100"	"0"	"0"	"100"	"Reviewable"	"NotReviewed"	"1 scales"	"600"	"60000"	"Tue Aug 19 16:07:58 PDT 2014"	"S80695"	"Approved"	""	"""pizza"""	"""olives"""	"0"	"""middle"""	"""right"""	"-1"	"0"	"0"	"1"	"0"	"0"	"-1"	"-1"	"""TRUE"""	"""NA"""	"""NA"""	"-1"	"-1"	"-1"	"-1"	"-1"	"-1"	"""Determining whether prior questions had an impact on subsequent answers"""	""""""	"0"	"""target"""	"""target"""	"""target"""	"""NA"""	"""NA"""	"""NA"""	"true"	"true"	"true"	"""NA"""	"""NA"""	"""NA"""	"""pizza"""	"""pizza"""	"""pizza"""	"""NA"""	"""NA"""	"""NA"""	"""olives"""	"""mushrooms"""	"""peppers"""	"""NA"""	"""NA"""	"""NA"""	"""middle"""	"""right"""	"""left"""	"""NA"""	"""NA"""	"""NA"""	"""mushrooms"""	"""peppers"""	"""olives"""	"""NA"""	"""NA"""	"""NA"""	"""right"""	"""left"""	"""middle"""	"""NA"""	"""NA"""	"""NA"""	"""1w2w0w"""
"What is he talking about? (1-2 mins)"	"Short and fun! A 1-2 minute word game about what someone is talking about."	"experiment, psychology, game"	"$0.25"	"Tue Aug 12 16:07:58 PDT 2014"	"100"	"0"	"0"	"100"	"Reviewable"	"NotReviewed"	"1 scales"	"600"	"60000"	"Tue Aug 19 16:07:58 PDT 2014"	"S81213"	"Approved"	""	"""friend"""	"""mustache"""	"0"	"""middle"""	"""right"""	"-1"	"0"	"0"	"1"	"0"	"0"	"-1"	"-1"	"""TRUE"""	"""NA"""	"""NA"""	"-1"	"-1"	"-1"	"-1"	"-1"	"-1"	"""Dunno"""	"""nope"""	"0"	"""target"""	"""target"""	"""target"""	"""NA"""	"""NA"""	"""NA"""	"true"	"true"	"true"	"""NA"""	"""NA"""	"""NA"""	"""friend"""	"""friend"""	"""friend"""	"""NA"""	"""NA"""	"""NA"""	"""mustache"""	"""glasses"""	"""hat"""	"""NA"""	"""NA"""	"""NA"""	"""middle"""	"""left"""	"""right"""	"""NA"""	"""NA"""	"""NA"""	"""hat"""	"""glasses"""	"""mustache"""	"""NA"""	"""NA"""	"""NA"""	"""right"""	"""middle"""	"""left"""	"""NA"""	"""NA"""	"""NA"""	"""0w2w1w"""
"What is he talking about? (1-2 mins)"	"Short and fun! A 1-2 minute word game about what someone is talking about."	"experiment, psychology, game"	"$0.25"	"Tue Aug 12 16:07:58 PDT 2014"	"100"	"0"	"0"	"100"	"Reviewable"	"NotReviewed"	"1 scales"	"600"	"60000"	"Tue Aug 19 16:07:58 PDT 2014"	"S82471"	"Approved"	""	"""pizza"""	"""olives"""	"0"	"""right"""	"""middle"""	"-1"	"0"	"0"	"1"	"0"	"0"	"-1"	"-1"	"""TRUE"""	"""NA"""	"""NA"""	"-1"	"-1"	"-1"	"-1"	"-1"	"-1"	"""Choosing different images based off a simple description."""	""""""	"0"	"""target"""	"""logical"""	"""target"""	"""NA"""	"""NA"""	"""NA"""	"true"	"false"	"true"	"""NA"""	"""NA"""	"""NA"""	"""pizza"""	"""pizza"""	"""pizza"""	"""NA"""	"""NA"""	"""NA"""	"""olives"""	"""peppers"""	"""mushrooms"""	"""NA"""	"""NA"""	"""NA"""	"""right"""	"""middle"""	"""left"""	"""NA"""	"""NA"""	"""NA"""	"""peppers"""	"""mushrooms"""	"""olives"""	"""NA"""	"""NA"""	"""NA"""	"""middle"""	"""left"""	"""right"""	"""NA"""	"""NA"""	"""NA"""	"""1w2w0w"""
"What is he talking about? (1-2 mins)"	"Short and fun! A 1-2 minute word game about what someone is talking about."	"experiment, psychology, game"	"$0.25"	"Tue Aug 12 16:07:58 PDT 2014"	"100"	"0"	"0"	"100"	"Reviewable"	"NotReviewed"	"1 scales"	"600"	"60000"	"Tue Aug 19 16:07:58 PDT 2014"	"S37385"	"Approved"	""	"""snowman"""	"""hat"""	"0"	"""left"""	"""right"""	"-1"	"0"	"0"	"1"	"0"	"0"	"-1"	"-1"	"""TRUE"""	"""NA"""	"""NA"""	"-1"	"-1"	"-1"	"-1"	"-1"	"-1"	"""Describing objects"""	"""Thank you"""	"0"	"""target"""	"""target"""	"""target"""	"""NA"""	"""NA"""	"""NA"""	"true"	"true"	"true"	"""NA"""	"""NA"""	"""NA"""	"""snowman"""	"""snowman"""	"""snowman"""	"""NA"""	"""NA"""	"""NA"""	"""hat"""	"""mittens"""	"""scarf"""	"""NA"""	"""NA"""	"""NA"""	"""left"""	"""middle"""	"""right"""	"""NA"""	"""NA"""	"""NA"""	"""scarf"""	"""mittens"""	"""hat"""	"""NA"""	"""NA"""	"""NA"""	"""right"""	"""left"""	"""middle"""	"""NA"""	"""NA"""	"""NA"""	"""0w2w1w"""
"What is he talking about? (1-2 mins)"	"Short and fun! A 1-2 minute word game about what someone is talking about."	"experiment, psychology, game"	"$0.25"	"Tue Aug 12 16:07:58 PDT 2014"	"100"	"0"	"0"	"100"	"Reviewable"	"NotReviewed"	"1 scales"	"600"	"60000"	"Tue Aug 19 16:07:58 PDT 2014"	"S46737"	"Approved"	""	"""snowman"""	"""mittens"""	"0"	"""left"""	"""middle"""	"-1"	"0"	"0"	"1"	"0"	"0"	"-1"	"-1"	"""TRUE"""	"""NA"""	"""NA"""	"-1"	"-1"	"-1"	"-1"	"-1"	"-1"	"""Communication"""	""""""	"0"	"""target"""	"""target"""	"""target"""	"""NA"""	"""NA"""	"""NA"""	"true"	"true"	"true"	"""NA"""	"""NA"""	"""NA"""	"""snowman"""	"""snowman"""	"""snowman"""	"""NA"""	"""NA"""	"""NA"""	"""mittens"""	"""scarf"""	"""hat"""	"""NA"""	"""NA"""	"""NA"""	"""left"""	"""middle"""	"""right"""	"""NA"""	"""NA"""	"""NA"""	"""scarf"""	"""hat"""	"""mittens"""	"""NA"""	"""NA"""	"""NA"""	"""middle"""	"""right"""	"""left"""	"""NA"""	"""NA"""	"""NA"""	"""1w2w0w"""
"What is he talking about? (1-2 mins)"	"Short and fun! A 1-2 minute word game about what someone is talking about."	"experiment, psychology, game"	"$0.25"	"Tue Aug 12 16:07:58 PDT 2014"	"100"	"0"	"0"	"100"	"Reviewable"	"NotReviewed"	"1 scales"	"600"	"60000"	"Tue Aug 19 16:07:58 PDT 2014"	"S91092"	"Approved"	""	"""boat"""	"""motor"""	"0"	"""middle"""	"""right"""	"-1"	"0"	"0"	"1"	"0"	"0"	"-1"	"-1"	"""TRUE"""	"""NA"""	"""NA"""	"-1"	"-1"	"-1"	"-1"	"-1"	"-1"	"""describing things with only one word"""	"""no"""	"0"	"""logical"""	"""logical"""	"""logical"""	"""NA"""	"""NA"""	"""NA"""	"false"	"false"	"false"	"""NA"""	"""NA"""	"""NA"""	"""boat"""	"""boat"""	"""boat"""	"""NA"""	"""NA"""	"""NA"""	"""motor"""	"""sail"""	"""cabin"""	"""NA"""	"""NA"""	"""NA"""	"""middle"""	"""left"""	"""right"""	"""NA"""	"""NA"""	"""NA"""	"""cabin"""	"""sail"""	"""motor"""	"""NA"""	"""NA"""	"""NA"""	"""right"""	"""middle"""	"""left"""	"""NA"""	"""NA"""	"""NA"""	"""0w2w1w"""
"What is he talking about? (1-2 mins)"	"Short and fun! A 1-2 minute word game about what someone is talking about."	"experiment, psychology, game"	"$0.25"	"Tue Aug 12 16:07:58 PDT 2014"	"100"	"0"	"0"	"100"	"Reviewable"	"NotReviewed"	"1 scales"	"600"	"60000"	"Tue Aug 19 16:07:58 PDT 2014"	"S15290"	"Approved"	""	"""boat"""	"""motor"""	"0"	"""middle"""	"""right"""	"-1"	"0"	"0"	"1"	"0"	"0"	"-1"	"-1"	"""TRUE"""	"""NA"""	"""NA"""	"-1"	"-1"	"-1"	"-1"	"-1"	"-1"	"""perceptions about bob"""	"""No, thank you"""	"0"	"""target"""	"""logical"""	"""target"""	"""NA"""	"""NA"""	"""NA"""	"true"	"false"	"true"	"""NA"""	"""NA"""	"""NA"""	"""boat"""	"""boat"""	"""boat"""	"""NA"""	"""NA"""	"""NA"""	"""motor"""	"""sail"""	"""cabin"""	"""NA"""	"""NA"""	"""NA"""	"""middle"""	"""right"""	"""left"""	"""NA"""	"""NA"""	"""NA"""	"""sail"""	"""cabin"""	"""motor"""	"""NA"""	"""NA"""	"""NA"""	"""right"""	"""left"""	"""middle"""	"""NA"""	"""NA"""	"""NA"""	"""1w2w0w"""
"What is he talking about? (1-2 mins)"	"Short and fun! A 1-2 minute word game about what someone is talking about."	"experiment, psychology, game"	"$0.25"	"Tue Aug 12 16:07:58 PDT 2014"	"100"	"0"	"0"	"100"	"Reviewable"	"NotReviewed"	"1 scales"	"600"	"60000"	"Tue Aug 19 16:07:58 PDT 2014"	"S08873"	"Approved"	""	"""snowman"""	"""scarf"""	"0"	"""right"""	"""middle"""	"-1"	"0"	"0"	"1"	"0"	"0"	"-1"	"-1"	"""FALSE"""	"""NA"""	"""NA"""	"-1"	"-1"	"-1"	"-1"	"-1"	"-1"	"""What one word best described the snowman."""	"""I honestly guessed on the kids name.  I forgot it already.  But I was paying attention."""	"0"	"""target"""	"""target"""	"""target"""	"""NA"""	"""NA"""	"""NA"""	"true"	"true"	"true"	"""NA"""	"""NA"""	"""NA"""	"""snowman"""	"""snowman"""	"""snowman"""	"""NA"""	"""NA"""	"""NA"""	"""scarf"""	"""mittens"""	"""hat"""	"""NA"""	"""NA"""	"""NA"""	"""right"""	"""middle"""	"""left"""	"""NA"""	"""NA"""	"""NA"""	"""mittens"""	"""hat"""	"""scarf"""	"""NA"""	"""NA"""	"""NA"""	"""middle"""	"""left"""	"""right"""	"""NA"""	"""NA"""	"""NA"""	"""1w2w0w"""
"What is he talking about? (1-2 mins)"	"Short and fun! A 1-2 minute word game about what someone is talking about."	"experiment, psychology, game"	"$0.25"	"Tue Aug 12 16:07:58 PDT 2014"	"100"	"0"	"0"	"100"	"Reviewable"	"NotReviewed"	"1 scales"	"600"	"60000"	"Tue Aug 19 16:07:58 PDT 2014"	"S65543"	"Approved"	""	"""pizza"""	"""mushrooms"""	"0"	"""left"""	"""right"""	"-1"	"0"	"0"	"1"	"0"	"0"	"-1"	"-1"	"""TRUE"""	"""NA"""	"""NA"""	"-1"	"-1"	"-1"	"-1"	"-1"	"-1"	"""Bob and pizzas."""	"""No"""	"0"	"""target"""	"""target"""	"""target"""	"""NA"""	"""NA"""	"""NA"""	"true"	"true"	"true"	"""NA"""	"""NA"""	"""NA"""	"""pizza"""	"""pizza"""	"""pizza"""	"""NA"""	"""NA"""	"""NA"""	"""mushrooms"""	"""peppers"""	"""olives"""	"""NA"""	"""NA"""	"""NA"""	"""left"""	"""right"""	"""middle"""	"""NA"""	"""NA"""	"""NA"""	"""peppers"""	"""olives"""	"""mushrooms"""	"""NA"""	"""NA"""	"""NA"""	"""right"""	"""middle"""	"""left"""	"""NA"""	"""NA"""	"""NA"""	"""1w2w0w"""
"What is he talking about? (1-2 mins)"	"Short and fun! A 1-2 minute word game about what someone is talking about."	"experiment, psychology, game"	"$0.25"	"Tue Aug 12 16:07:58 PDT 2014"	"100"	"0"	"0"	"100"	"Reviewable"	"NotReviewed"	"1 scales"	"600"	"60000"	"Tue Aug 19 16:07:58 PDT 2014"	"S14675"	"Approved"	""	"""snowman"""	"""scarf"""	"0"	"""middle"""	"""left"""	"-1"	"0"	"0"	"1"	"0"	"0"	"-1"	"-1"	"""TRUE"""	"""NA"""	"""NA"""	"-1"	"-1"	"-1"	"-1"	"-1"	"-1"	"""communicating"""	""""""	"0"	"""target"""	"""logical"""	"""target"""	"""NA"""	"""NA"""	"""NA"""	"true"	"false"	"true"	"""NA"""	"""NA"""	"""NA"""	"""snowman"""	"""snowman"""	"""snowman"""	"""NA"""	"""NA"""	"""NA"""	"""scarf"""	"""mittens"""	"""hat"""	"""NA"""	"""NA"""	"""NA"""	"""middle"""	"""right"""	"""left"""	"""NA"""	"""NA"""	"""NA"""	"""hat"""	"""mittens"""	"""scarf"""	"""NA"""	"""NA"""	"""NA"""	"""left"""	"""middle"""	"""right"""	"""NA"""	"""NA"""	"""NA"""	"""0w2w1w"""
"What is he talking about? (1-2 mins)"	"Short and fun! A 1-2 minute word game about what someone is talking about."	"experiment, psychology, game"	"$0.25"	"Tue Aug 12 16:07:58 PDT 2014"	"100"	"0"	"0"	"100"	"Reviewable"	"NotReviewed"	"1 scales"	"600"	"60000"	"Tue Aug 19 16:07:58 PDT 2014"	"S09733"	"Approved"	""	"""sundae"""	"""whipped cream"""	"0"	"""right"""	"""left"""	"-1"	"0"	"0"	"1"	"0"	"0"	"-1"	"-1"	"""TRUE"""	"""NA"""	"""NA"""	"-1"	"-1"	"-1"	"-1"	"-1"	"-1"	"""Sundaes"""	""""""	"0"	"""target"""	"""logical"""	"""target"""	"""NA"""	"""NA"""	"""NA"""	"true"	"false"	"true"	"""NA"""	"""NA"""	"""NA"""	"""sundae"""	"""sundae"""	"""sundae"""	"""NA"""	"""NA"""	"""NA"""	"""whipped cream"""	"""cherry"""	"""chocolate"""	"""NA"""	"""NA"""	"""NA"""	"""right"""	"""left"""	"""middle"""	"""NA"""	"""NA"""	"""NA"""	"""cherry"""	"""chocolate"""	"""whipped cream"""	"""NA"""	"""NA"""	"""NA"""	"""left"""	"""middle"""	"""right"""	"""NA"""	"""NA"""	"""NA"""	"""1w2w0w"""
"What is he talking about? (1-2 mins)"	"Short and fun! A 1-2 minute word game about what someone is talking about."	"experiment, psychology, game"	"$0.25"	"Tue Aug 12 16:07:58 PDT 2014"	"100"	"0"	"0"	"100"	"Reviewable"	"NotReviewed"	"1 scales"	"600"	"60000"	"Tue Aug 19 16:07:58 PDT 2014"	"S60572"	"Approved"	""	"""snowman"""	"""mittens"""	"0"	"""left"""	"""right"""	"-1"	"0"	"0"	"1"	"0"	"0"	"-1"	"-1"	"""TRUE"""	"""NA"""	"""NA"""	"-1"	"-1"	"-1"	"-1"	"-1"	"-1"	"""choosing snowmen based on one word"""	""""""	"0"	"""target"""	"""target"""	"""target"""	"""NA"""	"""NA"""	"""NA"""	"true"	"true"	"true"	"""NA"""	"""NA"""	"""NA"""	"""snowman"""	"""snowman"""	"""snowman"""	"""NA"""	"""NA"""	"""NA"""	"""mittens"""	"""scarf"""	"""hat"""	"""NA"""	"""NA"""	"""NA"""	"""left"""	"""right"""	"""middle"""	"""NA"""	"""NA"""	"""NA"""	"""scarf"""	"""hat"""	"""mittens"""	"""NA"""	"""NA"""	"""NA"""	"""right"""	"""middle"""	"""left"""	"""NA"""	"""NA"""	"""NA"""	"""1w2w0w"""
"What is he talking about? (1-2 mins)"	"Short and fun! A 1-2 minute word game about what someone is talking about."	"experiment, psychology, game"	"$0.25"	"Tue Aug 12 16:07:58 PDT 2014"	"100"	"0"	"0"	"100"	"Reviewable"	"NotReviewed"	"1 scales"	"600"	"60000"	"Tue Aug 19 16:07:58 PDT 2014"	"S86512"	"Approved"	""	"""boat"""	"""motor"""	"0"	"""middle"""	"""left"""	"-1"	"0"	"0"	"1"	"0"	"0"	"-1"	"-1"	"""TRUE"""	"""NA"""	"""NA"""	"-1"	"-1"	"-1"	"-1"	"-1"	"-1"	"""boats"""	"""n/a"""	"0"	"""target"""	"""target"""	"""target"""	"""NA"""	"""NA"""	"""NA"""	"true"	"true"	"true"	"""NA"""	"""NA"""	"""NA"""	"""boat"""	"""boat"""	"""boat"""	"""NA"""	"""NA"""	"""NA"""	"""motor"""	"""sail"""	"""cabin"""	"""NA"""	"""NA"""	"""NA"""	"""middle"""	"""right"""	"""left"""	"""NA"""	"""NA"""	"""NA"""	"""cabin"""	"""sail"""	"""motor"""	"""NA"""	"""NA"""	"""NA"""	"""left"""	"""middle"""	"""right"""	"""NA"""	"""NA"""	"""NA"""	"""0w2w1w"""
"What is he talking about? (1-2 mins)"	"Short and fun! A 1-2 minute word game about what someone is talking about."	"experiment, psychology, game"	"$0.25"	"Tue Aug 12 16:07:58 PDT 2014"	"100"	"0"	"0"	"100"	"Reviewable"	"NotReviewed"	"1 scales"	"600"	"60000"	"Tue Aug 19 16:07:58 PDT 2014"	"S76796"	"Approved"	""	"""friend"""	"""mustache"""	"0"	"""left"""	"""middle"""	"-1"	"0"	"0"	"1"	"0"	"0"	"-1"	"-1"	"""TRUE"""	"""NA"""	"""NA"""	"-1"	"-1"	"-1"	"-1"	"-1"	"-1"	"""Bob's friends"""	"""I enjoy these"""	"0"	"""target"""	"""target"""	"""target"""	"""NA"""	"""NA"""	"""NA"""	"true"	"true"	"true"	"""NA"""	"""NA"""	"""NA"""	"""friend"""	"""friend"""	"""friend"""	"""NA"""	"""NA"""	"""NA"""	"""mustache"""	"""glasses"""	"""hat"""	"""NA"""	"""NA"""	"""NA"""	"""left"""	"""middle"""	"""right"""	"""NA"""	"""NA"""	"""NA"""	"""glasses"""	"""hat"""	"""mustache"""	"""NA"""	"""NA"""	"""NA"""	"""middle"""	"""right"""	"""left"""	"""NA"""	"""NA"""	"""NA"""	"""1w2w0w"""
"What is he talking about? (1-2 mins)"	"Short and fun! A 1-2 minute word game about what someone is talking about."	"experiment, psychology, game"	"$0.25"	"Tue Aug 12 16:07:58 PDT 2014"	"100"	"0"	"0"	"100"	"Reviewable"	"NotReviewed"	"1 scales"	"600"	"60000"	"Tue Aug 19 16:07:58 PDT 2014"	"S34235"	"Approved"	""	"""friend"""	"""hat"""	"0"	"""middle"""	"""right"""	"-1"	"0"	"0"	"1"	"0"	"0"	"-1"	"-1"	"""TRUE"""	"""NA"""	"""NA"""	"-1"	"-1"	"-1"	"-1"	"-1"	"-1"	"""Language use"""	""""""	"0"	"""target"""	"""target"""	"""target"""	"""NA"""	"""NA"""	"""NA"""	"true"	"true"	"true"	"""NA"""	"""NA"""	"""NA"""	"""friend"""	"""friend"""	"""friend"""	"""NA"""	"""NA"""	"""NA"""	"""hat"""	"""mustache"""	"""glasses"""	"""NA"""	"""NA"""	"""NA"""	"""middle"""	"""right"""	"""left"""	"""NA"""	"""NA"""	"""NA"""	"""mustache"""	"""glasses"""	"""hat"""	"""NA"""	"""NA"""	"""NA"""	"""right"""	"""left"""	"""middle"""	"""NA"""	"""NA"""	"""NA"""	"""1w2w0w"""
"What is he talking about? (1-2 mins)"	"Short and fun! A 1-2 minute word game about what someone is talking about."	"experiment, psychology, game"	"$0.25"	"Tue Aug 12 16:07:58 PDT 2014"	"100"	"0"	"0"	"100"	"Reviewable"	"NotReviewed"	"1 scales"	"600"	"60000"	"Tue Aug 19 16:07:58 PDT 2014"	"S88309"	"Approved"	""	"""friend"""	"""hat"""	"0"	"""left"""	"""middle"""	"-1"	"0"	"0"	"1"	"0"	"0"	"-1"	"-1"	"""TRUE"""	"""NA"""	"""NA"""	"-1"	"-1"	"-1"	"-1"	"-1"	"-1"	"""No idea"""	""""""	"0"	"""target"""	"""logical"""	"""logical"""	"""NA"""	"""NA"""	"""NA"""	"true"	"false"	"false"	"""NA"""	"""NA"""	"""NA"""	"""friend"""	"""friend"""	"""friend"""	"""NA"""	"""NA"""	"""NA"""	"""hat"""	"""glasses"""	"""mustache"""	"""NA"""	"""NA"""	"""NA"""	"""left"""	"""right"""	"""middle"""	"""NA"""	"""NA"""	"""NA"""	"""mustache"""	"""glasses"""	"""hat"""	"""NA"""	"""NA"""	"""NA"""	"""middle"""	"""left"""	"""right"""	"""NA"""	"""NA"""	"""NA"""	"""0w2w1w"""
"What is he talking about? (1-2 mins)"	"Short and fun! A 1-2 minute word game about what someone is talking about."	"experiment, psychology, game"	"$0.25"	"Tue Aug 12 16:07:58 PDT 2014"	"100"	"0"	"0"	"100"	"Reviewable"	"NotReviewed"	"1 scales"	"600"	"60000"	"Tue Aug 19 16:07:58 PDT 2014"	"S45436"	"Approved"	""	"""friend"""	"""mustache"""	"0"	"""middle"""	"""left"""	"-1"	"0"	"0"	"1"	"0"	"0"	"-1"	"-1"	"""TRUE"""	"""NA"""	"""NA"""	"-1"	"-1"	"-1"	"-1"	"-1"	"-1"	"""describing something"""	""""""	"0"	"""target"""	"""target"""	"""target"""	"""NA"""	"""NA"""	"""NA"""	"true"	"true"	"true"	"""NA"""	"""NA"""	"""NA"""	"""friend"""	"""friend"""	"""friend"""	"""NA"""	"""NA"""	"""NA"""	"""mustache"""	"""glasses"""	"""hat"""	"""NA"""	"""NA"""	"""NA"""	"""middle"""	"""left"""	"""right"""	"""NA"""	"""NA"""	"""NA"""	"""glasses"""	"""hat"""	"""mustache"""	"""NA"""	"""NA"""	"""NA"""	"""left"""	"""right"""	"""middle"""	"""NA"""	"""NA"""	"""NA"""	"""1w2w0w"""
"What is he talking about? (1-2 mins)"	"Short and fun! A 1-2 minute word game about what someone is talking about."	"experiment, psychology, game"	"$0.25"	"Tue Aug 12 16:07:58 PDT 2014"	"100"	"0"	"0"	"100"	"Reviewable"	"NotReviewed"	"1 scales"	"600"	"60000"	"Tue Aug 19 16:07:58 PDT 2014"	"S60442"	"Approved"	""	"""sundae"""	"""whipped cream"""	"0"	"""middle"""	"""left"""	"-1"	"0"	"0"	"1"	"0"	"0"	"-1"	"-1"	"""TRUE"""	"""NA"""	"""NA"""	"-1"	"-1"	"-1"	"-1"	"-1"	"-1"	"""ice cream"""	""""""	"0"	"""target"""	"""target"""	"""target"""	"""NA"""	"""NA"""	"""NA"""	"true"	"true"	"true"	"""NA"""	"""NA"""	"""NA"""	"""sundae"""	"""sundae"""	"""sundae"""	"""NA"""	"""NA"""	"""NA"""	"""whipped cream"""	"""cherry"""	"""chocolate"""	"""NA"""	"""NA"""	"""NA"""	"""middle"""	"""left"""	"""right"""	"""NA"""	"""NA"""	"""NA"""	"""cherry"""	"""chocolate"""	"""whipped cream"""	"""NA"""	"""NA"""	"""NA"""	"""left"""	"""right"""	"""middle"""	"""NA"""	"""NA"""	"""NA"""	"""1w2w0w"""
"What is he talking about? (1-2 mins)"	"Short and fun! A 1-2 minute word game about what someone is talking about."	"experiment, psychology, game"	"$0.25"	"Tue Aug 12 16:07:58 PDT 2014"	"100"	"0"	"0"	"100"	"Reviewable"	"NotReviewed"	"1 scales"	"600"	"60000"	"Tue Aug 19 16:07:58 PDT 2014"	"S94622"	"Approved"	""	"""friend"""	"""mustache"""	"0"	"""middle"""	"""left"""	"-1"	"0"	"0"	"1"	"0"	"0"	"-1"	"-1"	"""TRUE"""	"""NA"""	"""NA"""	"-1"	"-1"	"-1"	"-1"	"-1"	"-1"	"""distinguishing people from certain features"""	"""thanks!"""	"0"	"""target"""	"""target"""	"""target"""	"""NA"""	"""NA"""	"""NA"""	"true"	"true"	"true"	"""NA"""	"""NA"""	"""NA"""	"""friend"""	"""friend"""	"""friend"""	"""NA"""	"""NA"""	"""NA"""	"""mustache"""	"""glasses"""	"""hat"""	"""NA"""	"""NA"""	"""NA"""	"""middle"""	"""right"""	"""left"""	"""NA"""	"""NA"""	"""NA"""	"""hat"""	"""glasses"""	"""mustache"""	"""NA"""	"""NA"""	"""NA"""	"""left"""	"""middle"""	"""right"""	"""NA"""	"""NA"""	"""NA"""	"""0w2w1w"""
"What is he talking about? (1-2 mins)"	"Short and fun! A 1-2 minute word game about what someone is talking about."	"experiment, psychology, game"	"$0.25"	"Tue Aug 12 16:07:58 PDT 2014"	"100"	"0"	"0"	"100"	"Reviewable"	"NotReviewed"	"1 scales"	"600"	"60000"	"Tue Aug 19 16:07:58 PDT 2014"	"S13220"	"Approved"	""	"""snowman"""	"""mittens"""	"0"	"""right"""	"""middle"""	"-1"	"0"	"0"	"1"	"0"	"0"	"-1"	"-1"	"""FALSE"""	"""NA"""	"""NA"""	"-1"	"-1"	"-1"	"-1"	"-1"	"-1"	"""The guy could only say one word so I had to figure out which snowman he was talking about."""	"""Hope I didn't forget his name that fast haha"""	"0"	"""target"""	"""target"""	"""target"""	"""NA"""	"""NA"""	"""NA"""	"true"	"true"	"true"	"""NA"""	"""NA"""	"""NA"""	"""snowman"""	"""snowman"""	"""snowman"""	"""NA"""	"""NA"""	"""NA"""	"""mittens"""	"""hat"""	"""scarf"""	"""NA"""	"""NA"""	"""NA"""	"""right"""	"""middle"""	"""left"""	"""NA"""	"""NA"""	"""NA"""	"""hat"""	"""scarf"""	"""mittens"""	"""NA"""	"""NA"""	"""NA"""	"""middle"""	"""left"""	"""right"""	"""NA"""	"""NA"""	"""NA"""	"""1w2w0w"""
"What is he talking about? (1-2 mins)"	"Short and fun! A 1-2 minute word game about what someone is talking about."	"experiment, psychology, game"	"$0.25"	"Tue Aug 12 16:07:58 PDT 2014"	"100"	"0"	"0"	"100"	"Reviewable"	"NotReviewed"	"1 scales"	"600"	"60000"	"Tue Aug 19 16:07:58 PDT 2014"	"S56727"	"Approved"	""	"""pizza"""	"""mushrooms"""	"0"	"""left"""	"""right"""	"-1"	"0"	"0"	"1"	"0"	"0"	"-1"	"-1"	"""TRUE"""	"""NA"""	"""NA"""	"-1"	"-1"	"-1"	"-1"	"-1"	"-1"	"""If prior questions affected current questions"""	""""""	"0"	"""target"""	"""logical"""	"""logical"""	"""NA"""	"""NA"""	"""NA"""	"true"	"false"	"false"	"""NA"""	"""NA"""	"""NA"""	"""pizza"""	"""pizza"""	"""pizza"""	"""NA"""	"""NA"""	"""NA"""	"""mushrooms"""	"""peppers"""	"""olives"""	"""NA"""	"""NA"""	"""NA"""	"""left"""	"""middle"""	"""right"""	"""NA"""	"""NA"""	"""NA"""	"""olives"""	"""peppers"""	"""mushrooms"""	"""NA"""	"""NA"""	"""NA"""	"""right"""	"""left"""	"""middle"""	"""NA"""	"""NA"""	"""NA"""	"""0w2w1w"""
"What is he talking about? (1-2 mins)"	"Short and fun! A 1-2 minute word game about what someone is talking about."	"experiment, psychology, game"	"$0.25"	"Tue Aug 12 16:07:58 PDT 2014"	"100"	"0"	"0"	"100"	"Reviewable"	"NotReviewed"	"1 scales"	"600"	"60000"	"Tue Aug 19 16:07:58 PDT 2014"	"S22897"	"Approved"	""	"""friend"""	"""mustache"""	"0"	"""middle"""	"""left"""	"-1"	"0"	"0"	"1"	"0"	"0"	"-1"	"-1"	"""TRUE"""	"""NA"""	"""NA"""	"-1"	"-1"	"-1"	"-1"	"-1"	"-1"	"""Trying to tell what people are talking about"""	"""No, thank you very much"""	"0"	"""target"""	"""target"""	"""target"""	"""NA"""	"""NA"""	"""NA"""	"true"	"true"	"true"	"""NA"""	"""NA"""	"""NA"""	"""friend"""	"""friend"""	"""friend"""	"""NA"""	"""NA"""	"""NA"""	"""mustache"""	"""glasses"""	"""hat"""	"""NA"""	"""NA"""	"""NA"""	"""middle"""	"""right"""	"""left"""	"""NA"""	"""NA"""	"""NA"""	"""hat"""	"""glasses"""	"""mustache"""	"""NA"""	"""NA"""	"""NA"""	"""left"""	"""middle"""	"""right"""	"""NA"""	"""NA"""	"""NA"""	"""0w2w1w"""
"What is he talking about? (1-2 mins)"	"Short and fun! A 1-2 minute word game about what someone is talking about."	"experiment, psychology, game"	"$0.25"	"Tue Aug 12 16:07:58 PDT 2014"	"100"	"0"	"0"	"100"	"Reviewable"	"NotReviewed"	"1 scales"	"600"	"60000"	"Tue Aug 19 16:07:58 PDT 2014"	"S38484"	"Approved"	""	"""Christmas tree"""	"""lights"""	"0"	"""left"""	"""middle"""	"-1"	"0"	"0"	"1"	"0"	"0"	"-1"	"-1"	"""TRUE"""	"""NA"""	"""NA"""	"-1"	"-1"	"-1"	"-1"	"-1"	"-1"	"""matching the tree"""	""""""	"0"	"""target"""	"""target"""	"""target"""	"""NA"""	"""NA"""	"""NA"""	"true"	"true"	"true"	"""NA"""	"""NA"""	"""NA"""	"""Christmas tree"""	"""Christmas tree"""	"""Christmas tree"""	"""NA"""	"""NA"""	"""NA"""	"""lights"""	"""ornaments"""	"""star"""	"""NA"""	"""NA"""	"""NA"""	"""left"""	"""right"""	"""middle"""	"""NA"""	"""NA"""	"""NA"""	"""star"""	"""ornaments"""	"""lights"""	"""NA"""	"""NA"""	"""NA"""	"""middle"""	"""left"""	"""right"""	"""NA"""	"""NA"""	"""NA"""	"""0w2w1w"""
"What is he talking about? (1-2 mins)"	"Short and fun! A 1-2 minute word game about what someone is talking about."	"experiment, psychology, game"	"$0.25"	"Tue Aug 12 16:07:58 PDT 2014"	"100"	"0"	"0"	"100"	"Reviewable"	"NotReviewed"	"1 scales"	"600"	"60000"	"Tue Aug 19 16:07:58 PDT 2014"	"S47346"	"Approved"	""	"""Christmas tree"""	"""lights"""	"0"	"""middle"""	"""right"""	"-1"	"0"	"0"	"1"	"0"	"0"	"-1"	"-1"	"""TRUE"""	"""NA"""	"""NA"""	"-1"	"-1"	"-1"	"-1"	"-1"	"-1"	"""christmas tree trimming"""	""""""	"0"	"""target"""	"""logical"""	"""target"""	"""NA"""	"""NA"""	"""NA"""	"true"	"false"	"true"	"""NA"""	"""NA"""	"""NA"""	"""Christmas tree"""	"""Christmas tree"""	"""Christmas tree"""	"""NA"""	"""NA"""	"""NA"""	"""lights"""	"""ornaments"""	"""star"""	"""NA"""	"""NA"""	"""NA"""	"""middle"""	"""right"""	"""left"""	"""NA"""	"""NA"""	"""NA"""	"""ornaments"""	"""star"""	"""lights"""	"""NA"""	"""NA"""	"""NA"""	"""right"""	"""left"""	"""middle"""	"""NA"""	"""NA"""	"""NA"""	"""1w2w0w"""
"What is he talking about? (1-2 mins)"	"Short and fun! A 1-2 minute word game about what someone is talking about."	"experiment, psychology, game"	"$0.25"	"Tue Aug 12 16:07:58 PDT 2014"	"100"	"0"	"0"	"100"	"Reviewable"	"NotReviewed"	"1 scales"	"600"	"60000"	"Tue Aug 19 16:07:58 PDT 2014"	"S74527"	"Approved"	""	"""pizza"""	"""olives"""	"0"	"""middle"""	"""right"""	"-1"	"0"	"0"	"1"	"0"	"0"	"-1"	"-1"	"""TRUE"""	"""NA"""	"""NA"""	"-1"	"-1"	"-1"	"-1"	"-1"	"-1"	"""Preference guessing?  Bob likes pizza."""	"""ty"""	"0"	"""target"""	"""target"""	"""target"""	"""NA"""	"""NA"""	"""NA"""	"true"	"true"	"true"	"""NA"""	"""NA"""	"""NA"""	"""pizza"""	"""pizza"""	"""pizza"""	"""NA"""	"""NA"""	"""NA"""	"""olives"""	"""peppers"""	"""mushrooms"""	"""NA"""	"""NA"""	"""NA"""	"""middle"""	"""right"""	"""left"""	"""NA"""	"""NA"""	"""NA"""	"""peppers"""	"""mushrooms"""	"""olives"""	"""NA"""	"""NA"""	"""NA"""	"""right"""	"""left"""	"""middle"""	"""NA"""	"""NA"""	"""NA"""	"""1w2w0w"""
"What is he talking about? (1-2 mins)"	"Short and fun! A 1-2 minute word game about what someone is talking about."	"experiment, psychology, game"	"$0.25"	"Tue Aug 12 16:07:58 PDT 2014"	"100"	"0"	"0"	"100"	"Reviewable"	"NotReviewed"	"1 scales"	"600"	"60000"	"Tue Aug 19 16:07:58 PDT 2014"	"S21405"	"Approved"	""	"""Christmas tree"""	"""lights"""	"0"	"""left"""	"""right"""	"-1"	"0"	"0"	"1"	"0"	"0"	"-1"	"-1"	"""TRUE"""	"""NA"""	"""NA"""	"-1"	"-1"	"-1"	"-1"	"-1"	"-1"	"""Trees"""	"""na"""	"0"	"""target"""	"""logical"""	"""logical"""	"""NA"""	"""NA"""	"""NA"""	"true"	"false"	"false"	"""NA"""	"""NA"""	"""NA"""	"""Christmas tree"""	"""Christmas tree"""	"""Christmas tree"""	"""NA"""	"""NA"""	"""NA"""	"""lights"""	"""ornaments"""	"""star"""	"""NA"""	"""NA"""	"""NA"""	"""left"""	"""middle"""	"""right"""	"""NA"""	"""NA"""	"""NA"""	"""star"""	"""ornaments"""	"""lights"""	"""NA"""	"""NA"""	"""NA"""	"""right"""	"""left"""	"""middle"""	"""NA"""	"""NA"""	"""NA"""	"""0w2w1w"""
"What is he talking about? (1-2 mins)"	"Short and fun! A 1-2 minute word game about what someone is talking about."	"experiment, psychology, game"	"$0.25"	"Tue Aug 12 16:07:58 PDT 2014"	"100"	"0"	"0"	"100"	"Reviewable"	"NotReviewed"	"1 scales"	"600"	"60000"	"Tue Aug 19 16:07:58 PDT 2014"	"S37925"	"Approved"	""	"""pizza"""	"""peppers"""	"0"	"""middle"""	"""right"""	"-1"	"0"	"0"	"1"	"0"	"0"	"-1"	"-1"	"""TRUE"""	"""NA"""	"""NA"""	"-1"	"-1"	"-1"	"-1"	"-1"	"-1"	"""Bob describing pizza to me."""	""""""	"0"	"""target"""	"""target"""	"""target"""	"""NA"""	"""NA"""	"""NA"""	"true"	"true"	"true"	"""NA"""	"""NA"""	"""NA"""	"""pizza"""	"""pizza"""	"""pizza"""	"""NA"""	"""NA"""	"""NA"""	"""peppers"""	"""mushrooms"""	"""olives"""	"""NA"""	"""NA"""	"""NA"""	"""middle"""	"""left"""	"""right"""	"""NA"""	"""NA"""	"""NA"""	"""olives"""	"""mushrooms"""	"""peppers"""	"""NA"""	"""NA"""	"""NA"""	"""right"""	"""middle"""	"""left"""	"""NA"""	"""NA"""	"""NA"""	"""0w2w1w"""
"What is he talking about? (1-2 mins)"	"Short and fun! A 1-2 minute word game about what someone is talking about."	"experiment, psychology, game"	"$0.25"	"Tue Aug 12 16:07:58 PDT 2014"	"100"	"0"	"0"	"100"	"Reviewable"	"NotReviewed"	"1 scales"	"600"	"60000"	"Tue Aug 19 16:07:58 PDT 2014"	"S23236"	"Approved"	""	"""friend"""	"""hat"""	"0"	"""right"""	"""left"""	"-1"	"0"	"0"	"1"	"0"	"0"	"-1"	"-1"	"""TRUE"""	"""NA"""	"""NA"""	"-1"	"-1"	"-1"	"-1"	"-1"	"-1"	"""decisions"""	"""no"""	"0"	"""target"""	"""logical"""	"""target"""	"""NA"""	"""NA"""	"""NA"""	"true"	"false"	"true"	"""NA"""	"""NA"""	"""NA"""	"""friend"""	"""friend"""	"""friend"""	"""NA"""	"""NA"""	"""NA"""	"""hat"""	"""glasses"""	"""mustache"""	"""NA"""	"""NA"""	"""NA"""	"""right"""	"""left"""	"""middle"""	"""NA"""	"""NA"""	"""NA"""	"""glasses"""	"""mustache"""	"""hat"""	"""NA"""	"""NA"""	"""NA"""	"""left"""	"""middle"""	"""right"""	"""NA"""	"""NA"""	"""NA"""	"""1w2w0w"""
"What is he talking about? (1-2 mins)"	"Short and fun! A 1-2 minute word game about what someone is talking about."	"experiment, psychology, game"	"$0.25"	"Tue Aug 12 16:07:58 PDT 2014"	"100"	"0"	"0"	"100"	"Reviewable"	"NotReviewed"	"1 scales"	"600"	"60000"	"Tue Aug 19 16:07:58 PDT 2014"	"S03494"	"Approved"	""	"""boat"""	"""motor"""	"0"	"""left"""	"""right"""	"-1"	"0"	"0"	"1"	"0"	"0"	"-1"	"-1"	"""TRUE"""	"""NA"""	"""NA"""	"-1"	"-1"	"-1"	"-1"	"-1"	"-1"	"""A boat"""	"""Was I wrong? lol"""	"0"	"""target"""	"""logical"""	"""foil"""	"""NA"""	"""NA"""	"""NA"""	"true"	"false"	"false"	"""NA"""	"""NA"""	"""NA"""	"""boat"""	"""boat"""	"""boat"""	"""NA"""	"""NA"""	"""NA"""	"""motor"""	"""cabin"""	"""sail"""	"""NA"""	"""NA"""	"""NA"""	"""left"""	"""middle"""	"""right"""	"""NA"""	"""NA"""	"""NA"""	"""sail"""	"""cabin"""	"""motor"""	"""NA"""	"""NA"""	"""NA"""	"""right"""	"""left"""	"""middle"""	"""NA"""	"""NA"""	"""NA"""	"""0w2w1w"""
"What is he talking about? (1-2 mins)"	"Short and fun! A 1-2 minute word game about what someone is talking about."	"experiment, psychology, game"	"$0.25"	"Tue Aug 12 16:07:58 PDT 2014"	"100"	"0"	"0"	"100"	"Reviewable"	"NotReviewed"	"1 scales"	"600"	"60000"	"Tue Aug 19 16:07:58 PDT 2014"	"S33532"	"Approved"	""	"""boat"""	"""cabin"""	"0"	"""left"""	"""middle"""	"-1"	"0"	"0"	"1"	"0"	"0"	"-1"	"-1"	"""TRUE"""	"""NA"""	"""NA"""	"-1"	"-1"	"-1"	"-1"	"-1"	"-1"	"""our understanding of words used in context"""	"""n/a"""	"0"	"""target"""	"""target"""	"""target"""	"""NA"""	"""NA"""	"""NA"""	"true"	"true"	"true"	"""NA"""	"""NA"""	"""NA"""	"""boat"""	"""boat"""	"""boat"""	"""NA"""	"""NA"""	"""NA"""	"""cabin"""	"""motor"""	"""sail"""	"""NA"""	"""NA"""	"""NA"""	"""left"""	"""right"""	"""middle"""	"""NA"""	"""NA"""	"""NA"""	"""sail"""	"""motor"""	"""cabin"""	"""NA"""	"""NA"""	"""NA"""	"""middle"""	"""left"""	"""right"""	"""NA"""	"""NA"""	"""NA"""	"""0w2w1w"""
"What is he talking about? (1-2 mins)"	"Short and fun! A 1-2 minute word game about what someone is talking about."	"experiment, psychology, game"	"$0.25"	"Tue Aug 12 16:07:58 PDT 2014"	"100"	"0"	"0"	"100"	"Reviewable"	"NotReviewed"	"1 scales"	"600"	"60000"	"Tue Aug 19 16:07:58 PDT 2014"	"S77142"	"Approved"	""	"""snowman"""	"""mittens"""	"0"	"""left"""	"""middle"""	"-1"	"0"	"0"	"1"	"0"	"0"	"-1"	"-1"	"""TRUE"""	"""NA"""	"""NA"""	"-1"	"-1"	"-1"	"-1"	"-1"	"-1"	"""Seeing what we assume from what is and isn't said"""	""""""	"0"	"""target"""	"""target"""	"""target"""	"""NA"""	"""NA"""	"""NA"""	"true"	"true"	"true"	"""NA"""	"""NA"""	"""NA"""	"""snowman"""	"""snowman"""	"""snowman"""	"""NA"""	"""NA"""	"""NA"""	"""mittens"""	"""hat"""	"""scarf"""	"""NA"""	"""NA"""	"""NA"""	"""left"""	"""middle"""	"""right"""	"""NA"""	"""NA"""	"""NA"""	"""hat"""	"""scarf"""	"""mittens"""	"""NA"""	"""NA"""	"""NA"""	"""middle"""	"""right"""	"""left"""	"""NA"""	"""NA"""	"""NA"""	"""1w2w0w"""
"What is he talking about? (1-2 mins)"	"Short and fun! A 1-2 minute word game about what someone is talking about."	"experiment, psychology, game"	"$0.25"	"Tue Aug 12 16:07:58 PDT 2014"	"100"	"0"	"0"	"100"	"Reviewable"	"NotReviewed"	"1 scales"	"600"	"60000"	"Tue Aug 19 16:07:58 PDT 2014"	"S19055"	"Approved"	""	"""boat"""	"""sail"""	"0"	"""right"""	"""left"""	"-1"	"0"	"0"	"1"	"0"	"0"	"-1"	"-1"	"""TRUE"""	"""NA"""	"""NA"""	"-1"	"-1"	"-1"	"-1"	"-1"	"-1"	"""Making assumptions"""	"""None"""	"0"	"""target"""	"""target"""	"""target"""	"""NA"""	"""NA"""	"""NA"""	"true"	"true"	"true"	"""NA"""	"""NA"""	"""NA"""	"""boat"""	"""boat"""	"""boat"""	"""NA"""	"""NA"""	"""NA"""	"""sail"""	"""cabin"""	"""motor"""	"""NA"""	"""NA"""	"""NA"""	"""right"""	"""middle"""	"""left"""	"""NA"""	"""NA"""	"""NA"""	"""motor"""	"""cabin"""	"""sail"""	"""NA"""	"""NA"""	"""NA"""	"""left"""	"""right"""	"""middle"""	"""NA"""	"""NA"""	"""NA"""	"""0w2w1w"""
"What is he talking about? (1-2 mins)"	"Short and fun! A 1-2 minute word game about what someone is talking about."	"experiment, psychology, game"	"$0.25"	"Tue Aug 12 16:07:58 PDT 2014"	"100"	"0"	"0"	"100"	"Reviewable"	"NotReviewed"	"1 scales"	"600"	"60000"	"Tue Aug 19 16:07:58 PDT 2014"	"S77845"	"Approved"	""	"""boat"""	"""motor"""	"0"	"""left"""	"""right"""	"-1"	"0"	"0"	"1"	"0"	"0"	"-1"	"-1"	"""TRUE"""	"""NA"""	"""NA"""	"-1"	"-1"	"-1"	"-1"	"-1"	"-1"	"""How we see what others describe """	""""""	"0"	"""target"""	"""logical"""	"""target"""	"""NA"""	"""NA"""	"""NA"""	"true"	"false"	"true"	"""NA"""	"""NA"""	"""NA"""	"""boat"""	"""boat"""	"""boat"""	"""NA"""	"""NA"""	"""NA"""	"""motor"""	"""cabin"""	"""sail"""	"""NA"""	"""NA"""	"""NA"""	"""left"""	"""middle"""	"""right"""	"""NA"""	"""NA"""	"""NA"""	"""sail"""	"""cabin"""	"""motor"""	"""NA"""	"""NA"""	"""NA"""	"""right"""	"""left"""	"""middle"""	"""NA"""	"""NA"""	"""NA"""	"""0w2w1w"""
"What is he talking about? (1-2 mins)"	"Short and fun! A 1-2 minute word game about what someone is talking about."	"experiment, psychology, game"	"$0.25"	"Tue Aug 12 16:07:58 PDT 2014"	"100"	"0"	"0"	"100"	"Reviewable"	"NotReviewed"	"1 scales"	"600"	"60000"	"Tue Aug 19 16:07:58 PDT 2014"	"S33431"	"Approved"	""	"""boat"""	"""sail"""	"0"	"""left"""	"""middle"""	"-1"	"0"	"0"	"1"	"0"	"0"	"-1"	"-1"	"""TRUE"""	"""NA"""	"""NA"""	"-1"	"-1"	"-1"	"-1"	"-1"	"-1"	"""Language inferences."""	""""""	"0"	"""target"""	"""logical"""	"""target"""	"""NA"""	"""NA"""	"""NA"""	"true"	"false"	"true"	"""NA"""	"""NA"""	"""NA"""	"""boat"""	"""boat"""	"""boat"""	"""NA"""	"""NA"""	"""NA"""	"""sail"""	"""cabin"""	"""motor"""	"""NA"""	"""NA"""	"""NA"""	"""left"""	"""middle"""	"""right"""	"""NA"""	"""NA"""	"""NA"""	"""cabin"""	"""motor"""	"""sail"""	"""NA"""	"""NA"""	"""NA"""	"""middle"""	"""right"""	"""left"""	"""NA"""	"""NA"""	"""NA"""	"""1w2w0w"""
"What is he talking about? (1-2 mins)"	"Short and fun! A 1-2 minute word game about what someone is talking about."	"experiment, psychology, game"	"$0.25"	"Tue Aug 12 16:07:58 PDT 2014"	"100"	"0"	"0"	"100"	"Reviewable"	"NotReviewed"	"1 scales"	"600"	"60000"	"Tue Aug 19 16:07:58 PDT 2014"	"S49402"	"Approved"	""	"""boat"""	"""sail"""	"0"	"""right"""	"""middle"""	"-1"	"0"	"0"	"1"	"0"	"0"	"-1"	"-1"	"""TRUE"""	"""NA"""	"""NA"""	"-1"	"-1"	"-1"	"-1"	"-1"	"-1"	"""identifying objects"""	""""""	"0"	"""target"""	"""logical"""	"""target"""	"""NA"""	"""NA"""	"""NA"""	"true"	"false"	"true"	"""NA"""	"""NA"""	"""NA"""	"""boat"""	"""boat"""	"""boat"""	"""NA"""	"""NA"""	"""NA"""	"""sail"""	"""motor"""	"""cabin"""	"""NA"""	"""NA"""	"""NA"""	"""right"""	"""middle"""	"""left"""	"""NA"""	"""NA"""	"""NA"""	"""motor"""	"""cabin"""	"""sail"""	"""NA"""	"""NA"""	"""NA"""	"""middle"""	"""left"""	"""right"""	"""NA"""	"""NA"""	"""NA"""	"""1w2w0w"""
"What is he talking about? (1-2 mins)"	"Short and fun! A 1-2 minute word game about what someone is talking about."	"experiment, psychology, game"	"$0.25"	"Tue Aug 12 16:07:58 PDT 2014"	"100"	"0"	"0"	"100"	"Reviewable"	"NotReviewed"	"1 scales"	"600"	"60000"	"Tue Aug 19 16:07:58 PDT 2014"	"S04617"	"Approved"	""	"""boat"""	"""sail"""	"0"	"""middle"""	"""right"""	"-1"	"0"	"0"	"1"	"0"	"0"	"-1"	"-1"	"""TRUE"""	"""NA"""	"""NA"""	"-1"	"-1"	"-1"	"-1"	"-1"	"-1"	"""About Bob likes to sail and use one word to describe the boat he wants"""	""""""	"0"	"""target"""	"""logical"""	"""logical"""	"""NA"""	"""NA"""	"""NA"""	"true"	"false"	"false"	"""NA"""	"""NA"""	"""NA"""	"""boat"""	"""boat"""	"""boat"""	"""NA"""	"""NA"""	"""NA"""	"""sail"""	"""cabin"""	"""motor"""	"""NA"""	"""NA"""	"""NA"""	"""middle"""	"""left"""	"""right"""	"""NA"""	"""NA"""	"""NA"""	"""motor"""	"""cabin"""	"""sail"""	"""NA"""	"""NA"""	"""NA"""	"""right"""	"""middle"""	"""left"""	"""NA"""	"""NA"""	"""NA"""	"""0w2w1w"""
"What is he talking about? (1-2 mins)"	"Short and fun! A 1-2 minute word game about what someone is talking about."	"experiment, psychology, game"	"$0.25"	"Tue Aug 12 16:07:58 PDT 2014"	"100"	"0"	"0"	"100"	"Reviewable"	"NotReviewed"	"1 scales"	"600"	"60000"	"Tue Aug 19 16:07:58 PDT 2014"	"S50406"	"Approved"	""	"""pizza"""	"""olives"""	"0"	"""right"""	"""middle"""	"-1"	"0"	"0"	"1"	"0"	"0"	"-1"	"-1"	"""TRUE"""	"""NA"""	"""NA"""	"-1"	"-1"	"-1"	"-1"	"-1"	"-1"	"""i don't know"""	""""""	"0"	"""target"""	"""logical"""	"""target"""	"""NA"""	"""NA"""	"""NA"""	"true"	"false"	"true"	"""NA"""	"""NA"""	"""NA"""	"""pizza"""	"""pizza"""	"""pizza"""	"""NA"""	"""NA"""	"""NA"""	"""olives"""	"""mushrooms"""	"""peppers"""	"""NA"""	"""NA"""	"""NA"""	"""right"""	"""middle"""	"""left"""	"""NA"""	"""NA"""	"""NA"""	"""mushrooms"""	"""peppers"""	"""olives"""	"""NA"""	"""NA"""	"""NA"""	"""middle"""	"""left"""	"""right"""	"""NA"""	"""NA"""	"""NA"""	"""1w2w0w"""
"What is he talking about? (1-2 mins)"	"Short and fun! A 1-2 minute word game about what someone is talking about."	"experiment, psychology, game"	"$0.25"	"Tue Aug 12 16:07:58 PDT 2014"	"100"	"0"	"0"	"100"	"Reviewable"	"NotReviewed"	"1 scales"	"600"	"60000"	"Tue Aug 19 16:07:58 PDT 2014"	"S13107"	"Approved"	""	"""pizza"""	"""mushrooms"""	"0"	"""left"""	"""middle"""	"-1"	"0"	"0"	"1"	"0"	"0"	"-1"	"-1"	"""TRUE"""	"""NA"""	"""NA"""	"-1"	"-1"	"-1"	"-1"	"-1"	"-1"	"""Pizzas"""	""""""	"0"	"""target"""	"""target"""	"""target"""	"""NA"""	"""NA"""	"""NA"""	"true"	"true"	"true"	"""NA"""	"""NA"""	"""NA"""	"""pizza"""	"""pizza"""	"""pizza"""	"""NA"""	"""NA"""	"""NA"""	"""mushrooms"""	"""olives"""	"""peppers"""	"""NA"""	"""NA"""	"""NA"""	"""left"""	"""right"""	"""middle"""	"""NA"""	"""NA"""	"""NA"""	"""peppers"""	"""olives"""	"""mushrooms"""	"""NA"""	"""NA"""	"""NA"""	"""middle"""	"""left"""	"""right"""	"""NA"""	"""NA"""	"""NA"""	"""0w2w1w"""
"What is he talking about? (1-2 mins)"	"Short and fun! A 1-2 minute word game about what someone is talking about."	"experiment, psychology, game"	"$0.25"	"Tue Aug 12 16:07:58 PDT 2014"	"100"	"0"	"0"	"100"	"Reviewable"	"NotReviewed"	"1 scales"	"600"	"60000"	"Tue Aug 19 16:07:58 PDT 2014"	"S87751"	"Approved"	""	"""sundae"""	"""cherry"""	"0"	"""left"""	"""middle"""	"-1"	"0"	"0"	"1"	"0"	"0"	"-1"	"-1"	"""TRUE"""	"""NA"""	"""NA"""	"-1"	"-1"	"-1"	"-1"	"-1"	"-1"	"""cognitive speech"""	""""""	"0"	"""target"""	"""logical"""	"""target"""	"""NA"""	"""NA"""	"""NA"""	"true"	"false"	"true"	"""NA"""	"""NA"""	"""NA"""	"""sundae"""	"""sundae"""	"""sundae"""	"""NA"""	"""NA"""	"""NA"""	"""cherry"""	"""whipped cream"""	"""chocolate"""	"""NA"""	"""NA"""	"""NA"""	"""left"""	"""right"""	"""middle"""	"""NA"""	"""NA"""	"""NA"""	"""chocolate"""	"""whipped cream"""	"""cherry"""	"""NA"""	"""NA"""	"""NA"""	"""middle"""	"""left"""	"""right"""	"""NA"""	"""NA"""	"""NA"""	"""0w2w1w"""
"What is he talking about? (1-2 mins)"	"Short and fun! A 1-2 minute word game about what someone is talking about."	"experiment, psychology, game"	"$0.25"	"Tue Aug 12 16:07:58 PDT 2014"	"100"	"0"	"0"	"100"	"Reviewable"	"NotReviewed"	"1 scales"	"600"	"60000"	"Tue Aug 19 16:07:58 PDT 2014"	"S65666"	"Approved"	""	"""sundae"""	"""cherry"""	"0"	"""left"""	"""middle"""	"-1"	"0"	"0"	"1"	"0"	"0"	"-1"	"-1"	"""TRUE"""	"""NA"""	"""NA"""	"-1"	"-1"	"-1"	"-1"	"-1"	"-1"	"""Bob"""	"""Bob is awesome. """	"0"	"""target"""	"""target"""	"""target"""	"""NA"""	"""NA"""	"""NA"""	"true"	"true"	"true"	"""NA"""	"""NA"""	"""NA"""	"""sundae"""	"""sundae"""	"""sundae"""	"""NA"""	"""NA"""	"""NA"""	"""cherry"""	"""whipped cream"""	"""chocolate"""	"""NA"""	"""NA"""	"""NA"""	"""left"""	"""middle"""	"""right"""	"""NA"""	"""NA"""	"""NA"""	"""whipped cream"""	"""chocolate"""	"""cherry"""	"""NA"""	"""NA"""	"""NA"""	"""middle"""	"""right"""	"""left"""	"""NA"""	"""NA"""	"""NA"""	"""1w2w0w"""
"What is he talking about? (1-2 mins)"	"Short and fun! A 1-2 minute word game about what someone is talking about."	"experiment, psychology, game"	"$0.25"	"Tue Aug 12 16:07:58 PDT 2014"	"100"	"0"	"0"	"100"	"Reviewable"	"NotReviewed"	"1 scales"	"600"	"60000"	"Tue Aug 19 16:07:58 PDT 2014"	"S88163"	"Approved"	""	"""snowman"""	"""scarf"""	"0"	"""left"""	"""right"""	"-1"	"0"	"0"	"1"	"0"	"0"	"-1"	"-1"	"""TRUE"""	"""NA"""	"""NA"""	"-1"	"-1"	"-1"	"-1"	"-1"	"-1"	"""How we deduce his meaning."""	""""""	"0"	"""foil"""	"""foil"""	"""target"""	"""NA"""	"""NA"""	"""NA"""	"false"	"false"	"true"	"""NA"""	"""NA"""	"""NA"""	"""snowman"""	"""snowman"""	"""snowman"""	"""NA"""	"""NA"""	"""NA"""	"""scarf"""	"""mittens"""	"""hat"""	"""NA"""	"""NA"""	"""NA"""	"""left"""	"""right"""	"""middle"""	"""NA"""	"""NA"""	"""NA"""	"""mittens"""	"""hat"""	"""scarf"""	"""NA"""	"""NA"""	"""NA"""	"""right"""	"""middle"""	"""left"""	"""NA"""	"""NA"""	"""NA"""	"""1w2w0w"""
"What is he talking about? (1-2 mins)"	"Short and fun! A 1-2 minute word game about what someone is talking about."	"experiment, psychology, game"	"$0.25"	"Tue Aug 12 16:07:58 PDT 2014"	"100"	"0"	"0"	"100"	"Reviewable"	"NotReviewed"	"1 scales"	"600"	"60000"	"Tue Aug 19 16:07:58 PDT 2014"	"S09633"	"Approved"	""	"""Christmas tree"""	"""ornaments"""	"0"	"""left"""	"""right"""	"-1"	"0"	"0"	"1"	"0"	"0"	"-1"	"-1"	"""TRUE"""	"""NA"""	"""NA"""	"-1"	"-1"	"-1"	"-1"	"-1"	"-1"	"""forgetting or remembering details when focusing on a task"""	""""""	"0"	"""target"""	"""target"""	"""target"""	"""NA"""	"""NA"""	"""NA"""	"true"	"true"	"true"	"""NA"""	"""NA"""	"""NA"""	"""Christmas tree"""	"""Christmas tree"""	"""Christmas tree"""	"""NA"""	"""NA"""	"""NA"""	"""ornaments"""	"""star"""	"""lights"""	"""NA"""	"""NA"""	"""NA"""	"""left"""	"""right"""	"""middle"""	"""NA"""	"""NA"""	"""NA"""	"""star"""	"""lights"""	"""ornaments"""	"""NA"""	"""NA"""	"""NA"""	"""right"""	"""middle"""	"""left"""	"""NA"""	"""NA"""	"""NA"""	"""1w2w0w"""
"What is he talking about? (1-2 mins)"	"Short and fun! A 1-2 minute word game about what someone is talking about."	"experiment, psychology, game"	"$0.25"	"Tue Aug 12 16:07:58 PDT 2014"	"100"	"0"	"0"	"100"	"Reviewable"	"NotReviewed"	"1 scales"	"600"	"60000"	"Tue Aug 19 16:07:58 PDT 2014"	"S32583"	"Approved"	""	"""Christmas tree"""	"""star"""	"0"	"""right"""	"""middle"""	"-1"	"0"	"0"	"1"	"0"	"0"	"-1"	"-1"	"""TRUE"""	"""NA"""	"""NA"""	"-1"	"-1"	"-1"	"-1"	"-1"	"-1"	"""Christmas Trees"""	""""""	"0"	"""target"""	"""logical"""	"""target"""	"""NA"""	"""NA"""	"""NA"""	"true"	"false"	"true"	"""NA"""	"""NA"""	"""NA"""	"""Christmas tree"""	"""Christmas tree"""	"""Christmas tree"""	"""NA"""	"""NA"""	"""NA"""	"""star"""	"""lights"""	"""ornaments"""	"""NA"""	"""NA"""	"""NA"""	"""right"""	"""middle"""	"""left"""	"""NA"""	"""NA"""	"""NA"""	"""lights"""	"""ornaments"""	"""star"""	"""NA"""	"""NA"""	"""NA"""	"""middle"""	"""left"""	"""right"""	"""NA"""	"""NA"""	"""NA"""	"""1w2w0w"""
"What is he talking about? (1-2 mins)"	"Short and fun! A 1-2 minute word game about what someone is talking about."	"experiment, psychology, game"	"$0.25"	"Tue Aug 12 16:07:58 PDT 2014"	"100"	"0"	"0"	"100"	"Reviewable"	"NotReviewed"	"1 scales"	"600"	"60000"	"Tue Aug 19 16:07:58 PDT 2014"	"S36707"	"Approved"	""	"""friend"""	"""mustache"""	"0"	"""left"""	"""middle"""	"-1"	"0"	"0"	"1"	"0"	"0"	"-1"	"-1"	"""TRUE"""	"""NA"""	"""NA"""	"-1"	"-1"	"-1"	"-1"	"-1"	"-1"	"""decision making and interpretation"""	""""""	"0"	"""target"""	"""logical"""	"""target"""	"""NA"""	"""NA"""	"""NA"""	"true"	"false"	"true"	"""NA"""	"""NA"""	"""NA"""	"""friend"""	"""friend"""	"""friend"""	"""NA"""	"""NA"""	"""NA"""	"""mustache"""	"""glasses"""	"""hat"""	"""NA"""	"""NA"""	"""NA"""	"""left"""	"""right"""	"""middle"""	"""NA"""	"""NA"""	"""NA"""	"""hat"""	"""glasses"""	"""mustache"""	"""NA"""	"""NA"""	"""NA"""	"""middle"""	"""left"""	"""right"""	"""NA"""	"""NA"""	"""NA"""	"""0w2w1w"""
"What is he talking about? (1-2 mins)"	"Short and fun! A 1-2 minute word game about what someone is talking about."	"experiment, psychology, game"	"$0.25"	"Tue Aug 12 16:07:58 PDT 2014"	"100"	"0"	"0"	"100"	"Reviewable"	"NotReviewed"	"1 scales"	"600"	"60000"	"Tue Aug 19 16:07:58 PDT 2014"	"S49781"	"Approved"	""	"""Christmas tree"""	"""lights"""	"0"	"""right"""	"""middle"""	"-1"	"0"	"0"	"1"	"0"	"0"	"-1"	"-1"	"""TRUE"""	"""NA"""	"""NA"""	"-1"	"-1"	"-1"	"-1"	"-1"	"-1"	"""Communication and Christmas Trees"""	"""No"""	"0"	"""target"""	"""target"""	"""target"""	"""NA"""	"""NA"""	"""NA"""	"true"	"true"	"true"	"""NA"""	"""NA"""	"""NA"""	"""Christmas tree"""	"""Christmas tree"""	"""Christmas tree"""	"""NA"""	"""NA"""	"""NA"""	"""lights"""	"""ornaments"""	"""star"""	"""NA"""	"""NA"""	"""NA"""	"""right"""	"""left"""	"""middle"""	"""NA"""	"""NA"""	"""NA"""	"""star"""	"""ornaments"""	"""lights"""	"""NA"""	"""NA"""	"""NA"""	"""middle"""	"""right"""	"""left"""	"""NA"""	"""NA"""	"""NA"""	"""0w2w1w"""
"What is he talking about? (1-2 mins)"	"Short and fun! A 1-2 minute word game about what someone is talking about."	"experiment, psychology, game"	"$0.25"	"Tue Aug 12 16:07:58 PDT 2014"	"100"	"0"	"0"	"100"	"Reviewable"	"NotReviewed"	"1 scales"	"600"	"60000"	"Tue Aug 19 16:07:58 PDT 2014"	"S62697"	"Approved"	""	"""Christmas tree"""	"""star"""	"0"	"""middle"""	"""left"""	"-1"	"0"	"0"	"1"	"0"	"0"	"-1"	"-1"	"""TRUE"""	"""NA"""	"""NA"""	"-1"	"-1"	"-1"	"-1"	"-1"	"-1"	"""What was missing off the Christmas trees,"""	""""""	"0"	"""foil"""	"""foil"""	"""foil"""	"""NA"""	"""NA"""	"""NA"""	"false"	"false"	"false"	"""NA"""	"""NA"""	"""NA"""	"""Christmas tree"""	"""Christmas tree"""	"""Christmas tree"""	"""NA"""	"""NA"""	"""NA"""	"""star"""	"""lights"""	"""ornaments"""	"""NA"""	"""NA"""	"""NA"""	"""middle"""	"""left"""	"""right"""	"""NA"""	"""NA"""	"""NA"""	"""lights"""	"""ornaments"""	"""star"""	"""NA"""	"""NA"""	"""NA"""	"""left"""	"""right"""	"""middle"""	"""NA"""	"""NA"""	"""NA"""	"""1w2w0w"""
"What is he talking about? (1-2 mins)"	"Short and fun! A 1-2 minute word game about what someone is talking about."	"experiment, psychology, game"	"$0.25"	"Tue Aug 12 16:07:58 PDT 2014"	"100"	"0"	"0"	"100"	"Reviewable"	"NotReviewed"	"1 scales"	"600"	"60000"	"Tue Aug 19 16:07:58 PDT 2014"	"S90864"	"Approved"	""	"""Christmas tree"""	"""ornaments"""	"0"	"""right"""	"""left"""	"-1"	"0"	"0"	"1"	"0"	"0"	"-1"	"-1"	"""TRUE"""	"""NA"""	"""NA"""	"-1"	"-1"	"-1"	"-1"	"-1"	"-1"	"""Paying attention to detail / communicating with limited information"""	""""""	"0"	"""target"""	"""target"""	"""target"""	"""NA"""	"""NA"""	"""NA"""	"true"	"true"	"true"	"""NA"""	"""NA"""	"""NA"""	"""Christmas tree"""	"""Christmas tree"""	"""Christmas tree"""	"""NA"""	"""NA"""	"""NA"""	"""ornaments"""	"""star"""	"""lights"""	"""NA"""	"""NA"""	"""NA"""	"""right"""	"""middle"""	"""left"""	"""NA"""	"""NA"""	"""NA"""	"""lights"""	"""star"""	"""ornaments"""	"""NA"""	"""NA"""	"""NA"""	"""left"""	"""right"""	"""middle"""	"""NA"""	"""NA"""	"""NA"""	"""0w2w1w"""
"What is he talking about? (1-2 mins)"	"Short and fun! A 1-2 minute word game about what someone is talking about."	"experiment, psychology, game"	"$0.25"	"Tue Aug 12 16:07:58 PDT 2014"	"100"	"0"	"0"	"100"	"Reviewable"	"NotReviewed"	"1 scales"	"600"	"60000"	"Tue Aug 19 16:07:58 PDT 2014"	"S10523"	"Approved"	""	"""pizza"""	"""peppers"""	"0"	"""middle"""	"""left"""	"-1"	"0"	"0"	"1"	"0"	"0"	"-1"	"-1"	"""TRUE"""	"""NA"""	"""NA"""	"-1"	"-1"	"-1"	"-1"	"-1"	"-1"	"""Communicating with few words to get your point across."""	"""No."""	"0"	"""target"""	"""target"""	"""target"""	"""NA"""	"""NA"""	"""NA"""	"true"	"true"	"true"	"""NA"""	"""NA"""	"""NA"""	"""pizza"""	"""pizza"""	"""pizza"""	"""NA"""	"""NA"""	"""NA"""	"""peppers"""	"""mushrooms"""	"""olives"""	"""NA"""	"""NA"""	"""NA"""	"""middle"""	"""left"""	"""right"""	"""NA"""	"""NA"""	"""NA"""	"""mushrooms"""	"""olives"""	"""peppers"""	"""NA"""	"""NA"""	"""NA"""	"""left"""	"""right"""	"""middle"""	"""NA"""	"""NA"""	"""NA"""	"""1w2w0w"""
"What is he talking about? (1-2 mins)"	"Short and fun! A 1-2 minute word game about what someone is talking about."	"experiment, psychology, game"	"$0.25"	"Tue Aug 12 16:07:58 PDT 2014"	"100"	"0"	"0"	"100"	"Reviewable"	"NotReviewed"	"1 scales"	"600"	"60000"	"Tue Aug 19 16:07:58 PDT 2014"	"S17280"	"Approved"	""	"""boat"""	"""motor"""	"0"	"""middle"""	"""left"""	"-1"	"0"	"0"	"1"	"0"	"0"	"-1"	"-1"	"""TRUE"""	"""NA"""	"""NA"""	"-1"	"-1"	"-1"	"-1"	"-1"	"-1"	"""boats"""	""""""	"0"	"""target"""	"""foil"""	"""foil"""	"""NA"""	"""NA"""	"""NA"""	"true"	"false"	"false"	"""NA"""	"""NA"""	"""NA"""	"""boat"""	"""boat"""	"""boat"""	"""NA"""	"""NA"""	"""NA"""	"""motor"""	"""cabin"""	"""sail"""	"""NA"""	"""NA"""	"""NA"""	"""middle"""	"""right"""	"""left"""	"""NA"""	"""NA"""	"""NA"""	"""sail"""	"""cabin"""	"""motor"""	"""NA"""	"""NA"""	"""NA"""	"""left"""	"""middle"""	"""right"""	"""NA"""	"""NA"""	"""NA"""	"""0w2w1w"""
"What is he talking about? (1-2 mins)"	"Short and fun! A 1-2 minute word game about what someone is talking about."	"experiment, psychology, game"	"$0.25"	"Tue Aug 12 16:07:58 PDT 2014"	"100"	"0"	"0"	"100"	"Reviewable"	"NotReviewed"	"1 scales"	"600"	"60000"	"Tue Aug 19 16:07:58 PDT 2014"	"S31402"	"Approved"	""	"""snowman"""	"""hat"""	"0"	"""left"""	"""middle"""	"-1"	"0"	"0"	"1"	"0"	"0"	"-1"	"-1"	"""FALSE"""	"""NA"""	"""NA"""	"-1"	"-1"	"-1"	"-1"	"-1"	"-1"	"""communications"""	""""""	"0"	"""logical"""	"""logical"""	"""target"""	"""NA"""	"""NA"""	"""NA"""	"false"	"false"	"true"	"""NA"""	"""NA"""	"""NA"""	"""snowman"""	"""snowman"""	"""snowman"""	"""NA"""	"""NA"""	"""NA"""	"""hat"""	"""mittens"""	"""scarf"""	"""NA"""	"""NA"""	"""NA"""	"""left"""	"""middle"""	"""right"""	"""NA"""	"""NA"""	"""NA"""	"""mittens"""	"""scarf"""	"""hat"""	"""NA"""	"""NA"""	"""NA"""	"""middle"""	"""right"""	"""left"""	"""NA"""	"""NA"""	"""NA"""	"""1w2w0w"""
"What is he talking about? (1-2 mins)"	"Short and fun! A 1-2 minute word game about what someone is talking about."	"experiment, psychology, game"	"$0.25"	"Tue Aug 12 16:07:58 PDT 2014"	"100"	"0"	"0"	"100"	"Reviewable"	"NotReviewed"	"1 scales"	"600"	"60000"	"Tue Aug 19 16:07:58 PDT 2014"	"S57733"	"Approved"	""	"""boat"""	"""cabin"""	"0"	"""middle"""	"""left"""	"-1"	"0"	"0"	"1"	"0"	"0"	"-1"	"-1"	"""TRUE"""	"""NA"""	"""NA"""	"-1"	"-1"	"-1"	"-1"	"-1"	"-1"	"""Boats"""	"""Nope"""	"0"	"""target"""	"""logical"""	"""logical"""	"""NA"""	"""NA"""	"""NA"""	"true"	"false"	"false"	"""NA"""	"""NA"""	"""NA"""	"""boat"""	"""boat"""	"""boat"""	"""NA"""	"""NA"""	"""NA"""	"""cabin"""	"""sail"""	"""motor"""	"""NA"""	"""NA"""	"""NA"""	"""middle"""	"""left"""	"""right"""	"""NA"""	"""NA"""	"""NA"""	"""sail"""	"""motor"""	"""cabin"""	"""NA"""	"""NA"""	"""NA"""	"""left"""	"""right"""	"""middle"""	"""NA"""	"""NA"""	"""NA"""	"""1w2w0w"""
"What is he talking about? (1-2 mins)"	"Short and fun! A 1-2 minute word game about what someone is talking about."	"experiment, psychology, game"	"$0.25"	"Tue Aug 12 16:07:58 PDT 2014"	"100"	"0"	"0"	"100"	"Reviewable"	"NotReviewed"	"1 scales"	"600"	"60000"	"Tue Aug 19 16:07:58 PDT 2014"	"S88444"	"Approved"	""	"""Christmas tree"""	"""lights"""	"0"	"""right"""	"""left"""	"-1"	"0"	"0"	"1"	"0"	"0"	"-1"	"-1"	"""TRUE"""	"""NA"""	"""NA"""	"-1"	"-1"	"-1"	"-1"	"-1"	"-1"	"""No idea"""	"""No"""	"0"	"""target"""	"""logical"""	"""target"""	"""NA"""	"""NA"""	"""NA"""	"true"	"false"	"true"	"""NA"""	"""NA"""	"""NA"""	"""Christmas tree"""	"""Christmas tree"""	"""Christmas tree"""	"""NA"""	"""NA"""	"""NA"""	"""lights"""	"""star"""	"""ornaments"""	"""NA"""	"""NA"""	"""NA"""	"""right"""	"""middle"""	"""left"""	"""NA"""	"""NA"""	"""NA"""	"""ornaments"""	"""star"""	"""lights"""	"""NA"""	"""NA"""	"""NA"""	"""left"""	"""right"""	"""middle"""	"""NA"""	"""NA"""	"""NA"""	"""0w2w1w"""
"What is he talking about? (1-2 mins)"	"Short and fun! A 1-2 minute word game about what someone is talking about."	"experiment, psychology, game"	"$0.25"	"Tue Aug 12 16:07:58 PDT 2014"	"100"	"0"	"0"	"100"	"Reviewable"	"NotReviewed"	"1 scales"	"600"	"60000"	"Tue Aug 19 16:07:58 PDT 2014"	"S55925"	"Approved"	""	"""friend"""	"""mustache"""	"0"	"""left"""	"""right"""	"-1"	"0"	"0"	"1"	"0"	"0"	"-1"	"-1"	"""TRUE"""	"""NA"""	"""NA"""	"-1"	"-1"	"-1"	"-1"	"-1"	"-1"	"""The ability to discern people or objects based in one word."""	""""""	"0"	"""target"""	"""target"""	"""target"""	"""NA"""	"""NA"""	"""NA"""	"true"	"true"	"true"	"""NA"""	"""NA"""	"""NA"""	"""friend"""	"""friend"""	"""friend"""	"""NA"""	"""NA"""	"""NA"""	"""mustache"""	"""hat"""	"""glasses"""	"""NA"""	"""NA"""	"""NA"""	"""left"""	"""middle"""	"""right"""	"""NA"""	"""NA"""	"""NA"""	"""glasses"""	"""hat"""	"""mustache"""	"""NA"""	"""NA"""	"""NA"""	"""right"""	"""left"""	"""middle"""	"""NA"""	"""NA"""	"""NA"""	"""0w2w1w"""
"What is he talking about? (1-2 mins)"	"Short and fun! A 1-2 minute word game about what someone is talking about."	"experiment, psychology, game"	"$0.25"	"Tue Aug 12 16:07:58 PDT 2014"	"100"	"0"	"0"	"100"	"Reviewable"	"NotReviewed"	"1 scales"	"600"	"60000"	"Tue Aug 19 16:07:58 PDT 2014"	"S46701"	"Approved"	""	"""friend"""	"""hat"""	"0"	"""right"""	"""middle"""	"-1"	"0"	"0"	"1"	"0"	"0"	"-1"	"-1"	"""TRUE"""	"""NA"""	"""NA"""	"-1"	"-1"	"-1"	"-1"	"-1"	"-1"	"""Which friend we think Bob was visiting based on the one word description he gave."""	""""""	"0"	"""target"""	"""target"""	"""target"""	"""NA"""	"""NA"""	"""NA"""	"true"	"true"	"true"	"""NA"""	"""NA"""	"""NA"""	"""friend"""	"""friend"""	"""friend"""	"""NA"""	"""NA"""	"""NA"""	"""hat"""	"""mustache"""	"""glasses"""	"""NA"""	"""NA"""	"""NA"""	"""right"""	"""middle"""	"""left"""	"""NA"""	"""NA"""	"""NA"""	"""mustache"""	"""glasses"""	"""hat"""	"""NA"""	"""NA"""	"""NA"""	"""middle"""	"""left"""	"""right"""	"""NA"""	"""NA"""	"""NA"""	"""1w2w0w"""
"What is he talking about? (1-2 mins)"	"Short and fun! A 1-2 minute word game about what someone is talking about."	"experiment, psychology, game"	"$0.25"	"Tue Aug 12 16:07:58 PDT 2014"	"100"	"0"	"0"	"100"	"Reviewable"	"NotReviewed"	"1 scales"	"600"	"60000"	"Tue Aug 19 16:07:58 PDT 2014"	"S89209"	"Approved"	""	"""friend"""	"""hat"""	"0"	"""middle"""	"""right"""	"-1"	"0"	"0"	"1"	"0"	"0"	"-1"	"-1"	"""TRUE"""	"""NA"""	"""NA"""	"-1"	"-1"	"-1"	"-1"	"-1"	"-1"	"""Bob and his friends"""	""""""	"0"	"""target"""	"""target"""	"""target"""	"""NA"""	"""NA"""	"""NA"""	"true"	"true"	"true"	"""NA"""	"""NA"""	"""NA"""	"""friend"""	"""friend"""	"""friend"""	"""NA"""	"""NA"""	"""NA"""	"""hat"""	"""mustache"""	"""glasses"""	"""NA"""	"""NA"""	"""NA"""	"""middle"""	"""right"""	"""left"""	"""NA"""	"""NA"""	"""NA"""	"""mustache"""	"""glasses"""	"""hat"""	"""NA"""	"""NA"""	"""NA"""	"""right"""	"""left"""	"""middle"""	"""NA"""	"""NA"""	"""NA"""	"""1w2w0w"""
"What is he talking about? (1-2 mins)"	"Short and fun! A 1-2 minute word game about what someone is talking about."	"experiment, psychology, game"	"$0.25"	"Tue Aug 12 16:07:58 PDT 2014"	"100"	"0"	"0"	"100"	"Reviewable"	"NotReviewed"	"1 scales"	"600"	"60000"	"Tue Aug 19 16:07:58 PDT 2014"	"S77219"	"Approved"	""	"""Christmas tree"""	"""ornaments"""	"0"	"""right"""	"""middle"""	"-1"	"0"	"0"	"1"	"0"	"0"	"-1"	"-1"	"""TRUE"""	"""NA"""	"""NA"""	"-1"	"-1"	"-1"	"-1"	"-1"	"-1"	"""Picking which image Bob was talking about based on a single word."""	"""Thank you!"""	"0"	"""logical"""	"""logical"""	"""target"""	"""NA"""	"""NA"""	"""NA"""	"false"	"false"	"true"	"""NA"""	"""NA"""	"""NA"""	"""Christmas tree"""	"""Christmas tree"""	"""Christmas tree"""	"""NA"""	"""NA"""	"""NA"""	"""ornaments"""	"""lights"""	"""star"""	"""NA"""	"""NA"""	"""NA"""	"""right"""	"""middle"""	"""left"""	"""NA"""	"""NA"""	"""NA"""	"""lights"""	"""star"""	"""ornaments"""	"""NA"""	"""NA"""	"""NA"""	"""middle"""	"""left"""	"""right"""	"""NA"""	"""NA"""	"""NA"""	"""1w2w0w"""
"What is he talking about? (1-2 mins)"	"Short and fun! A 1-2 minute word game about what someone is talking about."	"experiment, psychology, game"	"$0.25"	"Tue Aug 12 16:07:58 PDT 2014"	"100"	"0"	"0"	"100"	"Reviewable"	"NotReviewed"	"1 scales"	"600"	"60000"	"Tue Aug 19 16:07:58 PDT 2014"	"S96289"	"Approved"	""	"""Christmas tree"""	"""lights"""	"0"	"""middle"""	"""right"""	"-1"	"0"	"0"	"1"	"0"	"0"	"-1"	"-1"	"""TRUE"""	"""NA"""	"""NA"""	"-1"	"-1"	"-1"	"-1"	"-1"	"-1"	"""Bob trimming Christmas trees. """	""""""	"0"	"""target"""	"""logical"""	"""target"""	"""NA"""	"""NA"""	"""NA"""	"true"	"false"	"true"	"""NA"""	"""NA"""	"""NA"""	"""Christmas tree"""	"""Christmas tree"""	"""Christmas tree"""	"""NA"""	"""NA"""	"""NA"""	"""lights"""	"""ornaments"""	"""star"""	"""NA"""	"""NA"""	"""NA"""	"""middle"""	"""right"""	"""left"""	"""NA"""	"""NA"""	"""NA"""	"""ornaments"""	"""star"""	"""lights"""	"""NA"""	"""NA"""	"""NA"""	"""right"""	"""left"""	"""middle"""	"""NA"""	"""NA"""	"""NA"""	"""1w2w0w"""
"What is he talking about? (1-2 mins)"	"Short and fun! A 1-2 minute word game about what someone is talking about."	"experiment, psychology, game"	"$0.25"	"Tue Aug 12 16:07:58 PDT 2014"	"100"	"0"	"0"	"100"	"Reviewable"	"NotReviewed"	"1 scales"	"600"	"60000"	"Tue Aug 19 16:07:58 PDT 2014"	"S91526"	"Approved"	""	"""pizza"""	"""olives"""	"0"	"""left"""	"""right"""	"-1"	"0"	"0"	"1"	"0"	"0"	"-1"	"-1"	"""TRUE"""	"""NA"""	"""NA"""	"-1"	"-1"	"-1"	"-1"	"-1"	"-1"	"""choices"""	""""""	"0"	"""target"""	"""target"""	"""target"""	"""NA"""	"""NA"""	"""NA"""	"true"	"true"	"true"	"""NA"""	"""NA"""	"""NA"""	"""pizza"""	"""pizza"""	"""pizza"""	"""NA"""	"""NA"""	"""NA"""	"""olives"""	"""peppers"""	"""mushrooms"""	"""NA"""	"""NA"""	"""NA"""	"""left"""	"""right"""	"""middle"""	"""NA"""	"""NA"""	"""NA"""	"""peppers"""	"""mushrooms"""	"""olives"""	"""NA"""	"""NA"""	"""NA"""	"""right"""	"""middle"""	"""left"""	"""NA"""	"""NA"""	"""NA"""	"""1w2w0w"""
"What is he talking about? (1-2 mins)"	"Short and fun! A 1-2 minute word game about what someone is talking about."	"experiment, psychology, game"	"$0.25"	"Tue Aug 12 16:07:58 PDT 2014"	"100"	"0"	"0"	"100"	"Reviewable"	"NotReviewed"	"1 scales"	"600"	"60000"	"Tue Aug 19 16:07:58 PDT 2014"	"S24810"	"Approved"	""	"""boat"""	"""cabin"""	"0"	"""middle"""	"""left"""	"-1"	"0"	"0"	"1"	"0"	"0"	"-1"	"-1"	"""TRUE"""	"""NA"""	"""NA"""	"-1"	"-1"	"-1"	"-1"	"-1"	"-1"	"""rented boats"""	""""""	"0"	"""target"""	"""target"""	"""target"""	"""NA"""	"""NA"""	"""NA"""	"true"	"true"	"true"	"""NA"""	"""NA"""	"""NA"""	"""boat"""	"""boat"""	"""boat"""	"""NA"""	"""NA"""	"""NA"""	"""cabin"""	"""motor"""	"""sail"""	"""NA"""	"""NA"""	"""NA"""	"""middle"""	"""left"""	"""right"""	"""NA"""	"""NA"""	"""NA"""	"""motor"""	"""sail"""	"""cabin"""	"""NA"""	"""NA"""	"""NA"""	"""left"""	"""right"""	"""middle"""	"""NA"""	"""NA"""	"""NA"""	"""1w2w0w"""
"What is he talking about? (1-2 mins)"	"Short and fun! A 1-2 minute word game about what someone is talking about."	"experiment, psychology, game"	"$0.25"	"Tue Aug 12 16:07:58 PDT 2014"	"100"	"0"	"0"	"100"	"Reviewable"	"NotReviewed"	"1 scales"	"600"	"60000"	"Tue Aug 19 16:07:58 PDT 2014"	"S47481"	"Approved"	""	"""boat"""	"""sail"""	"0"	"""middle"""	"""left"""	"-1"	"0"	"0"	"1"	"0"	"0"	"-1"	"-1"	"""TRUE"""	"""NA"""	"""NA"""	"-1"	"-1"	"-1"	"-1"	"-1"	"-1"	"""Bob identifying boats. """	""""""	"0"	"""target"""	"""logical"""	"""target"""	"""NA"""	"""NA"""	"""NA"""	"true"	"false"	"true"	"""NA"""	"""NA"""	"""NA"""	"""boat"""	"""boat"""	"""boat"""	"""NA"""	"""NA"""	"""NA"""	"""sail"""	"""motor"""	"""cabin"""	"""NA"""	"""NA"""	"""NA"""	"""middle"""	"""left"""	"""right"""	"""NA"""	"""NA"""	"""NA"""	"""motor"""	"""cabin"""	"""sail"""	"""NA"""	"""NA"""	"""NA"""	"""left"""	"""right"""	"""middle"""	"""NA"""	"""NA"""	"""NA"""	"""1w2w0w"""
"What is he talking about? (1-2 mins)"	"Short and fun! A 1-2 minute word game about what someone is talking about."	"experiment, psychology, game"	"$0.25"	"Tue Aug 12 16:07:58 PDT 2014"	"100"	"0"	"0"	"100"	"Reviewable"	"NotReviewed"	"1 scales"	"600"	"60000"	"Tue Aug 19 16:07:58 PDT 2014"	"S49450"	"Approved"	""	"""boat"""	"""motor"""	"0"	"""right"""	"""left"""	"-1"	"0"	"0"	"1"	"0"	"0"	"-1"	"-1"	"""TRUE"""	"""NA"""	"""NA"""	"-1"	"-1"	"-1"	"-1"	"-1"	"-1"	"""boats"""	"""no"""	"0"	"""target"""	"""target"""	"""target"""	"""NA"""	"""NA"""	"""NA"""	"true"	"true"	"true"	"""NA"""	"""NA"""	"""NA"""	"""boat"""	"""boat"""	"""boat"""	"""NA"""	"""NA"""	"""NA"""	"""motor"""	"""sail"""	"""cabin"""	"""NA"""	"""NA"""	"""NA"""	"""right"""	"""middle"""	"""left"""	"""NA"""	"""NA"""	"""NA"""	"""cabin"""	"""sail"""	"""motor"""	"""NA"""	"""NA"""	"""NA"""	"""left"""	"""right"""	"""middle"""	"""NA"""	"""NA"""	"""NA"""	"""0w2w1w"""
"What is he talking about? (1-2 mins)"	"Short and fun! A 1-2 minute word game about what someone is talking about."	"experiment, psychology, game"	"$0.25"	"Tue Aug 12 16:07:58 PDT 2014"	"100"	"0"	"0"	"100"	"Reviewable"	"NotReviewed"	"1 scales"	"600"	"60000"	"Tue Aug 19 16:07:58 PDT 2014"	"S71226"	"Approved"	""	"""sundae"""	"""cherry"""	"0"	"""left"""	"""middle"""	"-1"	"0"	"0"	"1"	"0"	"0"	"-1"	"-1"	"""TRUE"""	"""NA"""	"""NA"""	"-1"	"-1"	"-1"	"-1"	"-1"	"-1"	"""Choosing a type of sundae that is described in one word."""	""""""	"0"	"""target"""	"""target"""	"""target"""	"""NA"""	"""NA"""	"""NA"""	"true"	"true"	"true"	"""NA"""	"""NA"""	"""NA"""	"""sundae"""	"""sundae"""	"""sundae"""	"""NA"""	"""NA"""	"""NA"""	"""cherry"""	"""chocolate"""	"""whipped cream"""	"""NA"""	"""NA"""	"""NA"""	"""left"""	"""middle"""	"""right"""	"""NA"""	"""NA"""	"""NA"""	"""chocolate"""	"""whipped cream"""	"""cherry"""	"""NA"""	"""NA"""	"""NA"""	"""middle"""	"""right"""	"""left"""	"""NA"""	"""NA"""	"""NA"""	"""1w2w0w"""
"What is he talking about? (1-2 mins)"	"Short and fun! A 1-2 minute word game about what someone is talking about."	"experiment, psychology, game"	"$0.25"	"Tue Aug 12 16:07:58 PDT 2014"	"100"	"0"	"0"	"100"	"Reviewable"	"NotReviewed"	"1 scales"	"600"	"60000"	"Tue Aug 19 16:07:58 PDT 2014"	"S85997"	"Approved"	""	"""friend"""	"""mustache"""	"0"	"""left"""	"""middle"""	"-1"	"0"	"0"	"1"	"0"	"0"	"-1"	"-1"	"""TRUE"""	"""NA"""	"""NA"""	"-1"	"-1"	"-1"	"-1"	"-1"	"-1"	"""Guessing which friend Bob was talking about from the one word Bob could say."""	"""NA"""	"0"	"""target"""	"""logical"""	"""target"""	"""NA"""	"""NA"""	"""NA"""	"true"	"false"	"true"	"""NA"""	"""NA"""	"""NA"""	"""friend"""	"""friend"""	"""friend"""	"""NA"""	"""NA"""	"""NA"""	"""mustache"""	"""glasses"""	"""hat"""	"""NA"""	"""NA"""	"""NA"""	"""left"""	"""middle"""	"""right"""	"""NA"""	"""NA"""	"""NA"""	"""glasses"""	"""hat"""	"""mustache"""	"""NA"""	"""NA"""	"""NA"""	"""middle"""	"""right"""	"""left"""	"""NA"""	"""NA"""	"""NA"""	"""1w2w0w"""
"What is he talking about? (1-2 mins)"	"Short and fun! A 1-2 minute word game about what someone is talking about."	"experiment, psychology, game"	"$0.25"	"Tue Aug 12 16:07:58 PDT 2014"	"100"	"0"	"0"	"100"	"Reviewable"	"NotReviewed"	"1 scales"	"600"	"60000"	"Tue Aug 19 16:07:58 PDT 2014"	"S38867"	"Approved"	""	"""friend"""	"""hat"""	"0"	"""right"""	"""middle"""	"-1"	"0"	"0"	"1"	"0"	"0"	"-1"	"-1"	"""TRUE"""	"""NA"""	"""NA"""	"-1"	"-1"	"-1"	"-1"	"-1"	"-1"	"""Bob and the friends he visits"""	""""""	"0"	"""target"""	"""target"""	"""target"""	"""NA"""	"""NA"""	"""NA"""	"true"	"true"	"true"	"""NA"""	"""NA"""	"""NA"""	"""friend"""	"""friend"""	"""friend"""	"""NA"""	"""NA"""	"""NA"""	"""hat"""	"""glasses"""	"""mustache"""	"""NA"""	"""NA"""	"""NA"""	"""right"""	"""left"""	"""middle"""	"""NA"""	"""NA"""	"""NA"""	"""mustache"""	"""glasses"""	"""hat"""	"""NA"""	"""NA"""	"""NA"""	"""middle"""	"""right"""	"""left"""	"""NA"""	"""NA"""	"""NA"""	"""0w2w1w"""
"What is he talking about? (1-2 mins)"	"Short and fun! A 1-2 minute word game about what someone is talking about."	"experiment, psychology, game"	"$0.25"	"Tue Aug 12 16:07:58 PDT 2014"	"100"	"0"	"0"	"100"	"Reviewable"	"NotReviewed"	"1 scales"	"600"	"60000"	"Tue Aug 19 16:07:58 PDT 2014"	"S59994"	"Approved"	""	"""sundae"""	"""whipped cream"""	"0"	"""left"""	"""right"""	"-1"	"0"	"0"	"1"	"0"	"0"	"-1"	"-1"	"""TRUE"""	"""NA"""	"""NA"""	"-1"	"-1"	"-1"	"-1"	"-1"	"-1"	"""Bob and his sundae fetish."""	"""I like ice cream too."""	"0"	"""target"""	"""target"""	"""target"""	"""NA"""	"""NA"""	"""NA"""	"true"	"true"	"true"	"""NA"""	"""NA"""	"""NA"""	"""sundae"""	"""sundae"""	"""sundae"""	"""NA"""	"""NA"""	"""NA"""	"""whipped cream"""	"""chocolate"""	"""cherry"""	"""NA"""	"""NA"""	"""NA"""	"""left"""	"""middle"""	"""right"""	"""NA"""	"""NA"""	"""NA"""	"""cherry"""	"""chocolate"""	"""whipped cream"""	"""NA"""	"""NA"""	"""NA"""	"""right"""	"""left"""	"""middle"""	"""NA"""	"""NA"""	"""NA"""	"""0w2w1w"""
"What is he talking about? (1-2 mins)"	"Short and fun! A 1-2 minute word game about what someone is talking about."	"experiment, psychology, game"	"$0.25"	"Tue Aug 12 16:07:58 PDT 2014"	"100"	"0"	"0"	"100"	"Reviewable"	"NotReviewed"	"1 scales"	"600"	"60000"	"Tue Aug 19 16:07:58 PDT 2014"	"S60728"	"Approved"	""	"""snowman"""	"""mittens"""	"0"	"""middle"""	"""left"""	"-1"	"0"	"0"	"1"	"0"	"0"	"-1"	"-1"	"""TRUE"""	"""NA"""	"""NA"""	"-1"	"-1"	"-1"	"-1"	"-1"	"-1"	"""communication """	""""""	"0"	"""target"""	"""target"""	"""target"""	"""NA"""	"""NA"""	"""NA"""	"true"	"true"	"true"	"""NA"""	"""NA"""	"""NA"""	"""snowman"""	"""snowman"""	"""snowman"""	"""NA"""	"""NA"""	"""NA"""	"""mittens"""	"""scarf"""	"""hat"""	"""NA"""	"""NA"""	"""NA"""	"""middle"""	"""right"""	"""left"""	"""NA"""	"""NA"""	"""NA"""	"""hat"""	"""scarf"""	"""mittens"""	"""NA"""	"""NA"""	"""NA"""	"""left"""	"""middle"""	"""right"""	"""NA"""	"""NA"""	"""NA"""	"""0w2w1w"""
"What is he talking about? (1-2 mins)"	"Short and fun! A 1-2 minute word game about what someone is talking about."	"experiment, psychology, game"	"$0.25"	"Tue Aug 12 16:07:58 PDT 2014"	"100"	"0"	"0"	"100"	"Reviewable"	"NotReviewed"	"1 scales"	"600"	"60000"	"Tue Aug 19 16:07:58 PDT 2014"	"S62373"	"Approved"	""	"""snowman"""	"""hat"""	"0"	"""right"""	"""middle"""	"-1"	"0"	"0"	"1"	"0"	"0"	"-1"	"-1"	"""TRUE"""	"""NA"""	"""NA"""	"-1"	"-1"	"-1"	"-1"	"-1"	"-1"	"""How a subject can rationalize what someone means with a single word when given several choices."""	"""Interesting study!"""	"0"	"""target"""	"""target"""	"""target"""	"""NA"""	"""NA"""	"""NA"""	"true"	"true"	"true"	"""NA"""	"""NA"""	"""NA"""	"""snowman"""	"""snowman"""	"""snowman"""	"""NA"""	"""NA"""	"""NA"""	"""hat"""	"""mittens"""	"""scarf"""	"""NA"""	"""NA"""	"""NA"""	"""right"""	"""left"""	"""middle"""	"""NA"""	"""NA"""	"""NA"""	"""scarf"""	"""mittens"""	"""hat"""	"""NA"""	"""NA"""	"""NA"""	"""middle"""	"""right"""	"""left"""	"""NA"""	"""NA"""	"""NA"""	"""0w2w1w"""
"What is he talking about? (1-2 mins)"	"Short and fun! A 1-2 minute word game about what someone is talking about."	"experiment, psychology, game"	"$0.25"	"Tue Aug 12 16:07:58 PDT 2014"	"100"	"0"	"0"	"100"	"Reviewable"	"NotReviewed"	"1 scales"	"600"	"60000"	"Tue Aug 19 16:07:58 PDT 2014"	"S43787"	"Approved"	""	"""boat"""	"""sail"""	"0"	"""middle"""	"""left"""	"-1"	"0"	"0"	"1"	"0"	"0"	"-1"	"-1"	"""TRUE"""	"""NA"""	"""NA"""	"-1"	"-1"	"-1"	"-1"	"-1"	"-1"	"""Deciphering what Bob is trying to convey using one word"""	""""""	"0"	"""target"""	"""logical"""	"""target"""	"""NA"""	"""NA"""	"""NA"""	"true"	"false"	"true"	"""NA"""	"""NA"""	"""NA"""	"""boat"""	"""boat"""	"""boat"""	"""NA"""	"""NA"""	"""NA"""	"""sail"""	"""motor"""	"""cabin"""	"""NA"""	"""NA"""	"""NA"""	"""middle"""	"""left"""	"""right"""	"""NA"""	"""NA"""	"""NA"""	"""motor"""	"""cabin"""	"""sail"""	"""NA"""	"""NA"""	"""NA"""	"""left"""	"""right"""	"""middle"""	"""NA"""	"""NA"""	"""NA"""	"""1w2w0w"""
