"title","description","keywords","reward","creationtime","assignments","numavailable","numpending","numcomplete","hitstatus","reviewstatus","annotation","assignmentduration","autoapprovaldelay","hitlifetime","workerid","assignmentstatus","deadline","Answer.item","Answer.target_property","Answer.target_frequency","Answer.target_position","Answer.distractor_position","Answer.familiarization_cond","Answer.participant_response_type_condition","Answer.participant_feature_count_condition","Answer.linguistic_framing_condition","Answer.target_filler_sequence_condition","Answer.question_type_condition","Answer.manip_check_target","Answer.manip_check_dist","Answer.name_check_correct","Answer.choice","Answer.choice_correct","Answer.money_allocated_to_foil","Answer.money_allocated_to_target","Answer.money_allocated_to_logical","Answer.Likert_value_foil","Answer.Likert_value_target","Answer.Likert_value_logical","Answer.about","Answer.comment","Answer.familiarization_present_in_study","Answer.choice_1","Answer.choice_2","Answer.choice_3","Answer.choice_4","Answer.choice_5","Answer.choice_6","Answer.choice_correct_1","Answer.choice_correct_2","Answer.choice_correct_3","Answer.choice_correct_4","Answer.choice_correct_5","Answer.choice_correct_6","Answer.item_1","Answer.item_2","Answer.item_3","Answer.item_4","Answer.item_5","Answer.item_6","Answer.target_prop_1","Answer.target_prop_2","Answer.target_prop_3","Answer.target_prop_4","Answer.target_prop_5","Answer.target_prop_6","Answer.target_position_1","Answer.target_position_2","Answer.target_position_3","Answer.target_position_4","Answer.target_position_5","Answer.target_position_6","Answer.distractor_prop_1","Answer.distractor_prop_2","Answer.distractor_prop_3","Answer.distractor_prop_4","Answer.distractor_prop_5","Answer.distractor_prop_6","Answer.distractor_position_1","Answer.distractor_position_2","Answer.distractor_position_3","Answer.distractor_position_4","Answer.distractor_position_5","Answer.distractor_position_6","Answer.sequence_condition"
"What is he talking about? (1-2 mins)","Short and fun! A 1-2 minute word game about what someone is talking about.","experiment, psychology, game","$0.25 ","Mon Aug 04 16:21:24 PDT 2014","50","0","0","50","Reviewable","NotReviewed","1 scales","600","60000","Mon Aug 11 16:21:24 PDT 2014","S58095","Approved","","""friend""","""mustache""","0","""left""","""right""","-1","0","0","1","0","0","-1","-1","""TRUE""","""NA""","""NA""","-1","-1","-1","-1","-1","-1","""words and pictures""","""thanks""","0","""target""","""target""","""target""","""foil""","""target""","""target""","TRUE","TRUE","TRUE","FALSE","TRUE","TRUE","""friend""","""friend""","""boat""","""boat""","""snowman""","""snowman""","""mustache""","""glasses""","""sail""","""cabin""","""hat""","""mittens""","""left""","""right""","""middle""","""left""","""left""","""middle""","""glasses""","""mustache""","""cabin""","""sail""","""mittens""","""hat""","""right""","""left""","""left""","""middle""","""middle""","""left""","""(0b1b)x3"""
"What is he talking about? (1-2 mins)","Short and fun! A 1-2 minute word game about what someone is talking about.","experiment, psychology, game","$0.25 ","Mon Aug 04 16:21:24 PDT 2014","50","0","0","50","Reviewable","NotReviewed","1 scales","600","60000","Mon Aug 11 16:21:24 PDT 2014","S88647","Approved","","""snowman""","""scarf""","0","""left""","""middle""","-1","0","0","1","0","0","-1","-1","""TRUE""","""NA""","""NA""","-1","-1","-1","-1","-1","-1","""communication""","""""","0","""target""","""target""","""target""","""target""","""target""","""target""","TRUE","TRUE","TRUE","TRUE","TRUE","TRUE","""snowman""","""snowman""","""sundae""","""sundae""","""boat""","""boat""","""scarf""","""hat""","""chocolate""","""cherry""","""motor""","""cabin""","""left""","""middle""","""middle""","""left""","""middle""","""left""","""hat""","""scarf""","""cherry""","""chocolate""","""cabin""","""motor""","""middle""","""left""","""left""","""middle""","""left""","""middle""","""(0b1b)x3"""
"What is he talking about? (1-2 mins)","Short and fun! A 1-2 minute word game about what someone is talking about.","experiment, psychology, game","$0.25 ","Mon Aug 04 16:21:24 PDT 2014","50","0","0","50","Reviewable","NotReviewed","1 scales","600","60000","Mon Aug 11 16:21:24 PDT 2014","S05051","Approved","","""pizza""","""peppers""","0","""middle""","""right""","-1","0","0","1","0","0","-1","-1","""TRUE""","""NA""","""NA""","-1","-1","-1","-1","-1","-1","""no idea""","""""","0","""target""","""logical""","""target""","""logical""","""target""","""logical""","TRUE","FALSE","TRUE","FALSE","TRUE","FALSE","""pizza""","""pizza""","""Christmas tree""","""Christmas tree""","""boat""","""boat""","""peppers""","""mushrooms""","""star""","""ornaments""","""cabin""","""motor""","""middle""","""right""","""middle""","""right""","""right""","""middle""","""mushrooms""","""peppers""","""ornaments""","""star""","""motor""","""cabin""","""right""","""middle""","""right""","""middle""","""middle""","""right""","""(0b1b)x3"""
"What is he talking about? (1-2 mins)","Short and fun! A 1-2 minute word game about what someone is talking about.","experiment, psychology, game","$0.25 ","Mon Aug 04 16:21:24 PDT 2014","50","0","0","50","Reviewable","NotReviewed","1 scales","600","60000","Mon Aug 11 16:21:24 PDT 2014","S29042","Approved","","""Christmas tree""","""lights""","0","""right""","""left""","-1","0","0","1","0","0","-1","-1","""TRUE""","""NA""","""NA""","-1","-1","-1","-1","-1","-1","""What is Bob talking about""","""""","0","""target""","""target""","""target""","""target""","""target""","""logical""","TRUE","TRUE","TRUE","TRUE","TRUE","FALSE","""Christmas tree""","""Christmas tree""","""boat""","""boat""","""sundae""","""sundae""","""lights""","""star""","""motor""","""cabin""","""whipped cream""","""chocolate""","""right""","""left""","""right""","""middle""","""middle""","""right""","""star""","""lights""","""cabin""","""motor""","""chocolate""","""whipped cream""","""left""","""right""","""middle""","""right""","""right""","""middle""","""(0b1b)x3"""
"What is he talking about? (1-2 mins)","Short and fun! A 1-2 minute word game about what someone is talking about.","experiment, psychology, game","$0.25 ","Mon Aug 04 16:21:24 PDT 2014","50","0","0","50","Reviewable","NotReviewed","1 scales","600","60000","Mon Aug 11 16:21:24 PDT 2014","S47359","Approved","","""boat""","""sail""","0","""right""","""left""","-1","0","0","1","0","0","-1","-1","""TRUE""","""NA""","""NA""","-1","-1","-1","-1","-1","-1","""what bob sees""","""""","0","""target""","""target""","""target""","""target""","""target""","""target""","TRUE","TRUE","TRUE","TRUE","TRUE","TRUE","""boat""","""boat""","""friend""","""friend""","""sundae""","""sundae""","""sail""","""cabin""","""glasses""","""hat""","""whipped cream""","""chocolate""","""right""","""left""","""right""","""middle""","""right""","""left""","""cabin""","""sail""","""hat""","""glasses""","""chocolate""","""whipped cream""","""left""","""right""","""middle""","""right""","""left""","""right""","""(0b1b)x3"""
"What is he talking about? (1-2 mins)","Short and fun! A 1-2 minute word game about what someone is talking about.","experiment, psychology, game","$0.25 ","Mon Aug 04 16:21:24 PDT 2014","50","0","0","50","Reviewable","NotReviewed","1 scales","600","60000","Mon Aug 11 16:21:24 PDT 2014","S55859","Approved","","""boat""","""cabin""","0","""middle""","""right""","-1","0","0","1","0","0","-1","-1","""TRUE""","""NA""","""NA""","-1","-1","-1","-1","-1","-1","""Bob saying words and seeing which we thought he was talking about.""","""""","0","""target""","""logical""","""target""","""target""","""target""","""target""","TRUE","FALSE","TRUE","TRUE","TRUE","TRUE","""boat""","""boat""","""sundae""","""sundae""","""snowman""","""snowman""","""cabin""","""motor""","""cherry""","""whipped cream""","""hat""","""mittens""","""middle""","""right""","""right""","""left""","""left""","""middle""","""motor""","""cabin""","""whipped cream""","""cherry""","""mittens""","""hat""","""right""","""middle""","""left""","""right""","""middle""","""left""","""(0b1b)x3"""
"What is he talking about? (1-2 mins)","Short and fun! A 1-2 minute word game about what someone is talking about.","experiment, psychology, game","$0.25 ","Mon Aug 04 16:21:24 PDT 2014","50","0","0","50","Reviewable","NotReviewed","1 scales","600","60000","Mon Aug 11 16:21:24 PDT 2014","S87788","Approved","","""boat""","""cabin""","0","""middle""","""right""","-1","0","0","1","0","0","-1","-1","""TRUE""","""NA""","""NA""","-1","-1","-1","-1","-1","-1","""Images""","""""","0","""target""","""logical""","""target""","""target""","""target""","""logical""","TRUE","FALSE","TRUE","TRUE","TRUE","FALSE","""boat""","""boat""","""friend""","""friend""","""Christmas tree""","""Christmas tree""","""cabin""","""sail""","""glasses""","""mustache""","""ornaments""","""lights""","""middle""","""right""","""middle""","""right""","""right""","""left""","""sail""","""cabin""","""mustache""","""glasses""","""lights""","""ornaments""","""right""","""middle""","""right""","""middle""","""left""","""right""","""(0b1b)x3"""
"What is he talking about? (1-2 mins)","Short and fun! A 1-2 minute word game about what someone is talking about.","experiment, psychology, game","$0.25 ","Mon Aug 04 16:21:24 PDT 2014","50","0","0","50","Reviewable","NotReviewed","1 scales","600","60000","Mon Aug 11 16:21:24 PDT 2014","S16012","Approved","","""boat""","""motor""","0","""middle""","""right""","-1","0","0","1","0","0","-1","-1","""TRUE""","""NA""","""NA""","-1","-1","-1","-1","-1","-1","""Figuring out what Bob is talking about based on a single word. ""","""""","0","""target""","""target""","""target""","""target""","""target""","""target""","TRUE","TRUE","TRUE","TRUE","TRUE","TRUE","""boat""","""boat""","""friend""","""friend""","""snowman""","""snowman""","""motor""","""sail""","""mustache""","""hat""","""mittens""","""scarf""","""middle""","""right""","""left""","""right""","""right""","""middle""","""sail""","""motor""","""hat""","""mustache""","""scarf""","""mittens""","""right""","""middle""","""right""","""left""","""middle""","""right""","""(0b1b)x3"""
"What is he talking about? (1-2 mins)","Short and fun! A 1-2 minute word game about what someone is talking about.","experiment, psychology, game","$0.25 ","Mon Aug 04 16:21:24 PDT 2014","50","0","0","50","Reviewable","NotReviewed","1 scales","600","60000","Mon Aug 11 16:21:24 PDT 2014","S33396","Approved","","""pizza""","""mushrooms""","0","""middle""","""right""","-1","0","0","1","0","0","-1","-1","""TRUE""","""NA""","""NA""","-1","-1","-1","-1","-1","-1","""Determining what someone is talking about.""","""Thank you for the survey!""","0","""target""","""target""","""target""","""target""","""target""","""target""","TRUE","TRUE","TRUE","TRUE","TRUE","TRUE","""pizza""","""pizza""","""sundae""","""sundae""","""friend""","""friend""","""mushrooms""","""olives""","""whipped cream""","""chocolate""","""mustache""","""hat""","""middle""","""right""","""right""","""middle""","""left""","""right""","""olives""","""mushrooms""","""chocolate""","""whipped cream""","""hat""","""mustache""","""right""","""middle""","""middle""","""right""","""right""","""left""","""(0b1b)x3"""
"What is he talking about? (1-2 mins)","Short and fun! A 1-2 minute word game about what someone is talking about.","experiment, psychology, game","$0.25 ","Mon Aug 04 16:21:24 PDT 2014","50","0","0","50","Reviewable","NotReviewed","1 scales","600","60000","Mon Aug 11 16:21:24 PDT 2014","S78092","Approved","","""boat""","""cabin""","0","""right""","""middle""","-1","0","0","1","0","0","-1","-1","""TRUE""","""NA""","""NA""","-1","-1","-1","-1","-1","-1","""language""","""""","0","""target""","""logical""","""target""","""logical""","""target""","""logical""","TRUE","FALSE","TRUE","FALSE","TRUE","FALSE","""boat""","""boat""","""Christmas tree""","""Christmas tree""","""pizza""","""pizza""","""cabin""","""sail""","""star""","""ornaments""","""mushrooms""","""peppers""","""right""","""middle""","""middle""","""right""","""middle""","""left""","""sail""","""cabin""","""ornaments""","""star""","""peppers""","""mushrooms""","""middle""","""right""","""right""","""middle""","""left""","""middle""","""(0b1b)x3"""
"What is he talking about? (1-2 mins)","Short and fun! A 1-2 minute word game about what someone is talking about.","experiment, psychology, game","$0.25 ","Mon Aug 04 16:21:24 PDT 2014","50","0","0","50","Reviewable","NotReviewed","1 scales","600","60000","Mon Aug 11 16:21:24 PDT 2014","S16924","Approved","","""boat""","""motor""","0","""right""","""left""","-1","0","0","1","0","0","-1","-1","""TRUE""","""NA""","""NA""","-1","-1","-1","-1","-1","-1","""Bob being an ass.""","""""","0","""target""","""logical""","""target""","""logical""","""target""","""target""","TRUE","FALSE","TRUE","FALSE","TRUE","TRUE","""boat""","""boat""","""friend""","""friend""","""pizza""","""pizza""","""motor""","""cabin""","""glasses""","""mustache""","""peppers""","""olives""","""right""","""left""","""middle""","""right""","""middle""","""left""","""cabin""","""motor""","""mustache""","""glasses""","""olives""","""peppers""","""left""","""right""","""right""","""middle""","""left""","""middle""","""(0b1b)x3"""
"What is he talking about? (1-2 mins)","Short and fun! A 1-2 minute word game about what someone is talking about.","experiment, psychology, game","$0.25 ","Mon Aug 04 16:21:24 PDT 2014","50","0","0","50","Reviewable","NotReviewed","1 scales","600","60000","Mon Aug 11 16:21:24 PDT 2014","S94793","Approved","","""pizza""","""olives""","0","""right""","""middle""","-1","0","0","1","0","0","-1","-1","""TRUE""","""NA""","""NA""","-1","-1","-1","-1","-1","-1","""no idea""","""""","0","""target""","""target""","""target""","""target""","""target""","""target""","TRUE","TRUE","TRUE","TRUE","TRUE","TRUE","""pizza""","""pizza""","""Christmas tree""","""Christmas tree""","""friend""","""friend""","""olives""","""mushrooms""","""star""","""ornaments""","""hat""","""glasses""","""right""","""middle""","""right""","""left""","""left""","""middle""","""mushrooms""","""olives""","""ornaments""","""star""","""glasses""","""hat""","""middle""","""right""","""left""","""right""","""middle""","""left""","""(0b1b)x3"""
"What is he talking about? (1-2 mins)","Short and fun! A 1-2 minute word game about what someone is talking about.","experiment, psychology, game","$0.25 ","Mon Aug 04 16:21:24 PDT 2014","50","0","0","50","Reviewable","NotReviewed","1 scales","600","60000","Mon Aug 11 16:21:24 PDT 2014","S08908","Approved","","""Christmas tree""","""lights""","0","""middle""","""right""","-1","0","0","1","0","0","-1","-1","""TRUE""","""NA""","""NA""","-1","-1","-1","-1","-1","-1","""Bob""","""""","0","""target""","""target""","""target""","""target""","""target""","""target""","TRUE","TRUE","TRUE","TRUE","TRUE","TRUE","""Christmas tree""","""Christmas tree""","""snowman""","""snowman""","""friend""","""friend""","""lights""","""ornaments""","""scarf""","""mittens""","""hat""","""glasses""","""middle""","""right""","""right""","""middle""","""left""","""right""","""ornaments""","""lights""","""mittens""","""scarf""","""glasses""","""hat""","""right""","""middle""","""middle""","""right""","""right""","""left""","""(0b1b)x3"""
"What is he talking about? (1-2 mins)","Short and fun! A 1-2 minute word game about what someone is talking about.","experiment, psychology, game","$0.25 ","Mon Aug 04 16:21:24 PDT 2014","50","0","0","50","Reviewable","NotReviewed","1 scales","600","60000","Mon Aug 11 16:21:24 PDT 2014","S09885","Approved","","""Christmas tree""","""star""","0","""middle""","""right""","-1","0","0","1","0","0","-1","-1","""TRUE""","""NA""","""NA""","-1","-1","-1","-1","-1","-1","""Communication""","""""","0","""target""","""target""","""target""","""target""","""target""","""target""","TRUE","TRUE","TRUE","TRUE","TRUE","TRUE","""Christmas tree""","""Christmas tree""","""boat""","""boat""","""friend""","""friend""","""star""","""ornaments""","""motor""","""sail""","""hat""","""mustache""","""middle""","""right""","""right""","""left""","""left""","""middle""","""ornaments""","""star""","""sail""","""motor""","""mustache""","""hat""","""right""","""middle""","""left""","""right""","""middle""","""left""","""(0b1b)x3"""
"What is he talking about? (1-2 mins)","Short and fun! A 1-2 minute word game about what someone is talking about.","experiment, psychology, game","$0.25 ","Mon Aug 04 16:21:24 PDT 2014","50","0","0","50","Reviewable","NotReviewed","1 scales","600","60000","Mon Aug 11 16:21:24 PDT 2014","S53773","Approved","","""Christmas tree""","""lights""","0","""left""","""middle""","-1","0","0","1","0","0","-1","-1","""TRUE""","""NA""","""NA""","-1","-1","-1","-1","-1","-1","""Decisions""","""Thanks""","0","""foil""","""target""","""foil""","""target""","""foil""","""target""","FALSE","TRUE","FALSE","TRUE","FALSE","TRUE","""Christmas tree""","""Christmas tree""","""sundae""","""sundae""","""pizza""","""pizza""","""lights""","""star""","""whipped cream""","""cherry""","""peppers""","""olives""","""left""","""middle""","""left""","""right""","""right""","""middle""","""star""","""lights""","""cherry""","""whipped cream""","""olives""","""peppers""","""middle""","""left""","""right""","""left""","""middle""","""right""","""(0b1b)x3"""
"What is he talking about? (1-2 mins)","Short and fun! A 1-2 minute word game about what someone is talking about.","experiment, psychology, game","$0.25 ","Mon Aug 04 16:21:24 PDT 2014","50","0","0","50","Reviewable","NotReviewed","1 scales","600","60000","Mon Aug 11 16:21:24 PDT 2014","S47344","Approved","","""boat""","""sail""","0","""middle""","""left""","-1","0","0","1","0","0","-1","-1","""TRUE""","""NA""","""NA""","-1","-1","-1","-1","-1","-1","""I don't know.""","""No comments.""","0","""target""","""logical""","""target""","""logical""","""target""","""logical""","TRUE","FALSE","TRUE","FALSE","TRUE","FALSE","""boat""","""boat""","""snowman""","""snowman""","""friend""","""friend""","""sail""","""cabin""","""hat""","""scarf""","""hat""","""glasses""","""middle""","""left""","""left""","""middle""","""left""","""right""","""cabin""","""sail""","""scarf""","""hat""","""glasses""","""hat""","""left""","""middle""","""middle""","""left""","""right""","""left""","""(0b1b)x3"""
"What is he talking about? (1-2 mins)","Short and fun! A 1-2 minute word game about what someone is talking about.","experiment, psychology, game","$0.25 ","Mon Aug 04 16:21:24 PDT 2014","50","0","0","50","Reviewable","NotReviewed","1 scales","600","60000","Mon Aug 11 16:21:24 PDT 2014","S37041","Approved","","""boat""","""cabin""","0","""right""","""left""","-1","0","0","1","0","0","-1","-1","""TRUE""","""NA""","""NA""","-1","-1","-1","-1","-1","-1","""Perceptions""","""Fun!""","0","""foil""","""logical""","""target""","""logical""","""target""","""logical""","FALSE","FALSE","TRUE","FALSE","TRUE","FALSE","""boat""","""boat""","""sundae""","""sundae""","""friend""","""friend""","""cabin""","""motor""","""cherry""","""chocolate""","""glasses""","""hat""","""right""","""left""","""right""","""left""","""middle""","""left""","""motor""","""cabin""","""chocolate""","""cherry""","""hat""","""glasses""","""left""","""right""","""left""","""right""","""left""","""middle""","""(0b1b)x3"""
"What is he talking about? (1-2 mins)","Short and fun! A 1-2 minute word game about what someone is talking about.","experiment, psychology, game","$0.25 ","Mon Aug 04 16:21:24 PDT 2014","50","0","0","50","Reviewable","NotReviewed","1 scales","600","60000","Mon Aug 11 16:21:24 PDT 2014","S22443","Approved","","""friend""","""glasses""","0","""right""","""left""","-1","0","0","1","0","0","-1","-1","""TRUE""","""NA""","""NA""","-1","-1","-1","-1","-1","-1","""understanding people""","""i couldn't remember the guy's name.  i'm really bad at remember names""","0","""target""","""target""","""target""","""target""","""target""","""target""","TRUE","TRUE","TRUE","TRUE","TRUE","TRUE","""friend""","""friend""","""snowman""","""snowman""","""pizza""","""pizza""","""glasses""","""mustache""","""scarf""","""mittens""","""peppers""","""olives""","""right""","""left""","""left""","""middle""","""middle""","""left""","""mustache""","""glasses""","""mittens""","""scarf""","""olives""","""peppers""","""left""","""right""","""middle""","""left""","""left""","""middle""","""(0b1b)x3"""
"What is he talking about? (1-2 mins)","Short and fun! A 1-2 minute word game about what someone is talking about.","experiment, psychology, game","$0.25 ","Mon Aug 04 16:21:24 PDT 2014","50","0","0","50","Reviewable","NotReviewed","1 scales","600","60000","Mon Aug 11 16:21:24 PDT 2014","S16155","Approved","","""boat""","""sail""","0","""right""","""left""","-1","0","0","1","0","0","-1","-1","""TRUE""","""NA""","""NA""","-1","-1","-1","-1","-1","-1","""one word choices.""","""none""","0","""target""","""target""","""target""","""target""","""target""","""target""","TRUE","TRUE","TRUE","TRUE","TRUE","TRUE","""boat""","""boat""","""pizza""","""pizza""","""snowman""","""snowman""","""sail""","""motor""","""peppers""","""olives""","""hat""","""mittens""","""right""","""left""","""left""","""middle""","""middle""","""right""","""motor""","""sail""","""olives""","""peppers""","""mittens""","""hat""","""left""","""right""","""middle""","""left""","""right""","""middle""","""(0b1b)x3"""
"What is he talking about? (1-2 mins)","Short and fun! A 1-2 minute word game about what someone is talking about.","experiment, psychology, game","$0.25 ","Mon Aug 04 16:21:24 PDT 2014","50","0","0","50","Reviewable","NotReviewed","1 scales","600","60000","Mon Aug 11 16:21:24 PDT 2014","S32284","Approved","","""snowman""","""mittens""","0","""left""","""middle""","-1","0","0","1","0","0","-1","-1","""TRUE""","""NA""","""NA""","-1","-1","-1","-1","-1","-1","""Guessing what Bob is talking about based on one word.""","""""","0","""target""","""target""","""target""","""target""","""target""","""target""","TRUE","TRUE","TRUE","TRUE","TRUE","TRUE","""snowman""","""snowman""","""sundae""","""sundae""","""friend""","""friend""","""mittens""","""hat""","""cherry""","""whipped cream""","""mustache""","""hat""","""left""","""middle""","""left""","""middle""","""middle""","""right""","""hat""","""mittens""","""whipped cream""","""cherry""","""hat""","""mustache""","""middle""","""left""","""middle""","""left""","""right""","""middle""","""(0b1b)x3"""
"What is he talking about? (1-2 mins)","Short and fun! A 1-2 minute word game about what someone is talking about.","experiment, psychology, game","$0.25 ","Mon Aug 04 16:21:24 PDT 2014","50","0","0","50","Reviewable","NotReviewed","1 scales","600","60000","Mon Aug 11 16:21:24 PDT 2014","S01318","Approved","","""snowman""","""mittens""","0","""middle""","""left""","-1","0","0","1","0","0","-1","-1","""FALSE""","""NA""","""NA""","-1","-1","-1","-1","-1","-1","""communication""","""""","0","""target""","""target""","""target""","""target""","""target""","""target""","TRUE","TRUE","TRUE","TRUE","TRUE","TRUE","""snowman""","""snowman""","""Christmas tree""","""Christmas tree""","""sundae""","""sundae""","""mittens""","""hat""","""star""","""lights""","""chocolate""","""cherry""","""middle""","""left""","""left""","""middle""","""left""","""right""","""hat""","""mittens""","""lights""","""star""","""cherry""","""chocolate""","""left""","""middle""","""middle""","""left""","""right""","""left""","""(0b1b)x3"""
"What is he talking about? (1-2 mins)","Short and fun! A 1-2 minute word game about what someone is talking about.","experiment, psychology, game","$0.25 ","Mon Aug 04 16:21:24 PDT 2014","50","0","0","50","Reviewable","NotReviewed","1 scales","600","60000","Mon Aug 11 16:21:24 PDT 2014","S15775","Approved","","""Christmas tree""","""star""","0","""middle""","""left""","-1","0","0","1","0","0","-1","-1","""TRUE""","""NA""","""NA""","-1","-1","-1","-1","-1","-1","""Choosing a picture which I think Bob was talking about when he said a word.""","""""","0","""target""","""target""","""target""","""target""","""target""","""target""","TRUE","TRUE","TRUE","TRUE","TRUE","TRUE","""Christmas tree""","""Christmas tree""","""pizza""","""pizza""","""snowman""","""snowman""","""star""","""ornaments""","""mushrooms""","""olives""","""scarf""","""hat""","""middle""","""left""","""middle""","""left""","""middle""","""left""","""ornaments""","""star""","""olives""","""mushrooms""","""hat""","""scarf""","""left""","""middle""","""left""","""middle""","""left""","""middle""","""(0b1b)x3"""
"What is he talking about? (1-2 mins)","Short and fun! A 1-2 minute word game about what someone is talking about.","experiment, psychology, game","$0.25 ","Mon Aug 04 16:21:24 PDT 2014","50","0","0","50","Reviewable","NotReviewed","1 scales","600","60000","Mon Aug 11 16:21:24 PDT 2014","S98394","Approved","","""Christmas tree""","""star""","0","""middle""","""right""","-1","0","0","1","0","0","-1","-1","""TRUE""","""NA""","""NA""","-1","-1","-1","-1","-1","-1","""words""","""""","0","""target""","""target""","""target""","""target""","""target""","""target""","TRUE","TRUE","TRUE","TRUE","TRUE","TRUE","""Christmas tree""","""Christmas tree""","""friend""","""friend""","""boat""","""boat""","""star""","""lights""","""glasses""","""hat""","""motor""","""sail""","""middle""","""right""","""middle""","""left""","""middle""","""right""","""lights""","""star""","""hat""","""glasses""","""sail""","""motor""","""right""","""middle""","""left""","""middle""","""right""","""middle""","""(0b1b)x3"""
"What is he talking about? (1-2 mins)","Short and fun! A 1-2 minute word game about what someone is talking about.","experiment, psychology, game","$0.25 ","Mon Aug 04 16:21:24 PDT 2014","50","0","0","50","Reviewable","NotReviewed","1 scales","600","60000","Mon Aug 11 16:21:24 PDT 2014","S08864","Approved","","""snowman""","""hat""","0","""left""","""middle""","-1","0","0","1","0","0","-1","-1","""TRUE""","""NA""","""NA""","-1","-1","-1","-1","-1","-1","""Not sure""","""""","0","""target""","""target""","""target""","""target""","""target""","""target""","TRUE","TRUE","TRUE","TRUE","TRUE","TRUE","""snowman""","""snowman""","""friend""","""friend""","""sundae""","""sundae""","""hat""","""scarf""","""glasses""","""mustache""","""cherry""","""whipped cream""","""left""","""middle""","""left""","""right""","""left""","""right""","""scarf""","""hat""","""mustache""","""glasses""","""whipped cream""","""cherry""","""middle""","""left""","""right""","""left""","""right""","""left""","""(0b1b)x3"""
"What is he talking about? (1-2 mins)","Short and fun! A 1-2 minute word game about what someone is talking about.","experiment, psychology, game","$0.25 ","Mon Aug 04 16:21:24 PDT 2014","50","0","0","50","Reviewable","NotReviewed","1 scales","600","60000","Mon Aug 11 16:21:24 PDT 2014","S81889","Approved","","""friend""","""hat""","0","""left""","""right""","-1","0","0","1","0","0","-1","-1","""FALSE""","""NA""","""NA""","-1","-1","-1","-1","-1","-1","""What is he talking about""","""Great Survey""","0","""target""","""target""","""target""","""target""","""target""","""target""","TRUE","TRUE","TRUE","TRUE","TRUE","TRUE","""friend""","""friend""","""pizza""","""pizza""","""snowman""","""snowman""","""hat""","""mustache""","""peppers""","""mushrooms""","""scarf""","""hat""","""left""","""right""","""left""","""right""","""right""","""left""","""mustache""","""hat""","""mushrooms""","""peppers""","""hat""","""scarf""","""right""","""left""","""right""","""left""","""left""","""right""","""(0b1b)x3"""
"What is he talking about? (1-2 mins)","Short and fun! A 1-2 minute word game about what someone is talking about.","experiment, psychology, game","$0.25 ","Mon Aug 04 16:21:24 PDT 2014","50","0","0","50","Reviewable","NotReviewed","1 scales","600","60000","Mon Aug 11 16:21:24 PDT 2014","S12827","Approved","","""pizza""","""peppers""","0","""left""","""right""","-1","0","0","1","0","0","-1","-1","""TRUE""","""NA""","""NA""","-1","-1","-1","-1","-1","-1","""How people communicate""","""Thanks!""","0","""target""","""target""","""target""","""target""","""target""","""target""","TRUE","TRUE","TRUE","TRUE","TRUE","TRUE","""pizza""","""pizza""","""snowman""","""snowman""","""boat""","""boat""","""peppers""","""mushrooms""","""scarf""","""mittens""","""sail""","""cabin""","""left""","""right""","""middle""","""right""","""middle""","""right""","""mushrooms""","""peppers""","""mittens""","""scarf""","""cabin""","""sail""","""right""","""left""","""right""","""middle""","""right""","""middle""","""(0b1b)x3"""
"What is he talking about? (1-2 mins)","Short and fun! A 1-2 minute word game about what someone is talking about.","experiment, psychology, game","$0.25 ","Mon Aug 04 16:21:24 PDT 2014","50","0","0","50","Reviewable","NotReviewed","1 scales","600","60000","Mon Aug 11 16:21:24 PDT 2014","S70822","Approved","","""pizza""","""mushrooms""","0","""right""","""left""","-1","0","0","1","0","0","-1","-1","""TRUE""","""NA""","""NA""","-1","-1","-1","-1","-1","-1","""What the person was talking about.""","""I couldn't remember his name, so my response above may be incorrect.""","0","""target""","""target""","""target""","""target""","""target""","""target""","TRUE","TRUE","TRUE","TRUE","TRUE","TRUE","""pizza""","""pizza""","""friend""","""friend""","""Christmas tree""","""Christmas tree""","""mushrooms""","""olives""","""mustache""","""glasses""","""ornaments""","""lights""","""right""","""left""","""middle""","""right""","""left""","""right""","""olives""","""mushrooms""","""glasses""","""mustache""","""lights""","""ornaments""","""left""","""right""","""right""","""middle""","""right""","""left""","""(0b1b)x3"""
"What is he talking about? (1-2 mins)","Short and fun! A 1-2 minute word game about what someone is talking about.","experiment, psychology, game","$0.25 ","Mon Aug 04 16:21:24 PDT 2014","50","0","0","50","Reviewable","NotReviewed","1 scales","600","60000","Mon Aug 11 16:21:24 PDT 2014","S26408","Approved","","""boat""","""cabin""","0","""right""","""left""","-1","0","0","1","0","0","-1","-1","""TRUE""","""NA""","""NA""","-1","-1","-1","-1","-1","-1","""what is bob talking about using one word""","""""","0","""target""","""logical""","""target""","""logical""","""target""","""logical""","TRUE","FALSE","TRUE","FALSE","TRUE","FALSE","""boat""","""boat""","""snowman""","""snowman""","""friend""","""friend""","""cabin""","""motor""","""scarf""","""mittens""","""mustache""","""hat""","""right""","""left""","""right""","""left""","""left""","""middle""","""motor""","""cabin""","""mittens""","""scarf""","""hat""","""mustache""","""left""","""right""","""left""","""right""","""middle""","""left""","""(0b1b)x3"""
"What is he talking about? (1-2 mins)","Short and fun! A 1-2 minute word game about what someone is talking about.","experiment, psychology, game","$0.25 ","Mon Aug 04 16:21:24 PDT 2014","50","0","0","50","Reviewable","NotReviewed","1 scales","600","60000","Mon Aug 11 16:21:24 PDT 2014","S69625","Approved","","""sundae""","""chocolate""","0","""right""","""middle""","-1","0","0","1","0","0","-1","-1","""TRUE""","""NA""","""NA""","-1","-1","-1","-1","-1","-1","""What Bob likes to do.""","""""","0","""target""","""target""","""target""","""target""","""target""","""target""","TRUE","TRUE","TRUE","TRUE","TRUE","TRUE","""sundae""","""sundae""","""pizza""","""pizza""","""snowman""","""snowman""","""chocolate""","""whipped cream""","""peppers""","""mushrooms""","""scarf""","""hat""","""right""","""middle""","""middle""","""left""","""left""","""middle""","""whipped cream""","""chocolate""","""mushrooms""","""peppers""","""hat""","""scarf""","""middle""","""right""","""left""","""middle""","""middle""","""left""","""(0b1b)x3"""
"What is he talking about? (1-2 mins)","Short and fun! A 1-2 minute word game about what someone is talking about.","experiment, psychology, game","$0.25 ","Mon Aug 04 16:21:24 PDT 2014","50","0","0","50","Reviewable","NotReviewed","1 scales","600","60000","Mon Aug 11 16:21:24 PDT 2014","S20113","Approved","","""boat""","""motor""","0","""right""","""middle""","-1","0","0","1","0","0","-1","-1","""TRUE""","""NA""","""NA""","-1","-1","-1","-1","-1","-1","""not sure""","""""","0","""target""","""logical""","""target""","""logical""","""target""","""logical""","TRUE","FALSE","TRUE","FALSE","TRUE","FALSE","""boat""","""boat""","""pizza""","""pizza""","""sundae""","""sundae""","""motor""","""cabin""","""mushrooms""","""peppers""","""chocolate""","""whipped cream""","""right""","""middle""","""middle""","""left""","""right""","""left""","""cabin""","""motor""","""peppers""","""mushrooms""","""whipped cream""","""chocolate""","""middle""","""right""","""left""","""middle""","""left""","""right""","""(0b1b)x3"""
"What is he talking about? (1-2 mins)","Short and fun! A 1-2 minute word game about what someone is talking about.","experiment, psychology, game","$0.25 ","Mon Aug 04 16:21:24 PDT 2014","50","0","0","50","Reviewable","NotReviewed","1 scales","600","60000","Mon Aug 11 16:21:24 PDT 2014","S07935","Approved","","""pizza""","""olives""","0","""right""","""middle""","-1","0","0","1","0","0","-1","-1","""FALSE""","""NA""","""NA""","-1","-1","-1","-1","-1","-1","""Determining words into pictures""","""Thanks!""","0","""target""","""target""","""target""","""target""","""target""","""target""","TRUE","TRUE","TRUE","TRUE","TRUE","TRUE","""pizza""","""pizza""","""Christmas tree""","""Christmas tree""","""boat""","""boat""","""olives""","""peppers""","""lights""","""star""","""sail""","""cabin""","""right""","""middle""","""left""","""middle""","""left""","""right""","""peppers""","""olives""","""star""","""lights""","""cabin""","""sail""","""middle""","""right""","""middle""","""left""","""right""","""left""","""(0b1b)x3"""
"What is he talking about? (1-2 mins)","Short and fun! A 1-2 minute word game about what someone is talking about.","experiment, psychology, game","$0.25 ","Mon Aug 04 16:21:24 PDT 2014","50","0","0","50","Reviewable","NotReviewed","1 scales","600","60000","Mon Aug 11 16:21:24 PDT 2014","S72141","Approved","","""boat""","""cabin""","0","""left""","""middle""","-1","0","0","1","0","0","-1","-1","""TRUE""","""NA""","""NA""","-1","-1","-1","-1","-1","-1","""understanding what bob is talking about""","""""","0","""target""","""target""","""target""","""target""","""target""","""target""","TRUE","TRUE","TRUE","TRUE","TRUE","TRUE","""boat""","""boat""","""friend""","""friend""","""Christmas tree""","""Christmas tree""","""cabin""","""sail""","""mustache""","""hat""","""lights""","""ornaments""","""left""","""middle""","""left""","""middle""","""right""","""left""","""sail""","""cabin""","""hat""","""mustache""","""ornaments""","""lights""","""middle""","""left""","""middle""","""left""","""left""","""right""","""(0b1b)x3"""
"What is he talking about? (1-2 mins)","Short and fun! A 1-2 minute word game about what someone is talking about.","experiment, psychology, game","$0.25 ","Mon Aug 04 16:21:24 PDT 2014","50","0","0","50","Reviewable","NotReviewed","1 scales","600","60000","Mon Aug 11 16:21:24 PDT 2014","S54957","Approved","","""pizza""","""olives""","0","""middle""","""left""","-1","0","0","1","0","0","-1","-1","""TRUE""","""NA""","""NA""","-1","-1","-1","-1","-1","-1","""Bob communicating using one word.""","""""","0","""target""","""target""","""target""","""target""","""target""","""target""","TRUE","TRUE","TRUE","TRUE","TRUE","TRUE","""pizza""","""pizza""","""Christmas tree""","""Christmas tree""","""boat""","""boat""","""olives""","""peppers""","""star""","""lights""","""motor""","""cabin""","""middle""","""left""","""right""","""left""","""right""","""middle""","""peppers""","""olives""","""lights""","""star""","""cabin""","""motor""","""left""","""middle""","""left""","""right""","""middle""","""right""","""(0b1b)x3"""
"What is he talking about? (1-2 mins)","Short and fun! A 1-2 minute word game about what someone is talking about.","experiment, psychology, game","$0.25 ","Mon Aug 04 16:21:24 PDT 2014","50","0","0","50","Reviewable","NotReviewed","1 scales","600","60000","Mon Aug 11 16:21:24 PDT 2014","S57749","Approved","","""sundae""","""whipped cream""","0","""right""","""left""","-1","0","0","1","0","0","-1","-1","""TRUE""","""NA""","""NA""","-1","-1","-1","-1","-1","-1","""Bob and his snowmen, christmas tree, and ice cream""","""""","0","""target""","""target""","""target""","""logical""","""logical""","""logical""","TRUE","TRUE","TRUE","FALSE","FALSE","FALSE","""sundae""","""sundae""","""snowman""","""snowman""","""Christmas tree""","""Christmas tree""","""whipped cream""","""cherry""","""mittens""","""hat""","""lights""","""ornaments""","""right""","""left""","""left""","""middle""","""middle""","""left""","""cherry""","""whipped cream""","""hat""","""mittens""","""ornaments""","""lights""","""left""","""right""","""middle""","""left""","""left""","""middle""","""(0b1b)x3"""
"What is he talking about? (1-2 mins)","Short and fun! A 1-2 minute word game about what someone is talking about.","experiment, psychology, game","$0.25 ","Mon Aug 04 16:21:24 PDT 2014","50","0","0","50","Reviewable","NotReviewed","1 scales","600","60000","Mon Aug 11 16:21:24 PDT 2014","S07849","Approved","","""sundae""","""whipped cream""","0","""middle""","""left""","-1","0","0","1","0","0","-1","-1","""TRUE""","""NA""","""NA""","-1","-1","-1","-1","-1","-1","""sundae, trees and hats""","""""","0","""target""","""target""","""logical""","""target""","""target""","""target""","TRUE","TRUE","FALSE","TRUE","TRUE","TRUE","""sundae""","""sundae""","""Christmas tree""","""Christmas tree""","""friend""","""friend""","""whipped cream""","""cherry""","""ornaments""","""star""","""hat""","""glasses""","""middle""","""left""","""right""","""middle""","""right""","""middle""","""cherry""","""whipped cream""","""star""","""ornaments""","""glasses""","""hat""","""left""","""middle""","""middle""","""right""","""middle""","""right""","""(0b1b)x3"""
"What is he talking about? (1-2 mins)","Short and fun! A 1-2 minute word game about what someone is talking about.","experiment, psychology, game","$0.25 ","Mon Aug 04 16:21:24 PDT 2014","50","0","0","50","Reviewable","NotReviewed","1 scales","600","60000","Mon Aug 11 16:21:24 PDT 2014","S97842","Approved","","""Christmas tree""","""ornaments""","0","""left""","""right""","-1","0","0","1","0","0","-1","-1","""TRUE""","""NA""","""NA""","-1","-1","-1","-1","-1","-1","""Differentiating objects based on their slight differences.""","""""","0","""target""","""target""","""target""","""target""","""target""","""target""","TRUE","TRUE","TRUE","TRUE","TRUE","TRUE","""Christmas tree""","""Christmas tree""","""boat""","""boat""","""snowman""","""snowman""","""ornaments""","""star""","""cabin""","""motor""","""mittens""","""scarf""","""left""","""right""","""right""","""left""","""right""","""middle""","""star""","""ornaments""","""motor""","""cabin""","""scarf""","""mittens""","""right""","""left""","""left""","""right""","""middle""","""right""","""(0b1b)x3"""
"What is he talking about? (1-2 mins)","Short and fun! A 1-2 minute word game about what someone is talking about.","experiment, psychology, game","$0.25 ","Mon Aug 04 16:21:24 PDT 2014","50","0","0","50","Reviewable","NotReviewed","1 scales","600","60000","Mon Aug 11 16:21:24 PDT 2014","S02702","Approved","","""friend""","""hat""","0","""middle""","""right""","-1","0","0","1","0","0","-1","-1","""TRUE""","""NA""","""NA""","-1","-1","-1","-1","-1","-1","""a bunch of stuff""","""""","0","""target""","""target""","""target""","""target""","""target""","""target""","TRUE","TRUE","TRUE","TRUE","TRUE","TRUE","""friend""","""friend""","""Christmas tree""","""Christmas tree""","""pizza""","""pizza""","""hat""","""mustache""","""ornaments""","""star""","""olives""","""mushrooms""","""middle""","""right""","""right""","""middle""","""right""","""middle""","""mustache""","""hat""","""star""","""ornaments""","""mushrooms""","""olives""","""right""","""middle""","""middle""","""right""","""middle""","""right""","""(0b1b)x3"""
"What is he talking about? (1-2 mins)","Short and fun! A 1-2 minute word game about what someone is talking about.","experiment, psychology, game","$0.25 ","Mon Aug 04 16:21:24 PDT 2014","50","0","0","50","Reviewable","NotReviewed","1 scales","600","60000","Mon Aug 11 16:21:24 PDT 2014","S53412","Approved","","""friend""","""hat""","0","""left""","""middle""","-1","0","0","1","0","0","-1","-1","""TRUE""","""NA""","""NA""","-1","-1","-1","-1","-1","-1","""Identifying objects out of a group of three with only one word.""","""""","0","""target""","""target""","""target""","""target""","""target""","""target""","TRUE","TRUE","TRUE","TRUE","TRUE","TRUE","""friend""","""friend""","""Christmas tree""","""Christmas tree""","""boat""","""boat""","""hat""","""glasses""","""ornaments""","""lights""","""sail""","""cabin""","""left""","""middle""","""left""","""middle""","""right""","""middle""","""glasses""","""hat""","""lights""","""ornaments""","""cabin""","""sail""","""middle""","""left""","""middle""","""left""","""middle""","""right""","""(0b1b)x3"""
"What is he talking about? (1-2 mins)","Short and fun! A 1-2 minute word game about what someone is talking about.","experiment, psychology, game","$0.25 ","Mon Aug 04 16:21:24 PDT 2014","50","0","0","50","Reviewable","NotReviewed","1 scales","600","60000","Mon Aug 11 16:21:24 PDT 2014","S27961","Approved","","""snowman""","""hat""","0","""right""","""left""","-1","0","0","1","0","0","-1","-1","""TRUE""","""NA""","""NA""","-1","-1","-1","-1","-1","-1","""Bob can only say one word to communicate""","""""","0","""target""","""target""","""target""","""target""","""target""","""target""","TRUE","TRUE","TRUE","TRUE","TRUE","TRUE","""snowman""","""snowman""","""sundae""","""sundae""","""boat""","""boat""","""hat""","""mittens""","""whipped cream""","""chocolate""","""cabin""","""motor""","""right""","""left""","""middle""","""right""","""right""","""left""","""mittens""","""hat""","""chocolate""","""whipped cream""","""motor""","""cabin""","""left""","""right""","""right""","""middle""","""left""","""right""","""(0b1b)x3"""
"What is he talking about? (1-2 mins)","Short and fun! A 1-2 minute word game about what someone is talking about.","experiment, psychology, game","$0.25 ","Mon Aug 04 16:21:24 PDT 2014","50","0","0","50","Reviewable","NotReviewed","1 scales","600","60000","Mon Aug 11 16:21:24 PDT 2014","S63850","Approved","","""Christmas tree""","""star""","0","""left""","""middle""","-1","0","0","1","0","0","-1","-1","""TRUE""","""NA""","""NA""","-1","-1","-1","-1","-1","-1","""It was about understanding what Bob meant by communicating only one word.""","""""","0","""target""","""target""","""target""","""target""","""target""","""target""","TRUE","TRUE","TRUE","TRUE","TRUE","TRUE","""Christmas tree""","""Christmas tree""","""pizza""","""pizza""","""sundae""","""sundae""","""star""","""lights""","""olives""","""peppers""","""chocolate""","""cherry""","""left""","""middle""","""left""","""right""","""middle""","""left""","""lights""","""star""","""peppers""","""olives""","""cherry""","""chocolate""","""middle""","""left""","""right""","""left""","""left""","""middle""","""(0b1b)x3"""
"What is he talking about? (1-2 mins)","Short and fun! A 1-2 minute word game about what someone is talking about.","experiment, psychology, game","$0.25 ","Mon Aug 04 16:21:24 PDT 2014","50","0","0","50","Reviewable","NotReviewed","1 scales","600","60000","Mon Aug 11 16:21:24 PDT 2014","S78601","Approved","","""pizza""","""peppers""","0","""right""","""left""","-1","0","0","1","0","0","-1","-1","""TRUE""","""NA""","""NA""","-1","-1","-1","-1","-1","-1","""boats and friends""","""""","0","""target""","""target""","""target""","""target""","""target""","""target""","TRUE","TRUE","TRUE","TRUE","TRUE","TRUE","""pizza""","""pizza""","""friend""","""friend""","""boat""","""boat""","""peppers""","""olives""","""mustache""","""hat""","""cabin""","""sail""","""right""","""left""","""left""","""right""","""middle""","""left""","""olives""","""peppers""","""hat""","""mustache""","""sail""","""cabin""","""left""","""right""","""right""","""left""","""left""","""middle""","""(0b1b)x3"""
"What is he talking about? (1-2 mins)","Short and fun! A 1-2 minute word game about what someone is talking about.","experiment, psychology, game","$0.25 ","Mon Aug 04 16:21:24 PDT 2014","50","0","0","50","Reviewable","NotReviewed","1 scales","600","60000","Mon Aug 11 16:21:24 PDT 2014","S05117","Approved","","""snowman""","""scarf""","0","""middle""","""left""","-1","0","0","1","0","0","-1","-1","""TRUE""","""NA""","""NA""","-1","-1","-1","-1","-1","-1","""Picking a picture to match the word Bob told me""","""""","0","""target""","""target""","""target""","""target""","""target""","""target""","TRUE","TRUE","TRUE","TRUE","TRUE","TRUE","""snowman""","""snowman""","""friend""","""friend""","""boat""","""boat""","""scarf""","""mittens""","""glasses""","""mustache""","""motor""","""cabin""","""middle""","""left""","""right""","""middle""","""middle""","""left""","""mittens""","""scarf""","""mustache""","""glasses""","""cabin""","""motor""","""left""","""middle""","""middle""","""right""","""left""","""middle""","""(0b1b)x3"""
"What is he talking about? (1-2 mins)","Short and fun! A 1-2 minute word game about what someone is talking about.","experiment, psychology, game","$0.25 ","Mon Aug 04 16:21:24 PDT 2014","50","0","0","50","Reviewable","NotReviewed","1 scales","600","60000","Mon Aug 11 16:21:24 PDT 2014","S64754","Approved","","""pizza""","""mushrooms""","0","""right""","""middle""","-1","0","0","1","0","0","-1","-1","""FALSE""","""NA""","""NA""","-1","-1","-1","-1","-1","-1","""communication""","""Thanks for the fun surveys!""","0","""target""","""logical""","""target""","""logical""","""target""","""logical""","TRUE","FALSE","TRUE","FALSE","TRUE","FALSE","""pizza""","""pizza""","""snowman""","""snowman""","""friend""","""friend""","""mushrooms""","""peppers""","""mittens""","""scarf""","""mustache""","""hat""","""right""","""middle""","""left""","""right""","""right""","""middle""","""peppers""","""mushrooms""","""scarf""","""mittens""","""hat""","""mustache""","""middle""","""right""","""right""","""left""","""middle""","""right""","""(0b1b)x3"""
"What is he talking about? (1-2 mins)","Short and fun! A 1-2 minute word game about what someone is talking about.","experiment, psychology, game","$0.25 ","Mon Aug 04 16:21:24 PDT 2014","50","0","0","50","Reviewable","NotReviewed","1 scales","600","60000","Mon Aug 11 16:21:24 PDT 2014","S48636","Approved","","""snowman""","""scarf""","0","""middle""","""left""","-1","0","0","1","0","0","-1","-1","""TRUE""","""NA""","""NA""","-1","-1","-1","-1","-1","-1","""picking pictures from words""","""thank you ""","0","""target""","""target""","""target""","""target""","""target""","""target""","TRUE","TRUE","TRUE","TRUE","TRUE","TRUE","""snowman""","""snowman""","""sundae""","""sundae""","""pizza""","""pizza""","""scarf""","""mittens""","""whipped cream""","""cherry""","""mushrooms""","""olives""","""middle""","""left""","""right""","""left""","""right""","""middle""","""mittens""","""scarf""","""cherry""","""whipped cream""","""olives""","""mushrooms""","""left""","""middle""","""left""","""right""","""middle""","""right""","""(0b1b)x3"""
"What is he talking about? (1-2 mins)","Short and fun! A 1-2 minute word game about what someone is talking about.","experiment, psychology, game","$0.25 ","Mon Aug 04 16:21:24 PDT 2014","50","0","0","50","Reviewable","NotReviewed","1 scales","600","60000","Mon Aug 11 16:21:24 PDT 2014","S22965","Approved","","""pizza""","""mushrooms""","0","""middle""","""left""","-1","0","0","1","0","0","-1","-1","""TRUE""","""NA""","""NA""","-1","-1","-1","-1","-1","-1","""what is bob talking about. There was pizza, boats, and christmas trees""","""""","0","""target""","""target""","""target""","""target""","""target""","""target""","TRUE","TRUE","TRUE","TRUE","TRUE","TRUE","""pizza""","""pizza""","""boat""","""boat""","""Christmas tree""","""Christmas tree""","""mushrooms""","""peppers""","""motor""","""sail""","""ornaments""","""star""","""middle""","""left""","""right""","""middle""","""middle""","""left""","""peppers""","""mushrooms""","""sail""","""motor""","""star""","""ornaments""","""left""","""middle""","""middle""","""right""","""left""","""middle""","""(0b1b)x3"""
"What is he talking about? (1-2 mins)","Short and fun! A 1-2 minute word game about what someone is talking about.","experiment, psychology, game","$0.25 ","Mon Aug 04 16:21:24 PDT 2014","50","0","0","50","Reviewable","NotReviewed","1 scales","600","60000","Mon Aug 11 16:21:24 PDT 2014","S42297","Approved","","""boat""","""sail""","0","""right""","""middle""","-1","0","0","1","0","0","-1","-1","""TRUE""","""NA""","""NA""","-1","-1","-1","-1","-1","-1","""Word and images corresponding to what the person says.""","""Fun survey.""","0","""target""","""target""","""target""","""target""","""target""","""target""","TRUE","TRUE","TRUE","TRUE","TRUE","TRUE","""boat""","""boat""","""Christmas tree""","""Christmas tree""","""sundae""","""sundae""","""sail""","""cabin""","""star""","""lights""","""cherry""","""chocolate""","""right""","""middle""","""left""","""middle""","""left""","""middle""","""cabin""","""sail""","""lights""","""star""","""chocolate""","""cherry""","""middle""","""right""","""middle""","""left""","""middle""","""left""","""(0b1b)x3"""
"What is he talking about? (1-2 mins)","Short and fun! A 1-2 minute word game about what someone is talking about.","experiment, psychology, game","$0.25 ","Mon Aug 04 16:21:24 PDT 2014","50","0","0","50","Reviewable","NotReviewed","1 scales","600","60000","Mon Aug 11 16:21:24 PDT 2014","S63131","Approved","","""pizza""","""peppers""","0","""left""","""right""","-1","0","0","1","0","0","-1","-1","""TRUE""","""NA""","""NA""","-1","-1","-1","-1","-1","-1","""Choosing which object Bob was talking about when he only could say one word. ""","""No""","0","""target""","""target""","""target""","""target""","""target""","""target""","TRUE","TRUE","TRUE","TRUE","TRUE","TRUE","""pizza""","""pizza""","""sundae""","""sundae""","""snowman""","""snowman""","""peppers""","""olives""","""cherry""","""whipped cream""","""mittens""","""scarf""","""left""","""right""","""right""","""middle""","""left""","""right""","""olives""","""peppers""","""whipped cream""","""cherry""","""scarf""","""mittens""","""right""","""left""","""middle""","""right""","""right""","""left""","""(0b1b)x3"""
"What is he talking about? (1-2 mins)","Short and fun! A 1-2 minute word game about what someone is talking about.","experiment, psychology, game","$0.25 ","Mon Aug 04 16:21:24 PDT 2014","50","0","0","50","Reviewable","NotReviewed","1 scales","600","60000","Mon Aug 11 16:21:24 PDT 2014","S50995","Approved","","""sundae""","""chocolate""","0","""middle""","""right""","-1","0","0","1","0","0","-1","-1","""TRUE""","""NA""","""NA""","-1","-1","-1","-1","-1","-1","""wording""","""""","0","""target""","""target""","""target""","""target""","""target""","""logical""","TRUE","TRUE","TRUE","TRUE","TRUE","FALSE","""sundae""","""sundae""","""snowman""","""snowman""","""Christmas tree""","""Christmas tree""","""chocolate""","""whipped cream""","""hat""","""mittens""","""lights""","""ornaments""","""middle""","""right""","""left""","""right""","""right""","""left""","""whipped cream""","""chocolate""","""mittens""","""hat""","""ornaments""","""lights""","""right""","""middle""","""right""","""left""","""left""","""right""","""(0b1b)x3"""
"What is he talking about? (1-2 mins)","Short and fun! A 1-2 minute word game about what someone is talking about.","experiment, psychology, game","$0.25 ","Mon Aug 04 16:21:24 PDT 2014","50","0","0","50","Reviewable","NotReviewed","1 scales","600","60000","Mon Aug 11 16:21:24 PDT 2014","S95462","Approved","","""sundae""","""whipped cream""","0","""middle""","""left""","-1","0","0","1","0","0","-1","-1","""TRUE""","""NA""","""NA""","-1","-1","-1","-1","-1","-1","""I guessing matching the image to his description ""","""a little odd""","0","""target""","""logical""","""target""","""target""","""target""","""logical""","TRUE","FALSE","TRUE","TRUE","TRUE","FALSE","""sundae""","""sundae""","""Christmas tree""","""Christmas tree""","""pizza""","""pizza""","""whipped cream""","""cherry""","""ornaments""","""lights""","""olives""","""peppers""","""middle""","""left""","""middle""","""right""","""middle""","""right""","""cherry""","""whipped cream""","""lights""","""ornaments""","""peppers""","""olives""","""left""","""middle""","""right""","""middle""","""right""","""middle""","""(0b1b)x3"""
"What is he talking about? (1-2 mins)","Short and fun! A 1-2 minute word game about what someone is talking about.","experiment, psychology, game","$0.25 ","Mon Aug 04 16:21:24 PDT 2014","50","0","0","50","Reviewable","NotReviewed","1 scales","600","60000","Mon Aug 11 16:21:24 PDT 2014","S58892","Approved","","""pizza""","""peppers""","0","""right""","""middle""","-1","0","0","1","0","0","-1","-1","""TRUE""","""NA""","""NA""","-1","-1","-1","-1","-1","-1","""I don't know. It seemed rather straight forward.""","""None""","0","""target""","""target""","""target""","""target""","""target""","""target""","TRUE","TRUE","TRUE","TRUE","TRUE","TRUE","""pizza""","""pizza""","""sundae""","""sundae""","""Christmas tree""","""Christmas tree""","""peppers""","""mushrooms""","""whipped cream""","""cherry""","""star""","""lights""","""right""","""middle""","""right""","""middle""","""left""","""middle""","""mushrooms""","""peppers""","""cherry""","""whipped cream""","""lights""","""star""","""middle""","""right""","""middle""","""right""","""middle""","""left""","""(0b1b)x3"""
